row_index,split,id_student
0,development,11391
1,development,28400
2,development,31604
3,development,32885
4,development,38053
5,development,45462
6,development,45642
7,development,52130
8,development,53025
9,development,57506
10,development,58873
11,final_holdout,59185
12,development,62155
13,development,63400
14,development,65002
15,development,70464
16,development,71361
17,development,74372
18,development,75091
19,development,77367
20,development,91265
21,development,94961
22,development,98094
23,development,100893
24,development,101781
25,development,102806
26,development,102952
27,development,104476
28,development,106247
29,development,106577
30,final_holdout,110175
31,final_holdout,111717
32,development,113295
33,final_holdout,114017
34,final_holdout,114999
35,development,116541
36,development,116692
37,final_holdout,118983
38,final_holdout,123044
39,development,127582
40,development,129955
41,development,132976
42,development,134143
43,final_holdout,135335
44,development,135400
45,development,137873
46,development,141355
47,development,141377
48,final_holdout,142326
49,final_holdout,144801
50,development,145130
51,development,146188
52,final_holdout,147756
53,final_holdout,147793
54,development,148993
55,development,151358
56,development,155550
57,development,155854
58,development,155984
59,development,157568
60,development,159954
61,development,164259
62,development,167906
63,final_holdout,168936
64,development,172112
65,final_holdout,172797
66,development,174782
67,development,175392
68,development,175932
69,development,175991
70,development,180753
71,development,181316
72,development,183096
73,development,183947
74,development,184271
75,development,185439
76,final_holdout,186149
77,development,187100
78,development,188278
79,development,189879
80,development,192183
81,development,195262
82,final_holdout,200860
83,development,202635
84,development,205350
85,final_holdout,205719
86,development,227499
87,development,227517
88,final_holdout,228082
89,development,228222
90,development,229179
91,final_holdout,229361
92,development,231554
93,development,235507
94,development,236284
95,development,238007
96,development,240712
97,development,240884
98,development,241649
99,final_holdout,241729
100,development,242793
101,development,246834
102,development,248270
103,final_holdout,255548
104,development,256815
105,development,258392
106,development,258894
107,final_holdout,260355
108,development,262011
109,final_holdout,262934
110,development,268073
111,final_holdout,268733
112,final_holdout,271251
113,development,277880
114,final_holdout,279572
115,development,281022
116,development,281250
117,final_holdout,281589
118,development,282821
119,development,286488
120,development,287548
121,development,290201
122,final_holdout,290757
123,development,291334
124,development,293699
125,development,294570
126,development,294594
127,development,295741
128,development,296332
129,development,298696
130,development,300398
131,development,302302
132,final_holdout,305152
133,development,305386
134,development,306107
135,development,306466
136,final_holdout,306897
137,development,307061
138,development,307866
139,development,311917
140,development,312537
141,development,312782
142,development,318933
143,development,319047
144,development,321942
145,development,324002
146,development,324084
147,development,324282
148,development,331358
149,development,332789
150,development,333059
151,development,333323
152,development,334259
153,final_holdout,334333
154,final_holdout,335764
155,final_holdout,336207
156,final_holdout,339972
157,development,342007
158,development,342514
159,development,342972
160,development,343446
161,final_holdout,344282
162,development,345068
163,development,345357
164,development,346025
165,development,346843
166,development,350188
167,development,357668
168,final_holdout,364177
169,development,365244
170,development,365642
171,development,366483
172,development,368194
173,development,368824
174,development,368963
175,development,376439
176,development,376581
177,development,380953
178,final_holdout,383254
179,final_holdout,386924
180,development,386952
181,development,388722
182,development,388885
183,development,390890
184,development,392756
185,final_holdout,392931
186,development,393207
187,development,396872
188,development,398552
189,development,401869
190,final_holdout,402470
191,development,404804
192,development,405088
193,development,414117
194,development,415969
195,development,420087
196,development,429958
197,development,441018
198,development,441888
199,development,442442
200,development,444677
201,final_holdout,470588
202,development,489455
203,development,494424
204,development,495284
205,final_holdout,498857
206,development,508818
207,development,512460
208,development,544103
209,development,550383
210,final_holdout,564450
211,final_holdout,568601
212,development,572652
213,final_holdout,580389
214,development,581129
215,development,588775
216,development,591774
217,development,603861
218,development,606143
219,final_holdout,704156
220,development,705379
221,development,749412
222,development,760729
223,development,905042
224,development,949618
225,development,958987
226,final_holdout,968578
227,development,969076
228,development,971027
229,development,978739
230,development,1035023
231,development,1105478
232,development,1352868
233,development,1401935
234,development,1402638
235,development,1414443
236,development,1465690
237,development,1472925
238,development,1488959
239,development,1518989
240,development,1618738
241,development,1620151
242,development,1626710
243,development,1640609
244,final_holdout,1686521
245,development,1729319
246,development,1746134
247,development,1758449
248,development,1765788
249,development,1801229
250,development,1801641
251,development,1847830
252,final_holdout,1860318
253,final_holdout,1889511
254,development,1889577
255,development,1894188
256,development,1938355
257,final_holdout,1942396
258,development,1970390
259,final_holdout,1976139
260,development,2011876
261,development,2012966
262,development,2051699
263,final_holdout,2062879
264,development,2065691
265,development,2073016
266,development,2080474
267,final_holdout,2083877
268,development,2084066
269,final_holdout,2104505
270,development,2122180
271,development,2139353
272,final_holdout,2143752
273,final_holdout,2146792
274,final_holdout,2153153
275,development,2155014
276,development,2164705
277,development,2171627
278,development,2182846
279,final_holdout,2194100
280,development,2197016
281,development,2208424
282,development,2229865
283,final_holdout,2255601
284,development,2268379
285,development,2278464
286,development,2293923
287,development,2312620
288,final_holdout,2329342
289,development,2339528
290,development,2342426
291,development,2344901
292,development,2358056
293,development,2358969
294,final_holdout,2364471
295,development,2367155
296,development,2369266
297,final_holdout,2376496
298,development,2391984
299,development,2411661
300,development,2411778
301,final_holdout,2412002
302,development,2412967
303,development,2429854
304,development,2437837
305,final_holdout,2449878
306,development,2456480
307,development,2457256
308,development,2458355
309,development,2460080
310,development,2461190
311,final_holdout,2469673
312,development,2470694
313,development,2479954
314,development,2481901
315,development,2482700
316,final_holdout,2486127
317,final_holdout,2498700
318,development,2516503
319,development,2518069
320,development,2521459
321,development,2523736
322,development,2529279
323,development,2532302
324,development,2536991
325,development,2550279
326,development,2551220
327,development,2552472
328,development,2555340
329,development,2557283
330,development,2559575
331,development,2562034
332,final_holdout,2566163
333,development,2566592
334,development,2569324
335,final_holdout,2574528
336,development,2574583
337,final_holdout,2576122
338,final_holdout,2578995
339,development,2586560
340,development,2594139
341,development,2598871
342,development,2599352
343,development,2600688
344,development,2606098
345,development,2613116
346,development,2617002
347,development,2620584
348,development,2639449
349,development,2639540
350,development,2639641
351,development,2641155
352,final_holdout,2643002
353,development,2645733
354,development,2649826
355,development,2650282
356,development,2664024
357,final_holdout,2666246
358,development,2669816
359,final_holdout,2671132
360,development,2676809
361,development,2678643
362,development,2685865
363,development,2688067
364,final_holdout,2689958
365,development,2691206
366,development,2691244
367,final_holdout,2694424
368,development,2698257
369,final_holdout,6516
370,development,24734
371,development,26192
372,development,28061
373,development,31600
374,final_holdout,46844
375,development,52765
376,development,55104
377,development,58071
378,development,58316
379,final_holdout,62487
380,final_holdout,63165
381,development,65002
382,development,70011
383,development,75255
384,development,79403
385,development,85092
386,development,85144
387,development,85302
388,development,87431
389,development,94961
390,development,95755
391,development,101116
392,development,107489
393,development,108872
394,development,109155
395,development,111512
396,development,117818
397,final_holdout,119902
398,development,121349
399,development,124064
400,development,125018
401,development,129955
402,development,130034
403,final_holdout,130547
404,development,130636
405,development,131390
406,development,133816
407,development,133922
408,development,135400
409,development,135471
410,development,139033
411,development,141377
412,development,141506
413,development,146503
414,final_holdout,147756
415,development,148993
416,development,149741
417,development,149962
418,development,151587
419,development,152668
420,development,155984
421,development,158707
422,development,159954
423,final_holdout,164944
424,development,165226
425,development,167961
426,development,174024
427,development,174094
428,development,174745
429,development,175447
430,development,175772
431,development,183057
432,final_holdout,185350
433,development,188278
434,final_holdout,199636
435,final_holdout,199897
436,development,200804
437,development,205494
438,development,228021
439,final_holdout,228383
440,development,232307
441,final_holdout,235068
442,development,235507
443,development,236875
444,development,237274
445,development,243510
446,development,244246
447,development,248581
448,final_holdout,252073
449,development,254625
450,development,258587
451,final_holdout,260623
452,final_holdout,263251
453,development,263543
454,development,263952
455,development,266524
456,final_holdout,268733
457,development,273346
458,development,274947
459,development,275674
460,development,275792
461,development,277123
462,development,277880
463,development,281077
464,development,281636
465,development,285315
466,development,287040
467,development,287204
468,development,287210
469,development,288994
470,development,289449
471,development,290164
472,development,292525
473,final_holdout,292775
474,development,293824
475,development,294496
476,development,294655
477,development,295060
478,development,295075
479,development,296424
480,final_holdout,298034
481,final_holdout,298838
482,final_holdout,301967
483,development,302476
484,development,303521
485,final_holdout,303985
486,development,304465
487,development,306646
488,development,309142
489,development,310412
490,development,311235
491,development,311659
492,development,313937
493,final_holdout,315076
494,development,315744
495,development,323370
496,final_holdout,328024
497,development,329659
498,development,330594
499,development,331358
500,final_holdout,332884
501,development,334441
502,final_holdout,335247
503,final_holdout,335764
504,development,337748
505,final_holdout,338407
506,final_holdout,341876
507,development,342007
508,development,345440
509,final_holdout,345519
510,development,346118
511,development,348275
512,final_holdout,348807
513,final_holdout,350156
514,development,350939
515,development,351336
516,development,353665
517,final_holdout,354170
518,development,356170
519,development,358182
520,development,364957
521,final_holdout,369834
522,final_holdout,371710
523,development,373872
524,final_holdout,375260
525,development,375646
526,development,377546
527,final_holdout,381642
528,development,382095
529,development,383180
530,development,383600
531,development,383723
532,development,384203
533,development,384725
534,development,387533
535,development,388147
536,development,390890
537,development,391249
538,development,396599
539,development,396655
540,development,398171
541,final_holdout,398349
542,development,400147
543,development,400682
544,development,401404
545,development,402204
546,development,402727
547,development,402961
548,development,404356
549,development,406671
550,development,406682
551,development,409100
552,final_holdout,409703
553,final_holdout,410092
554,development,411971
555,development,415969
556,development,418731
557,development,421455
558,development,424577
559,development,429858
560,final_holdout,431025
561,final_holdout,439305
562,development,440319
563,development,442064
564,development,442132
565,development,446108
566,development,447481
567,final_holdout,468120
568,development,468694
569,final_holdout,470588
570,development,470982
571,development,476603
572,final_holdout,481022
573,development,483800
574,development,484897
575,development,485962
576,development,488990
577,final_holdout,500113
578,development,503889
579,development,518808
580,development,522482
581,development,527100
582,development,527801
583,development,533068
584,development,537081
585,final_holdout,544253
586,development,548120
587,development,561467
588,development,569505
589,development,570317
590,development,574505
591,development,588477
592,development,593846
593,development,593987
594,final_holdout,596288
595,final_holdout,603834
596,development,603861
597,final_holdout,623840
598,development,626240
599,development,628088
600,final_holdout,630142
601,development,637665
602,development,639053
603,development,642878
604,development,648130
605,development,676546
606,final_holdout,677186
607,development,677281
608,final_holdout,684180
609,final_holdout,687698
610,development,696073
611,development,696578
612,development,721259
613,development,852847
614,development,998493
615,development,1045203
616,development,1112555
617,development,1183831
618,development,1268696
619,development,1336190
620,development,1352868
621,development,1398979
622,development,1456619
623,final_holdout,1471214
624,development,1472925
625,development,1484804
626,development,1511033
627,development,1576513
628,development,1609002
629,development,1629771
630,development,1676594
631,development,1686551
632,development,1689639
633,development,1715896
634,development,1721270
635,development,1757766
636,development,1773377
637,development,1799111
638,development,1818673
639,development,1839386
640,development,1926668
641,development,1947156
642,development,1967783
643,development,1970390
644,development,1975209
645,development,2010232
646,final_holdout,2045084
647,development,2057803
648,development,2073016
649,development,2085209
650,development,2086400
651,development,2139353
652,development,2148681
653,development,2158048
654,development,2165164
655,development,2168833
656,development,2207874
657,development,2240349
658,development,2244332
659,final_holdout,2273119
660,development,2277857
661,final_holdout,2297896
662,development,2318055
663,development,2330254
664,development,2355470
665,development,2358969
666,development,2363863
667,final_holdout,2369415
668,development,2375975
669,development,2397661
670,development,2398313
671,development,2404408
672,development,2425993
673,development,2429854
674,development,2432796
675,development,2434159
676,development,2436812
677,development,2467267
678,development,2470694
679,development,2473538
680,development,2474849
681,development,2494700
682,development,2500258
683,development,2507842
684,final_holdout,2509639
685,development,2514368
686,development,2514898
687,development,2521865
688,development,2522927
689,development,2540168
690,development,2546445
691,development,2551797
692,final_holdout,2551932
693,development,2569324
694,development,2574990
695,final_holdout,2576122
696,development,2578676
697,development,2581477
698,development,2584873
699,final_holdout,2595841
700,development,2596621
701,development,2601889
702,final_holdout,2602338
703,development,2606802
704,development,2624961
705,development,2633226
706,development,2642616
707,development,2642935
708,development,2648611
709,development,2649800
710,development,2654628
711,final_holdout,2677624
712,development,2680312
713,development,2688166
714,development,2690062
715,development,2692514
716,final_holdout,2694788
717,development,23629
718,final_holdout,25107
719,final_holdout,27891
720,development,29144
721,development,31663
722,development,33666
723,development,34229
724,final_holdout,34353
725,development,34756
726,development,34863
727,development,35812
728,development,39655
729,development,50993
730,development,52899
731,development,58089
732,development,62631
733,final_holdout,70608
734,development,71433
735,final_holdout,74695
736,development,74734
737,development,75399
738,development,78645
739,development,79378
740,development,82535
741,development,82741
742,development,83254
743,development,84245
744,development,84664
745,development,86291
746,development,87732
747,final_holdout,91322
748,development,92274
749,development,92832
750,final_holdout,92947
751,final_holdout,92993
752,development,94616
753,development,96291
754,development,97154
755,final_holdout,98313
756,final_holdout,104054
757,development,108377
758,development,108589
759,development,109938
760,development,110881
761,development,116603
762,development,117071
763,development,120994
764,development,122524
765,development,123860
766,final_holdout,126322
767,development,126411
768,development,133155
769,final_holdout,133531
770,development,133748
771,final_holdout,141823
772,final_holdout,142324
773,final_holdout,143741
774,development,145544
775,final_holdout,147876
776,development,151697
777,development,152153
778,final_holdout,152910
779,development,152929
780,final_holdout,153212
781,development,153704
782,development,154027
783,development,154125
784,development,154540
785,development,156835
786,development,161678
787,development,165243
788,development,169515
789,development,170356
790,final_holdout,171377
791,final_holdout,173316
792,development,173335
793,development,179605
794,development,182824
795,development,183806
796,development,185240
797,development,185349
798,final_holdout,186670
799,development,186780
800,final_holdout,186988
801,development,187793
802,final_holdout,188152
803,development,192424
804,development,193822
805,development,197595
806,development,198956
807,development,199520
808,development,200905
809,development,203108
810,development,203481
811,development,203652
812,development,204746
813,final_holdout,205231
814,development,226374
815,development,226827
816,development,229240
817,final_holdout,229426
818,development,232695
819,development,235097
820,final_holdout,237304
821,final_holdout,237913
822,development,242149
823,final_holdout,245404
824,development,247267
825,development,248103
826,development,249534
827,development,251351
828,final_holdout,252340
829,development,253250
830,development,255347
831,final_holdout,255998
832,development,262294
833,development,262454
834,development,262741
835,development,263499
836,development,265958
837,development,267761
838,development,267853
839,final_holdout,269076
840,development,270399
841,development,270567
842,development,271036
843,development,272580
844,development,273731
845,development,273877
846,development,276717
847,development,277733
848,development,278447
849,final_holdout,280962
850,development,281564
851,development,284076
852,development,285633
853,final_holdout,285912
854,development,288380
855,development,288990
856,development,290550
857,development,291037
858,development,291194
859,final_holdout,294381
860,development,294961
861,final_holdout,294999
862,development,295754
863,final_holdout,297484
864,development,298322
865,final_holdout,298476
866,development,299561
867,development,305945
868,development,306886
869,development,309175
870,development,309709
871,final_holdout,309734
872,development,311042
873,development,312141
874,development,313810
875,development,315186
876,development,316841
877,development,318056
878,development,318101
879,final_holdout,319209
880,development,322745
881,development,322960
882,development,323914
883,development,324236
884,final_holdout,325511
885,development,325879
886,development,326012
887,development,329226
888,development,329321
889,final_holdout,329800
890,development,331354
891,development,331844
892,development,333129
893,development,333837
894,development,334291
895,final_holdout,334794
896,development,335421
897,development,335600
898,development,335910
899,development,336165
900,development,338056
901,final_holdout,338861
902,development,339379
903,development,339526
904,development,339946
905,final_holdout,340831
906,development,341040
907,final_holdout,341229
908,development,341509
909,final_holdout,349040
910,final_holdout,349424
911,development,350622
912,development,350795
913,final_holdout,351271
914,development,351290
915,development,351543
916,development,352161
917,development,352364
918,development,353093
919,development,353352
920,development,354058
921,final_holdout,354815
922,development,354895
923,development,355369
924,development,355998
925,final_holdout,357030
926,development,357038
927,final_holdout,357928
928,development,360188
929,development,360489
930,development,360877
931,development,361603
932,final_holdout,362760
933,development,362877
934,development,363401
935,development,363416
936,development,363660
937,final_holdout,365439
938,development,365452
939,development,365488
940,development,365707
941,development,366821
942,final_holdout,367304
943,development,367348
944,development,367609
945,development,368439
946,development,370302
947,development,370720
948,development,371679
949,development,374102
950,final_holdout,374234
951,development,376617
952,final_holdout,377759
953,development,377846
954,development,377905
955,development,378462
956,development,378543
957,development,378721
958,development,379402
959,development,380151
960,final_holdout,381640
961,development,381722
962,development,384678
963,development,384909
964,development,385034
965,final_holdout,386348
966,development,386957
967,development,387702
968,final_holdout,388205
969,development,388360
970,development,388410
971,development,388484
972,development,389369
973,development,390220
974,final_holdout,390442
975,development,390461
976,final_holdout,392213
977,development,392281
978,development,392428
979,final_holdout,392614
980,development,394956
981,development,395229
982,development,397118
983,development,398084
984,final_holdout,398965
985,development,399792
986,final_holdout,400049
987,final_holdout,400469
988,development,400474
989,final_holdout,400894
990,final_holdout,401339
991,final_holdout,401349
992,development,403093
993,final_holdout,404022
994,development,404727
995,development,405471
996,development,405746
997,development,405995
998,development,406311
999,development,406416
1000,development,406974
1001,development,408112
1002,development,409662
1003,development,410739
1004,development,411197
1005,development,412407
1006,development,412654
1007,development,413984
1008,development,414958
1009,development,415716
1010,final_holdout,415760
1011,development,416007
1012,final_holdout,416314
1013,development,416654
1014,development,417462
1015,development,418065
1016,final_holdout,418325
1017,development,420604
1018,final_holdout,421205
1019,development,422070
1020,development,422752
1021,development,423314
1022,development,423317
1023,final_holdout,423871
1024,development,425747
1025,development,425808
1026,final_holdout,425817
1027,development,425820
1028,development,426650
1029,development,426838
1030,development,427536
1031,development,427704
1032,development,427773
1033,development,429038
1034,development,429494
1035,development,430357
1036,development,431071
1037,development,432004
1038,development,432232
1039,final_holdout,432319
1040,development,432870
1041,development,433531
1042,development,433755
1043,development,433939
1044,development,434094
1045,development,434192
1046,development,434353
1047,final_holdout,434646
1048,development,435245
1049,development,435803
1050,development,437562
1051,final_holdout,437967
1052,final_holdout,438703
1053,development,439857
1054,development,440057
1055,development,440509
1056,development,441000
1057,final_holdout,441181
1058,final_holdout,441255
1059,final_holdout,442012
1060,development,442143
1061,development,442183
1062,final_holdout,442456
1063,development,443108
1064,development,443288
1065,development,443452
1066,development,444117
1067,development,444408
1068,development,444784
1069,development,444926
1070,development,445065
1071,development,445125
1072,development,445889
1073,development,446045
1074,development,446145
1075,development,446247
1076,final_holdout,446357
1077,development,446856
1078,final_holdout,447007
1079,development,447759
1080,final_holdout,447782
1081,development,447790
1082,development,465599
1083,development,465730
1084,final_holdout,466037
1085,final_holdout,466800
1086,development,466810
1087,development,466959
1088,development,466973
1089,development,467035
1090,development,467292
1091,development,467756
1092,final_holdout,468021
1093,development,468792
1094,final_holdout,468949
1095,final_holdout,469683
1096,development,470318
1097,development,470653
1098,development,471219
1099,development,471525
1100,final_holdout,472182
1101,development,472348
1102,development,472586
1103,development,473095
1104,development,473328
1105,development,475078
1106,development,475095
1107,development,475460
1108,final_holdout,475688
1109,development,475901
1110,development,476037
1111,development,476201
1112,development,476297
1113,development,476369
1114,final_holdout,476457
1115,development,476596
1116,final_holdout,476709
1117,final_holdout,476710
1118,development,476783
1119,development,476855
1120,development,476859
1121,development,477009
1122,development,477011
1123,final_holdout,477164
1124,development,477167
1125,development,477734
1126,final_holdout,477835
1127,final_holdout,478317
1128,development,478444
1129,development,478718
1130,development,478792
1131,development,478873
1132,development,479060
1133,development,479171
1134,development,479343
1135,development,479516
1136,development,479519
1137,development,480382
1138,development,480458
1139,development,480507
1140,development,480554
1141,development,480650
1142,development,480815
1143,development,481010
1144,development,481143
1145,development,481580
1146,development,481607
1147,final_holdout,482467
1148,development,482710
1149,final_holdout,482766
1150,development,482945
1151,development,483064
1152,development,483074
1153,development,483109
1154,development,483243
1155,development,483309
1156,development,483371
1157,final_holdout,483411
1158,development,483479
1159,development,483952
1160,development,484039
1161,development,484135
1162,development,484161
1163,development,484768
1164,development,484885
1165,development,484933
1166,development,485399
1167,development,485568
1168,development,485630
1169,development,485782
1170,development,486099
1171,development,486282
1172,final_holdout,486391
1173,development,486521
1174,development,486650
1175,development,486656
1176,development,487329
1177,development,487646
1178,development,488185
1179,development,488364
1180,development,488425
1181,final_holdout,488477
1182,development,488863
1183,development,489251
1184,development,490152
1185,development,490514
1186,development,492182
1187,final_holdout,492240
1188,development,492590
1189,development,492946
1190,development,493186
1191,development,493377
1192,development,493451
1193,development,493515
1194,development,493773
1195,final_holdout,493912
1196,development,493958
1197,development,494095
1198,development,494278
1199,development,494304
1200,development,494673
1201,development,494786
1202,development,494838
1203,development,494840
1204,development,494927
1205,final_holdout,495324
1206,development,495674
1207,final_holdout,495856
1208,final_holdout,495875
1209,development,495913
1210,development,496041
1211,development,496070
1212,development,496220
1213,development,496243
1214,development,496674
1215,development,497088
1216,development,497278
1217,development,497280
1218,final_holdout,497468
1219,final_holdout,497607
1220,development,497793
1221,development,498065
1222,development,498131
1223,development,498175
1224,development,498296
1225,final_holdout,498371
1226,final_holdout,498455
1227,development,498967
1228,development,499027
1229,development,499067
1230,development,499118
1231,development,499380
1232,development,499387
1233,development,499483
1234,development,499511
1235,final_holdout,499891
1236,development,499931
1237,development,500507
1238,development,500585
1239,development,500659
1240,development,500719
1241,development,500791
1242,development,500815
1243,development,500819
1244,development,500836
1245,development,500958
1246,development,501008
1247,final_holdout,501432
1248,final_holdout,501550
1249,development,501879
1250,development,501955
1251,development,502088
1252,final_holdout,502131
1253,development,502441
1254,final_holdout,502604
1255,final_holdout,502694
1256,development,502713
1257,development,502717
1258,development,502872
1259,development,503353
1260,development,503390
1261,development,503491
1262,final_holdout,503509
1263,final_holdout,503878
1264,final_holdout,504014
1265,development,504021
1266,development,504028
1267,final_holdout,504102
1268,development,504936
1269,development,505376
1270,development,505417
1271,development,505595
1272,development,505606
1273,development,505694
1274,final_holdout,505871
1275,development,505959
1276,development,505961
1277,development,506233
1278,development,506360
1279,development,506650
1280,development,506753
1281,final_holdout,507184
1282,development,507359
1283,development,507817
1284,development,508452
1285,development,508537
1286,development,508662
1287,development,508668
1288,final_holdout,509226
1289,final_holdout,509737
1290,development,509768
1291,development,509797
1292,development,509901
1293,development,509926
1294,development,510141
1295,development,510492
1296,final_holdout,510556
1297,development,510756
1298,final_holdout,510845
1299,development,511050
1300,development,511067
1301,development,511306
1302,development,511459
1303,final_holdout,511474
1304,development,511515
1305,development,511524
1306,development,511527
1307,development,511693
1308,development,512070
1309,development,512180
1310,development,512242
1311,development,512468
1312,development,512805
1313,development,512883
1314,development,512911
1315,development,512929
1316,final_holdout,512995
1317,development,513005
1318,development,513093
1319,development,513210
1320,development,513315
1321,development,513733
1322,development,513757
1323,development,513881
1324,development,514140
1325,development,514951
1326,final_holdout,514981
1327,development,514987
1328,final_holdout,515035
1329,development,515105
1330,development,515130
1331,development,515311
1332,development,515474
1333,development,515497
1334,development,515959
1335,development,516057
1336,final_holdout,516432
1337,development,516456
1338,development,516475
1339,development,516495
1340,development,516529
1341,development,516776
1342,final_holdout,516841
1343,development,517043
1344,development,517175
1345,development,517474
1346,final_holdout,517617
1347,development,517778
1348,development,517853
1349,development,517890
1350,development,518189
1351,final_holdout,518469
1352,development,518876
1353,development,518879
1354,development,518904
1355,development,518970
1356,development,519012
1357,development,519222
1358,development,519387
1359,development,519602
1360,development,519800
1361,development,520836
1362,development,521069
1363,development,521081
1364,final_holdout,521096
1365,development,521394
1366,development,521430
1367,development,521496
1368,final_holdout,521764
1369,development,521903
1370,final_holdout,522090
1371,development,522249
1372,final_holdout,522302
1373,development,522373
1374,development,522383
1375,development,522512
1376,development,523012
1377,development,523596
1378,development,523630
1379,final_holdout,523672
1380,development,523966
1381,development,524101
1382,development,524171
1383,development,524452
1384,development,524598
1385,final_holdout,525501
1386,development,525520
1387,final_holdout,525679
1388,development,525683
1389,development,525797
1390,development,525869
1391,development,525942
1392,development,526200
1393,development,526370
1394,development,526506
1395,development,527020
1396,development,527164
1397,development,527227
1398,development,527313
1399,final_holdout,527343
1400,final_holdout,527382
1401,development,527400
1402,development,527659
1403,development,527886
1404,development,527980
1405,development,528161
1406,development,528175
1407,development,528220
1408,development,528250
1409,development,528261
1410,development,528353
1411,development,528649
1412,final_holdout,528698
1413,development,528904
1414,development,528918
1415,final_holdout,529065
1416,development,529174
1417,development,529212
1418,development,529383
1419,final_holdout,529446
1420,development,529452
1421,development,529502
1422,development,530065
1423,development,530153
1424,development,530226
1425,development,530266
1426,development,530493
1427,development,530669
1428,development,530987
1429,development,531027
1430,development,531205
1431,development,531235
1432,development,531427
1433,development,531428
1434,development,531464
1435,development,531569
1436,development,531573
1437,development,531634
1438,development,531689
1439,development,532034
1440,development,532140
1441,development,532142
1442,development,532317
1443,development,532396
1444,development,532500
1445,development,532512
1446,final_holdout,532534
1447,development,532584
1448,final_holdout,532665
1449,development,532668
1450,development,532710
1451,development,532839
1452,development,532886
1453,development,532950
1454,development,533324
1455,development,533347
1456,final_holdout,533365
1457,development,533545
1458,development,533697
1459,development,533722
1460,development,533839
1461,development,533846
1462,development,533969
1463,final_holdout,533996
1464,development,534051
1465,development,534086
1466,development,534343
1467,development,534360
1468,development,534373
1469,development,534432
1470,final_holdout,534530
1471,development,534652
1472,development,534698
1473,development,534709
1474,development,534744
1475,development,534765
1476,development,534908
1477,development,534983
1478,development,534991
1479,development,535012
1480,development,535140
1481,final_holdout,535145
1482,development,535152
1483,development,535155
1484,development,535269
1485,development,535278
1486,development,535328
1487,development,535396
1488,final_holdout,535407
1489,final_holdout,535468
1490,final_holdout,535530
1491,development,535605
1492,development,535618
1493,development,535755
1494,development,535760
1495,development,535773
1496,development,535778
1497,development,535800
1498,development,535807
1499,development,535820
1500,development,536050
1501,development,536112
1502,final_holdout,536188
1503,final_holdout,536189
1504,development,536203
1505,development,536205
1506,development,536216
1507,final_holdout,536243
1508,development,536270
1509,final_holdout,536442
1510,final_holdout,536452
1511,final_holdout,536510
1512,final_holdout,536519
1513,development,536551
1514,final_holdout,536722
1515,final_holdout,536726
1516,development,536856
1517,final_holdout,536900
1518,development,537162
1519,development,537193
1520,final_holdout,537255
1521,development,537259
1522,development,537320
1523,development,537342
1524,final_holdout,537392
1525,development,537414
1526,development,537433
1527,final_holdout,537434
1528,development,537464
1529,development,537473
1530,development,537488
1531,final_holdout,537558
1532,final_holdout,537572
1533,development,537584
1534,development,537676
1535,development,537679
1536,final_holdout,537688
1537,development,537704
1538,development,537844
1539,development,537875
1540,development,537898
1541,final_holdout,537905
1542,development,538138
1543,development,538196
1544,development,538221
1545,development,538232
1546,development,538897
1547,development,538942
1548,development,538987
1549,development,539056
1550,development,539232
1551,development,539253
1552,development,539265
1553,development,539303
1554,development,539345
1555,development,539365
1556,development,539385
1557,development,539416
1558,development,539418
1559,development,539426
1560,development,539558
1561,development,539572
1562,development,539710
1563,development,539737
1564,final_holdout,539891
1565,development,539962
1566,development,540055
1567,development,540122
1568,final_holdout,540184
1569,development,540511
1570,development,540513
1571,development,540530
1572,development,540607
1573,development,540614
1574,development,540656
1575,development,540750
1576,development,540780
1577,development,540787
1578,development,540826
1579,development,540918
1580,development,541013
1581,development,541048
1582,development,541073
1583,development,541113
1584,development,541196
1585,development,541231
1586,development,541232
1587,development,541363
1588,final_holdout,541523
1589,development,541697
1590,development,541706
1591,development,541763
1592,development,541764
1593,final_holdout,541794
1594,development,541803
1595,development,541808
1596,final_holdout,541822
1597,development,541832
1598,development,541838
1599,development,541884
1600,development,541973
1601,development,542010
1602,development,542012
1603,development,542084
1604,development,542115
1605,development,542172
1606,development,542259
1607,development,542260
1608,final_holdout,542291
1609,development,542396
1610,development,542543
1611,final_holdout,542613
1612,development,542622
1613,development,542663
1614,development,542687
1615,development,542692
1616,development,542745
1617,final_holdout,542748
1618,final_holdout,542991
1619,development,543124
1620,development,543140
1621,development,543165
1622,development,543180
1623,development,543351
1624,development,543356
1625,development,543408
1626,development,543465
1627,development,543473
1628,development,543533
1629,development,543630
1630,development,543719
1631,development,543853
1632,final_holdout,543864
1633,development,543926
1634,development,543970
1635,final_holdout,544017
1636,development,544186
1637,final_holdout,544351
1638,development,544408
1639,final_holdout,544444
1640,development,544455
1641,development,544500
1642,development,544519
1643,development,544532
1644,development,544627
1645,development,544632
1646,development,544639
1647,development,544642
1648,development,544741
1649,development,544848
1650,development,544859
1651,development,544881
1652,development,544890
1653,development,544978
1654,development,544989
1655,development,545041
1656,development,545072
1657,development,545191
1658,development,545223
1659,development,545240
1660,development,545340
1661,development,545376
1662,development,545381
1663,development,545392
1664,development,545480
1665,development,545521
1666,final_holdout,545658
1667,final_holdout,545697
1668,development,545702
1669,development,545725
1670,final_holdout,545780
1671,development,545803
1672,final_holdout,546019
1673,final_holdout,546052
1674,final_holdout,546136
1675,development,546157
1676,development,546202
1677,development,546322
1678,development,546407
1679,development,546428
1680,final_holdout,546455
1681,development,546500
1682,development,546533
1683,development,546609
1684,development,546632
1685,development,546681
1686,development,546685
1687,final_holdout,546749
1688,development,546811
1689,final_holdout,546837
1690,development,546843
1691,final_holdout,546892
1692,development,546909
1693,development,546921
1694,development,546947
1695,development,546958
1696,development,547165
1697,final_holdout,547192
1698,development,547259
1699,development,547372
1700,development,547390
1701,final_holdout,547403
1702,final_holdout,547409
1703,development,547427
1704,development,547466
1705,development,547620
1706,development,547663
1707,development,547689
1708,development,547690
1709,final_holdout,547697
1710,development,547755
1711,development,547757
1712,development,547841
1713,development,547873
1714,development,547892
1715,development,547902
1716,development,547903
1717,development,548090
1718,development,548097
1719,development,548106
1720,development,548124
1721,development,548241
1722,development,548255
1723,development,548275
1724,development,548307
1725,development,548321
1726,development,548334
1727,development,548344
1728,development,548355
1729,development,548403
1730,development,548439
1731,final_holdout,548488
1732,development,548504
1733,development,548520
1734,development,548585
1735,final_holdout,548617
1736,development,548642
1737,development,548714
1738,development,548744
1739,final_holdout,548791
1740,development,548813
1741,final_holdout,548831
1742,final_holdout,548834
1743,development,548838
1744,development,548839
1745,final_holdout,548843
1746,development,548871
1747,development,548884
1748,final_holdout,548885
1749,development,548900
1750,development,548921
1751,development,548924
1752,development,548935
1753,final_holdout,548954
1754,development,548981
1755,development,548990
1756,development,549009
1757,development,549047
1758,development,549078
1759,final_holdout,549106
1760,final_holdout,549143
1761,development,549158
1762,final_holdout,549196
1763,development,549203
1764,development,549204
1765,development,549261
1766,development,549278
1767,development,549391
1768,development,549406
1769,development,549512
1770,final_holdout,549568
1771,development,549590
1772,development,549651
1773,development,549713
1774,development,549732
1775,final_holdout,549754
1776,final_holdout,549862
1777,development,549873
1778,final_holdout,549907
1779,development,550018
1780,development,550051
1781,development,550077
1782,development,550098
1783,development,550106
1784,development,550163
1785,development,550208
1786,development,550209
1787,final_holdout,550278
1788,final_holdout,550322
1789,development,550342
1790,development,550354
1791,final_holdout,550381
1792,development,550400
1793,final_holdout,550403
1794,development,550428
1795,development,550429
1796,development,550520
1797,development,550549
1798,development,550597
1799,development,550613
1800,development,550668
1801,development,550707
1802,development,550708
1803,development,550777
1804,final_holdout,550867
1805,development,550898
1806,development,550921
1807,final_holdout,550923
1808,development,550960
1809,development,550963
1810,final_holdout,551032
1811,development,551053
1812,development,551080
1813,development,551129
1814,development,551274
1815,development,551282
1816,development,551480
1817,development,551487
1818,final_holdout,551504
1819,development,551576
1820,development,551655
1821,development,551702
1822,development,551706
1823,development,551714
1824,development,551715
1825,development,551716
1826,development,551759
1827,development,551762
1828,development,551770
1829,development,551886
1830,development,551891
1831,development,551895
1832,development,551906
1833,development,551938
1834,final_holdout,551954
1835,development,551985
1836,development,552007
1837,development,552017
1838,development,552025
1839,final_holdout,552039
1840,development,552056
1841,development,552069
1842,development,552110
1843,development,552135
1844,development,552222
1845,development,552273
1846,development,552420
1847,development,552535
1848,final_holdout,552667
1849,development,552701
1850,development,552718
1851,development,552749
1852,development,552822
1853,development,552826
1854,development,552859
1855,development,552894
1856,development,552902
1857,final_holdout,552914
1858,development,552929
1859,final_holdout,552939
1860,development,552991
1861,development,553047
1862,final_holdout,553125
1863,development,553320
1864,final_holdout,553321
1865,development,553442
1866,development,553443
1867,final_holdout,553462
1868,development,553487
1869,development,553490
1870,development,553502
1871,development,553508
1872,development,553520
1873,final_holdout,553572
1874,development,553716
1875,development,553729
1876,development,553755
1877,development,553763
1878,development,553800
1879,final_holdout,553807
1880,final_holdout,553840
1881,development,554068
1882,development,554083
1883,development,554139
1884,development,554203
1885,development,554206
1886,development,554226
1887,development,554294
1888,development,554336
1889,development,554344
1890,development,554352
1891,development,554374
1892,development,554393
1893,development,554512
1894,development,554545
1895,development,554551
1896,development,554608
1897,development,554783
1898,final_holdout,554795
1899,development,554818
1900,development,554830
1901,development,554894
1902,development,554898
1903,development,554930
1904,development,554986
1905,development,554998
1906,final_holdout,555035
1907,final_holdout,555059
1908,development,555086
1909,final_holdout,555102
1910,development,555157
1911,development,555263
1912,final_holdout,555309
1913,development,555407
1914,development,555414
1915,final_holdout,555627
1916,development,555667
1917,development,555670
1918,development,555672
1919,development,555673
1920,final_holdout,555674
1921,development,555675
1922,final_holdout,555695
1923,final_holdout,555747
1924,development,555837
1925,final_holdout,555838
1926,development,555880
1927,development,555902
1928,development,555909
1929,development,555930
1930,development,555935
1931,development,555946
1932,development,556138
1933,final_holdout,556224
1934,development,556284
1935,final_holdout,556292
1936,development,556301
1937,final_holdout,556318
1938,development,556349
1939,final_holdout,556502
1940,development,556553
1941,development,556568
1942,development,556605
1943,development,556648
1944,development,556692
1945,final_holdout,556840
1946,development,556860
1947,development,556863
1948,development,556865
1949,development,556871
1950,development,556876
1951,development,556877
1952,development,556878
1953,final_holdout,556882
1954,development,556883
1955,development,556887
1956,development,556892
1957,development,556898
1958,development,556959
1959,development,556986
1960,development,556987
1961,development,556990
1962,development,556992
1963,development,556997
1964,development,556999
1965,final_holdout,557006
1966,development,557024
1967,development,557032
1968,development,557057
1969,development,557060
1970,development,557145
1971,development,557220
1972,final_holdout,557285
1973,development,557308
1974,development,557325
1975,development,557351
1976,final_holdout,557451
1977,final_holdout,557528
1978,final_holdout,557594
1979,development,557622
1980,development,557709
1981,development,557758
1982,development,557775
1983,development,557803
1984,development,557827
1985,development,557865
1986,development,557935
1987,final_holdout,557968
1988,development,557979
1989,development,558024
1990,development,558040
1991,development,558042
1992,development,558066
1993,development,558068
1994,development,558075
1995,development,558092
1996,development,558099
1997,development,558113
1998,development,558114
1999,development,558163
2000,development,558168
2001,development,558247
2002,final_holdout,558250
2003,development,558324
2004,development,558373
2005,development,558435
2006,development,558602
2007,development,558622
2008,final_holdout,558654
2009,final_holdout,558662
2010,final_holdout,558689
2011,development,558701
2012,development,558703
2013,development,558747
2014,development,558769
2015,development,558809
2016,development,558820
2017,development,558903
2018,development,558955
2019,development,558965
2020,development,559011
2021,development,559031
2022,development,559173
2023,development,559180
2024,development,559253
2025,final_holdout,559350
2026,development,559389
2027,development,559425
2028,development,559452
2029,development,559458
2030,final_holdout,559475
2031,final_holdout,559495
2032,development,559595
2033,development,559603
2034,development,559606
2035,development,559608
2036,development,559610
2037,development,559611
2038,development,559651
2039,development,559697
2040,final_holdout,559744
2041,development,559808
2042,development,559989
2043,final_holdout,560005
2044,development,560012
2045,development,560075
2046,final_holdout,560117
2047,development,560160
2048,development,560170
2049,development,560208
2050,development,560319
2051,development,560335
2052,development,560455
2053,development,560468
2054,development,560891
2055,development,560968
2056,development,560970
2057,final_holdout,561138
2058,development,561161
2059,development,561164
2060,development,561166
2061,final_holdout,561167
2062,development,561343
2063,development,561366
2064,development,561437
2065,development,561444
2066,final_holdout,561445
2067,development,561448
2068,development,561452
2069,development,561455
2070,development,561458
2071,development,561459
2072,development,561461
2073,development,561711
2074,development,561713
2075,final_holdout,561715
2076,development,561716
2077,development,561718
2078,development,562146
2079,final_holdout,562465
2080,development,562483
2081,development,562489
2082,development,562494
2083,development,562495
2084,development,563157
2085,development,563330
2086,development,563363
2087,development,563874
2088,development,563877
2089,development,563878
2090,development,563879
2091,development,565870
2092,development,1008675
2093,development,1098728
2094,development,1413989
2095,final_holdout,1436591
2096,development,1480800
2097,development,1493476
2098,development,1521540
2099,development,1536591
2100,development,1574398
2101,development,1659662
2102,development,1678401
2103,development,1721462
2104,development,1728437
2105,development,1730702
2106,final_holdout,1747892
2107,development,1753965
2108,development,1770733
2109,development,1771053
2110,development,1776925
2111,development,1789199
2112,development,1797614
2113,development,1847146
2114,development,1858523
2115,development,1903527
2116,development,1904710
2117,development,1912438
2118,final_holdout,1923618
2119,development,1930254
2120,final_holdout,1930367
2121,final_holdout,1937864
2122,development,1971393
2123,final_holdout,1993672
2124,final_holdout,1997796
2125,development,2019837
2126,development,2023366
2127,development,2034350
2128,development,2035022
2129,development,2076177
2130,final_holdout,2092834
2131,development,2097916
2132,development,2132811
2133,development,2173572
2134,development,2205383
2135,development,2210318
2136,development,2216178
2137,development,2231614
2138,development,2236738
2139,development,2243551
2140,development,2244724
2141,development,2249372
2142,development,2254619
2143,development,2269480
2144,development,2273828
2145,development,2279538
2146,development,2280038
2147,final_holdout,2288607
2148,development,2290090
2149,development,2291598
2150,development,2293443
2151,development,2296749
2152,development,2300911
2153,development,2301111
2154,development,2302925
2155,final_holdout,2303034
2156,development,2303848
2157,development,2308528
2158,development,2322046
2159,development,2322342
2160,final_holdout,2327072
2161,development,2336550
2162,development,2340190
2163,development,2366070
2164,development,2375144
2165,development,2376628
2166,development,2377567
2167,development,2380539
2168,development,2384819
2169,final_holdout,2395222
2170,development,2418877
2171,development,2422639
2172,final_holdout,2423078
2173,development,2425333
2174,development,2425726
2175,development,2439201
2176,development,2442685
2177,development,2444088
2178,development,2444703
2179,final_holdout,2445088
2180,development,2445949
2181,development,2446144
2182,development,2458984
2183,development,2464963
2184,development,2466123
2185,final_holdout,2470672
2186,development,2474493
2187,development,2475780
2188,development,2476649
2189,development,2481224
2190,development,2481765
2191,final_holdout,2483179
2192,development,2483568
2193,final_holdout,2487541
2194,development,2498182
2195,development,2498299
2196,final_holdout,2512392
2197,development,2517864
2198,development,2518653
2199,development,2521745
2200,development,2522093
2201,final_holdout,2524127
2202,development,2528966
2203,development,2531031
2204,development,2535788
2205,development,2540362
2206,development,2541120
2207,development,2553749
2208,final_holdout,2560219
2209,development,2568958
2210,development,2569163
2211,final_holdout,2570633
2212,development,2571447
2213,development,2572118
2214,development,2575914
2215,development,2578567
2216,final_holdout,2579459
2217,development,2580439
2218,development,2581528
2219,development,2587260
2220,final_holdout,2591421
2221,development,2598220
2222,development,2602809
2223,development,2608235
2224,final_holdout,2608453
2225,final_holdout,2612483
2226,development,2616787
2227,development,2617596
2228,development,2617999
2229,development,2620178
2230,development,2622465
2231,development,2626410
2232,development,2635505
2233,final_holdout,2635829
2234,development,2639611
2235,development,2641393
2236,development,2642029
2237,development,2645061
2238,development,2649947
2239,development,2654302
2240,development,2654411
2241,final_holdout,2664301
2242,development,2680770
2243,development,2685831
2244,development,2692384
2245,development,23798
2246,development,27759
2247,development,30091
2248,development,31014
2249,development,31849
2250,development,37622
2251,development,38234
2252,development,47855
2253,final_holdout,48040
2254,final_holdout,48503
2255,development,51301
2256,final_holdout,52797
2257,development,52899
2258,development,55026
2259,development,56340
2260,development,56789
2261,final_holdout,57079
2262,development,63044
2263,development,68556
2264,final_holdout,73489
2265,development,74585
2266,development,78255
2267,development,80717
2268,final_holdout,84812
2269,development,86291
2270,development,90243
2271,development,96475
2272,final_holdout,97567
2273,development,98268
2274,development,98720
2275,development,100282
2276,development,105527
2277,development,105851
2278,final_holdout,105883
2279,development,106588
2280,final_holdout,108118
2281,final_holdout,108760
2282,development,109372
2283,development,109782
2284,final_holdout,111942
2285,development,119898
2286,final_holdout,123716
2287,development,124909
2288,final_holdout,128386
2289,development,128889
2290,development,131051
2291,development,132626
2292,development,134563
2293,development,138289
2294,development,138920
2295,development,139549
2296,development,141949
2297,development,146165
2298,development,146600
2299,final_holdout,151800
2300,development,151917
2301,development,153704
2302,development,154011
2303,development,154570
2304,development,156311
2305,development,156788
2306,development,157060
2307,development,157795
2308,development,161491
2309,development,162646
2310,final_holdout,169213
2311,final_holdout,174222
2312,final_holdout,174440
2313,development,174487
2314,development,178738
2315,development,178963
2316,final_holdout,179254
2317,final_holdout,182661
2318,development,188026
2319,development,189095
2320,development,191269
2321,development,193215
2322,development,195096
2323,development,195938
2324,development,197240
2325,development,197412
2326,development,197759
2327,final_holdout,198339
2328,final_holdout,199029
2329,development,199663
2330,development,202879
2331,development,203640
2332,development,205788
2333,final_holdout,227416
2334,development,230081
2335,development,231959
2336,development,233317
2337,development,233752
2338,development,233957
2339,development,234929
2340,development,240993
2341,final_holdout,241338
2342,development,242149
2343,development,242893
2344,development,243851
2345,final_holdout,243909
2346,development,243992
2347,development,245987
2348,development,247902
2349,final_holdout,248653
2350,development,248716
2351,development,248800
2352,development,251815
2353,development,252257
2354,development,252652
2355,final_holdout,253577
2356,final_holdout,256998
2357,development,258035
2358,development,260179
2359,development,261332
2360,development,261466
2361,development,262639
2362,development,264152
2363,final_holdout,264744
2364,development,265170
2365,final_holdout,266331
2366,development,266564
2367,final_holdout,266744
2368,development,268589
2369,development,269082
2370,development,269204
2371,final_holdout,270646
2372,development,272172
2373,development,272617
2374,development,274247
2375,development,274971
2376,development,276925
2377,development,277537
2378,final_holdout,277812
2379,development,278272
2380,development,278794
2381,development,280140
2382,development,280151
2383,development,282038
2384,development,282785
2385,development,284906
2386,final_holdout,285050
2387,development,286402
2388,development,286690
2389,development,287107
2390,development,287309
2391,development,287679
2392,development,289753
2393,development,289965
2394,development,290089
2395,development,291544
2396,final_holdout,292537
2397,development,293712
2398,final_holdout,293754
2399,development,293760
2400,development,301583
2401,development,301987
2402,development,303331
2403,development,303617
2404,development,304069
2405,final_holdout,305173
2406,development,305812
2407,development,305935
2408,final_holdout,306964
2409,development,307193
2410,development,307230
2411,final_holdout,308359
2412,final_holdout,308509
2413,development,308703
2414,development,308852
2415,development,310125
2416,development,310933
2417,development,314850
2418,development,315105
2419,development,316076
2420,development,318848
2421,development,319618
2422,development,320051
2423,final_holdout,320757
2424,final_holdout,323090
2425,development,323606
2426,development,324236
2427,development,324319
2428,development,324614
2429,final_holdout,325887
2430,development,329030
2431,development,329192
2432,development,333117
2433,development,333651
2434,final_holdout,335136
2435,development,335481
2436,development,336478
2437,development,336646
2438,development,337151
2439,development,338741
2440,development,339494
2441,development,339608
2442,development,340911
2443,development,340965
2444,development,342685
2445,development,344568
2446,development,345083
2447,development,345128
2448,development,349554
2449,final_holdout,349675
2450,development,352112
2451,development,352339
2452,development,352688
2453,final_holdout,354779
2454,development,355591
2455,development,358289
2456,development,360876
2457,development,364073
2458,final_holdout,364666
2459,final_holdout,364871
2460,development,365060
2461,development,365169
2462,development,365631
2463,final_holdout,366524
2464,development,367433
2465,development,368077
2466,development,369986
2467,final_holdout,370307
2468,development,370859
2469,development,371530
2470,development,371888
2471,development,372172
2472,development,372658
2473,development,373174
2474,development,373269
2475,final_holdout,373807
2476,development,373848
2477,development,374038
2478,development,375960
2479,development,378721
2480,development,379210
2481,development,379983
2482,final_holdout,380205
2483,development,380240
2484,development,381541
2485,development,381669
2486,final_holdout,382575
2487,development,382920
2488,development,382979
2489,development,383303
2490,development,383571
2491,final_holdout,385040
2492,development,385820
2493,development,386889
2494,final_holdout,387700
2495,development,388052
2496,development,388432
2497,development,388549
2498,development,388975
2499,development,389101
2500,final_holdout,389471
2501,development,390958
2502,development,392060
2503,development,392281
2504,final_holdout,393327
2505,development,395073
2506,development,395715
2507,development,396114
2508,development,397590
2509,development,398067
2510,development,398315
2511,development,398525
2512,development,398891
2513,final_holdout,398956
2514,development,402993
2515,development,404269
2516,development,404671
2517,final_holdout,404708
2518,development,405945
2519,final_holdout,408106
2520,development,408975
2521,development,409160
2522,development,409698
2523,development,409930
2524,final_holdout,409945
2525,development,410052
2526,final_holdout,410281
2527,development,410357
2528,development,410537
2529,development,410842
2530,development,411126
2531,development,411226
2532,final_holdout,411642
2533,development,413248
2534,development,414028
2535,development,414350
2536,development,414495
2537,final_holdout,415216
2538,development,415546
2539,development,415698
2540,development,417657
2541,final_holdout,417785
2542,development,419375
2543,development,420163
2544,development,420724
2545,final_holdout,421018
2546,development,422223
2547,final_holdout,422479
2548,development,423399
2549,development,424539
2550,final_holdout,424637
2551,final_holdout,425817
2552,development,426458
2553,development,427683
2554,development,427921
2555,development,428323
2556,development,428653
2557,development,429610
2558,development,430392
2559,development,430708
2560,development,431071
2561,development,432144
2562,development,432237
2563,final_holdout,433280
2564,development,433864
2565,development,434397
2566,development,434585
2567,development,438068
2568,development,438551
2569,development,439182
2570,development,439294
2571,development,440225
2572,development,440563
2573,development,440593
2574,development,440765
2575,development,442910
2576,development,443108
2577,development,443923
2578,development,444225
2579,final_holdout,444821
2580,development,444960
2581,development,445351
2582,final_holdout,445760
2583,development,446345
2584,final_holdout,446873
2585,development,447086
2586,development,447516
2587,development,464525
2588,development,465730
2589,development,466202
2590,development,466477
2591,final_holdout,466800
2592,development,466854
2593,development,467179
2594,development,467606
2595,development,468187
2596,development,468482
2597,development,469878
2598,development,470869
2599,final_holdout,471196
2600,development,471434
2601,development,471711
2602,development,472262
2603,final_holdout,472327
2604,final_holdout,474071
2605,development,475215
2606,final_holdout,475241
2607,development,475594
2608,development,476278
2609,development,476816
2610,final_holdout,477319
2611,development,477825
2612,development,478069
2613,development,478718
2614,development,478967
2615,development,479020
2616,development,479170
2617,development,479305
2618,development,479853
2619,development,480667
2620,development,480888
2621,development,481448
2622,development,482356
2623,development,482680
2624,development,482810
2625,development,483646
2626,development,483703
2627,development,483744
2628,development,483876
2629,development,484135
2630,final_holdout,484301
2631,development,484412
2632,development,485006
2633,development,485439
2634,development,485534
2635,development,485762
2636,development,485772
2637,development,486004
2638,development,486457
2639,development,487214
2640,development,487371
2641,final_holdout,487681
2642,development,488176
2643,development,488195
2644,development,488427
2645,development,489320
2646,development,489889
2647,development,490500
2648,development,490677
2649,development,490894
2650,development,491097
2651,development,491279
2652,development,491907
2653,development,491966
2654,development,492153
2655,development,492286
2656,development,492478
2657,development,492726
2658,final_holdout,493453
2659,development,493465
2660,final_holdout,493999
2661,development,494214
2662,development,494471
2663,development,494789
2664,development,494896
2665,final_holdout,494960
2666,development,495035
2667,final_holdout,495449
2668,final_holdout,495509
2669,development,495625
2670,final_holdout,495875
2671,final_holdout,495879
2672,development,495913
2673,development,496091
2674,development,496334
2675,development,496442
2676,development,496764
2677,development,497130
2678,development,497632
2679,development,498543
2680,development,498635
2681,development,498755
2682,development,498841
2683,development,498892
2684,development,499624
2685,development,499822
2686,final_holdout,500016
2687,development,500135
2688,development,500279
2689,development,500552
2690,final_holdout,500668
2691,final_holdout,501053
2692,development,501208
2693,final_holdout,501637
2694,development,501862
2695,development,501945
2696,final_holdout,502391
2697,development,503322
2698,final_holdout,503516
2699,final_holdout,503804
2700,final_holdout,503878
2701,final_holdout,504013
2702,development,504022
2703,development,504466
2704,final_holdout,504635
2705,development,505413
2706,development,505595
2707,development,506185
2708,development,506248
2709,final_holdout,506804
2710,final_holdout,506980
2711,development,507016
2712,development,507279
2713,development,507387
2714,development,507389
2715,development,507676
2716,development,508028
2717,development,508047
2718,development,508079
2719,development,508414
2720,development,508422
2721,final_holdout,508517
2722,final_holdout,508759
2723,development,509036
2724,development,509236
2725,final_holdout,509258
2726,development,509390
2727,development,509607
2728,development,509845
2729,development,509913
2730,development,510149
2731,final_holdout,510438
2732,development,510776
2733,development,510868
2734,final_holdout,511678
2735,development,512417
2736,final_holdout,512581
2737,development,512775
2738,development,512839
2739,development,512883
2740,final_holdout,512940
2741,development,512977
2742,development,513076
2743,final_holdout,513836
2744,development,514043
2745,development,514074
2746,development,514302
2747,development,514445
2748,development,514776
2749,development,514864
2750,development,515203
2751,development,515417
2752,development,515646
2753,development,515676
2754,development,516364
2755,development,516926
2756,development,517000
2757,final_holdout,517016
2758,development,517231
2759,development,517352
2760,development,517553
2761,development,518126
2762,development,518223
2763,development,518258
2764,development,518496
2765,development,519294
2766,development,519584
2767,development,519622
2768,development,520002
2769,development,520006
2770,final_holdout,520024
2771,development,520100
2772,development,520286
2773,development,520325
2774,development,521341
2775,development,521509
2776,development,521590
2777,final_holdout,521666
2778,development,521895
2779,development,521957
2780,development,522426
2781,development,522434
2782,development,522441
2783,development,522443
2784,development,522446
2785,development,522529
2786,development,522622
2787,final_holdout,522650
2788,development,522714
2789,development,522792
2790,final_holdout,522889
2791,development,522891
2792,development,522894
2793,development,522899
2794,final_holdout,523331
2795,final_holdout,523398
2796,development,523466
2797,development,523545
2798,final_holdout,523655
2799,development,523757
2800,development,523857
2801,final_holdout,523875
2802,development,523928
2803,final_holdout,524076
2804,final_holdout,524496
2805,development,524790
2806,development,525877
2807,final_holdout,525885
2808,development,525974
2809,final_holdout,526088
2810,development,526177
2811,development,526810
2812,development,527393
2813,final_holdout,527580
2814,development,527636
2815,final_holdout,527689
2816,final_holdout,527799
2817,development,528056
2818,development,528464
2819,final_holdout,529000
2820,development,529597
2821,final_holdout,529795
2822,development,530021
2823,development,530112
2824,development,530487
2825,development,530514
2826,development,530753
2827,development,530841
2828,final_holdout,531384
2829,development,531643
2830,development,532114
2831,development,532335
2832,development,532477
2833,development,532615
2834,development,532739
2835,final_holdout,532750
2836,development,532839
2837,development,532868
2838,development,532869
2839,final_holdout,533091
2840,development,533164
2841,final_holdout,533301
2842,development,534133
2843,development,534323
2844,development,534816
2845,final_holdout,534946
2846,development,534998
2847,development,535269
2848,development,535379
2849,development,535833
2850,development,536318
2851,development,536632
2852,final_holdout,536649
2853,development,536660
2854,development,536663
2855,final_holdout,536664
2856,development,536666
2857,development,536852
2858,final_holdout,536992
2859,development,537271
2860,development,538210
2861,development,539426
2862,development,539670
2863,development,540005
2864,development,540249
2865,development,540293
2866,development,540521
2867,development,540602
2868,development,540682
2869,final_holdout,541171
2870,development,541274
2871,development,541586
2872,development,541702
2873,development,542296
2874,development,542472
2875,development,542574
2876,development,542707
2877,development,543021
2878,development,543279
2879,development,543418
2880,development,543428
2881,development,544122
2882,development,544627
2883,final_holdout,545200
2884,development,545247
2885,final_holdout,545297
2886,development,545298
2887,development,545443
2888,development,545462
2889,development,546195
2890,development,546196
2891,final_holdout,546941
2892,development,547311
2893,development,547718
2894,final_holdout,547979
2895,development,548197
2896,final_holdout,548899
2897,development,549129
2898,development,549226
2899,final_holdout,549445
2900,development,549586
2901,development,549745
2902,development,549873
2903,development,549918
2904,final_holdout,550412
2905,development,550559
2906,final_holdout,550880
2907,development,550941
2908,development,551031
2909,final_holdout,551136
2910,development,551205
2911,final_holdout,551219
2912,development,551234
2913,development,551347
2914,development,551515
2915,final_holdout,551802
2916,development,551836
2917,final_holdout,552116
2918,development,552177
2919,development,552205
2920,development,552339
2921,final_holdout,552399
2922,development,552515
2923,development,552622
2924,final_holdout,552883
2925,development,553078
2926,development,553825
2927,final_holdout,553856
2928,development,553893
2929,development,554243
2930,development,554297
2931,development,554314
2932,development,554540
2933,development,555061
2934,development,555346
2935,final_holdout,555614
2936,development,555721
2937,development,556062
2938,development,556089
2939,development,556175
2940,development,556228
2941,development,556427
2942,development,556592
2943,development,556738
2944,development,556972
2945,development,557652
2946,development,558035
2947,development,558333
2948,development,558533
2949,development,558661
2950,development,558755
2951,development,558962
2952,development,558983
2953,development,559139
2954,development,559168
2955,development,559382
2956,development,559414
2957,development,559584
2958,development,559685
2959,development,559851
2960,development,560030
2961,development,560074
2962,development,560430
2963,development,560567
2964,development,560676
2965,development,560773
2966,final_holdout,560920
2967,development,561312
2968,final_holdout,561457
2969,development,561534
2970,development,561549
2971,development,561591
2972,development,561640
2973,development,561674
2974,development,561841
2975,development,561932
2976,final_holdout,562090
2977,development,562270
2978,development,562456
2979,development,563174
2980,final_holdout,563374
2981,development,563706
2982,development,563733
2983,development,563735
2984,development,563769
2985,development,563794
2986,development,564105
2987,development,564129
2988,development,564144
2989,final_holdout,564245
2990,development,564268
2991,development,564596
2992,development,564626
2993,development,564792
2994,development,564898
2995,development,564958
2996,development,565035
2997,development,565393
2998,development,565513
2999,development,565582
3000,development,565607
3001,development,565715
3002,development,565888
3003,development,565919
3004,development,566133
3005,development,566339
3006,development,566346
3007,development,566358
3008,final_holdout,566369
3009,development,566392
3010,development,566407
3011,development,566415
3012,development,566720
3013,development,566813
3014,development,566814
3015,development,567013
3016,development,567033
3017,development,567160
3018,development,567262
3019,final_holdout,567363
3020,development,567402
3021,development,567429
3022,development,567500
3023,final_holdout,567627
3024,development,567754
3025,development,567915
3026,development,567929
3027,development,567958
3028,development,567979
3029,final_holdout,568074
3030,development,568370
3031,development,568474
3032,development,568502
3033,final_holdout,568533
3034,final_holdout,568609
3035,development,568775
3036,development,569035
3037,development,569141
3038,final_holdout,569334
3039,final_holdout,569854
3040,development,569862
3041,development,569930
3042,development,570137
3043,development,570157
3044,development,570168
3045,final_holdout,570271
3046,development,570287
3047,development,570351
3048,development,570519
3049,development,570623
3050,development,570759
3051,final_holdout,570783
3052,final_holdout,570864
3053,development,571083
3054,final_holdout,571143
3055,development,571441
3056,development,571503
3057,development,571516
3058,development,571554
3059,development,571672
3060,final_holdout,571681
3061,development,571693
3062,development,571779
3063,development,571871
3064,development,571885
3065,development,571907
3066,development,572051
3067,development,572067
3068,development,572103
3069,development,572131
3070,development,572163
3071,development,572173
3072,development,572277
3073,development,572302
3074,development,572416
3075,development,572436
3076,development,572447
3077,development,572495
3078,development,572504
3079,development,572508
3080,development,572514
3081,final_holdout,572733
3082,final_holdout,572739
3083,development,572752
3084,final_holdout,572765
3085,development,572770
3086,development,572898
3087,development,572918
3088,development,572937
3089,development,573043
3090,development,573063
3091,development,573159
3092,development,573208
3093,development,573217
3094,development,573223
3095,development,573225
3096,development,573275
3097,development,573321
3098,development,573411
3099,development,573433
3100,development,573441
3101,development,573453
3102,development,573487
3103,final_holdout,573519
3104,development,573578
3105,final_holdout,573654
3106,development,573694
3107,development,573777
3108,development,573790
3109,development,573821
3110,final_holdout,573831
3111,development,573893
3112,development,573986
3113,development,574002
3114,development,574051
3115,development,574065
3116,final_holdout,574125
3117,development,574194
3118,development,574212
3119,development,574250
3120,development,574320
3121,development,574348
3122,development,574549
3123,development,574648
3124,development,574708
3125,development,574766
3126,final_holdout,574810
3127,development,574973
3128,development,575018
3129,final_holdout,575089
3130,development,575100
3131,final_holdout,575124
3132,development,575281
3133,development,575290
3134,development,575387
3135,development,575423
3136,development,575480
3137,development,575560
3138,development,575681
3139,development,575897
3140,development,575927
3141,development,575929
3142,development,575930
3143,development,575982
3144,development,576158
3145,development,576226
3146,development,576483
3147,final_holdout,576524
3148,development,576600
3149,final_holdout,576714
3150,development,576815
3151,development,576841
3152,development,576882
3153,development,576935
3154,development,576940
3155,development,576946
3156,final_holdout,576947
3157,final_holdout,576981
3158,final_holdout,576983
3159,development,576996
3160,development,577007
3161,development,577049
3162,development,577069
3163,final_holdout,577096
3164,development,577099
3165,development,577256
3166,development,577280
3167,development,577286
3168,development,577347
3169,development,577376
3170,development,577498
3171,development,577648
3172,development,577659
3173,development,577680
3174,development,577692
3175,development,577824
3176,final_holdout,577905
3177,final_holdout,577914
3178,final_holdout,577915
3179,development,577949
3180,development,577980
3181,development,578030
3182,development,578057
3183,development,578062
3184,development,578109
3185,development,578197
3186,development,578362
3187,final_holdout,578447
3188,development,578520
3189,development,578546
3190,development,578578
3191,development,578600
3192,development,578676
3193,development,578717
3194,development,578739
3195,development,578854
3196,development,579255
3197,development,579279
3198,development,579316
3199,development,579486
3200,development,579549
3201,final_holdout,579571
3202,development,579575
3203,final_holdout,579619
3204,development,579718
3205,development,579762
3206,development,580094
3207,development,580314
3208,development,580346
3209,development,580360
3210,development,580412
3211,development,580540
3212,final_holdout,580592
3213,final_holdout,580612
3214,development,580646
3215,development,580684
3216,final_holdout,580880
3217,development,580883
3218,development,580960
3219,development,580975
3220,final_holdout,581027
3221,development,581038
3222,development,581139
3223,development,581235
3224,development,581305
3225,final_holdout,581431
3226,development,581530
3227,development,581586
3228,development,581625
3229,development,581657
3230,final_holdout,581826
3231,development,582093
3232,final_holdout,582123
3233,development,582182
3234,development,582184
3235,final_holdout,582190
3236,development,582218
3237,final_holdout,582243
3238,development,582301
3239,development,582305
3240,development,582333
3241,development,582390
3242,development,582394
3243,development,582406
3244,development,582439
3245,development,582446
3246,development,582474
3247,development,582574
3248,final_holdout,582578
3249,development,582591
3250,development,582636
3251,development,582650
3252,development,582833
3253,development,582878
3254,development,582940
3255,development,582958
3256,development,582975
3257,development,583007
3258,development,583012
3259,development,583021
3260,development,583039
3261,development,583098
3262,final_holdout,583113
3263,development,583142
3264,final_holdout,583170
3265,development,583191
3266,development,583240
3267,development,583255
3268,development,583301
3269,development,583367
3270,development,583433
3271,development,583459
3272,development,583473
3273,development,583534
3274,development,583598
3275,development,583609
3276,final_holdout,583645
3277,development,583708
3278,development,583873
3279,development,583964
3280,development,583970
3281,final_holdout,583977
3282,development,584042
3283,final_holdout,584178
3284,development,584238
3285,final_holdout,584325
3286,development,584408
3287,development,584580
3288,development,584611
3289,development,584735
3290,development,584762
3291,final_holdout,584766
3292,development,584813
3293,development,585074
3294,development,585170
3295,final_holdout,585200
3296,development,585212
3297,final_holdout,585355
3298,development,585406
3299,development,585603
3300,final_holdout,585611
3301,development,585644
3302,development,585652
3303,development,585693
3304,development,585779
3305,final_holdout,585790
3306,development,585816
3307,development,585915
3308,final_holdout,585963
3309,final_holdout,586072
3310,development,586078
3311,development,586145
3312,development,586165
3313,development,586346
3314,development,586393
3315,development,586407
3316,final_holdout,586416
3317,final_holdout,586440
3318,development,586490
3319,development,586516
3320,development,586535
3321,final_holdout,586581
3322,development,586720
3323,development,586742
3324,development,586836
3325,final_holdout,586843
3326,development,586882
3327,development,586928
3328,development,586996
3329,development,587051
3330,development,587071
3331,final_holdout,587192
3332,development,587194
3333,development,587219
3334,development,587223
3335,development,587297
3336,development,587409
3337,final_holdout,587418
3338,final_holdout,587423
3339,development,587564
3340,development,587702
3341,final_holdout,587722
3342,final_holdout,587732
3343,development,587754
3344,development,587755
3345,final_holdout,587810
3346,development,587824
3347,development,587838
3348,development,587923
3349,final_holdout,587961
3350,development,587985
3351,development,588117
3352,final_holdout,588265
3353,final_holdout,588321
3354,development,588355
3355,development,588432
3356,development,588642
3357,development,588691
3358,development,588713
3359,development,588883
3360,development,588910
3361,development,589067
3362,final_holdout,589123
3363,development,589154
3364,development,589296
3365,development,589302
3366,development,589411
3367,development,589471
3368,development,589508
3369,development,589509
3370,development,589903
3371,development,589950
3372,development,590107
3373,development,590202
3374,development,590231
3375,development,590305
3376,development,590308
3377,development,590325
3378,development,590360
3379,development,590362
3380,development,590365
3381,development,590372
3382,development,590502
3383,development,590625
3384,development,590667
3385,development,590668
3386,final_holdout,590812
3387,development,590867
3388,development,590923
3389,development,590931
3390,development,590994
3391,development,591030
3392,final_holdout,591034
3393,development,591223
3394,development,591257
3395,final_holdout,591273
3396,development,591299
3397,development,591410
3398,development,591414
3399,development,591420
3400,development,591440
3401,development,591501
3402,development,591518
3403,development,591558
3404,development,591574
3405,final_holdout,591589
3406,development,591591
3407,development,591608
3408,development,591785
3409,development,591787
3410,final_holdout,591820
3411,final_holdout,591895
3412,development,591978
3413,final_holdout,592081
3414,final_holdout,592147
3415,development,592205
3416,final_holdout,592256
3417,development,592290
3418,development,592317
3419,development,592322
3420,development,592406
3421,development,592441
3422,development,592471
3423,final_holdout,592480
3424,development,592496
3425,development,592618
3426,development,592624
3427,development,592772
3428,development,592815
3429,development,592854
3430,development,592900
3431,final_holdout,592949
3432,development,593023
3433,development,593081
3434,development,593189
3435,development,593281
3436,final_holdout,593299
3437,development,593385
3438,development,593421
3439,development,593427
3440,development,593440
3441,final_holdout,593441
3442,development,593443
3443,development,593444
3444,development,593510
3445,development,593513
3446,development,593514
3447,development,593593
3448,development,593613
3449,development,593631
3450,development,593685
3451,final_holdout,593692
3452,development,593694
3453,development,593695
3454,development,593706
3455,development,593707
3456,development,593709
3457,development,593711
3458,development,593712
3459,development,593715
3460,development,593727
3461,development,593743
3462,development,593798
3463,development,593871
3464,development,593875
3465,development,593898
3466,development,593900
3467,final_holdout,593930
3468,development,594015
3469,development,594038
3470,development,594043
3471,development,594056
3472,final_holdout,594456
3473,final_holdout,594468
3474,development,594497
3475,development,594529
3476,development,594607
3477,development,594677
3478,development,594693
3479,development,594697
3480,development,594762
3481,development,594774
3482,development,594776
3483,development,594845
3484,development,594928
3485,development,595010
3486,development,595094
3487,development,595103
3488,development,595138
3489,development,595232
3490,development,595241
3491,development,595295
3492,final_holdout,595298
3493,development,595345
3494,development,595436
3495,development,595499
3496,development,595509
3497,development,595570
3498,development,595672
3499,development,595678
3500,development,595711
3501,development,595816
3502,development,595818
3503,development,595854
3504,development,595874
3505,development,595877
3506,final_holdout,595925
3507,development,595959
3508,final_holdout,596016
3509,development,596017
3510,development,596041
3511,development,596100
3512,development,596107
3513,development,596108
3514,development,596114
3515,final_holdout,596144
3516,development,596242
3517,final_holdout,596275
3518,development,596305
3519,development,596360
3520,development,596372
3521,development,596390
3522,development,596417
3523,development,596451
3524,development,596535
3525,development,596583
3526,development,596596
3527,development,596677
3528,development,596814
3529,development,596820
3530,final_holdout,596847
3531,development,596849
3532,development,596892
3533,development,596897
3534,development,596961
3535,final_holdout,596964
3536,development,597033
3537,final_holdout,597050
3538,development,597078
3539,final_holdout,597102
3540,development,597142
3541,development,597255
3542,development,597286
3543,development,597301
3544,development,597321
3545,final_holdout,597451
3546,development,597532
3547,development,597582
3548,development,597689
3549,development,597742
3550,development,597790
3551,final_holdout,597866
3552,final_holdout,597878
3553,development,597886
3554,development,597894
3555,development,598000
3556,final_holdout,598202
3557,development,598230
3558,development,598243
3559,development,598252
3560,development,598253
3561,final_holdout,598260
3562,development,598315
3563,development,598351
3564,development,598462
3565,final_holdout,598503
3566,development,598538
3567,development,598562
3568,development,598623
3569,development,598709
3570,final_holdout,598760
3571,development,598865
3572,development,598883
3573,development,598907
3574,development,598914
3575,development,598969
3576,development,598986
3577,development,599016
3578,development,599037
3579,development,599161
3580,development,599230
3581,development,599292
3582,development,599402
3583,development,599423
3584,development,599427
3585,final_holdout,599432
3586,development,599434
3587,final_holdout,599639
3588,development,599640
3589,development,599644
3590,development,599709
3591,development,599739
3592,development,599748
3593,development,599785
3594,final_holdout,599787
3595,development,599794
3596,development,599802
3597,development,599836
3598,development,599840
3599,development,599895
3600,final_holdout,599908
3601,development,599960
3602,development,600121
3603,final_holdout,600211
3604,development,600263
3605,development,600279
3606,development,600370
3607,development,600428
3608,development,600449
3609,development,600470
3610,development,600476
3611,development,600490
3612,development,600541
3613,development,600579
3614,development,600684
3615,final_holdout,600740
3616,development,600749
3617,development,600770
3618,development,600771
3619,development,600833
3620,development,600845
3621,development,600856
3622,final_holdout,600966
3623,final_holdout,600967
3624,development,600999
3625,development,601243
3626,development,601251
3627,development,601269
3628,final_holdout,601346
3629,development,601455
3630,final_holdout,601472
3631,final_holdout,601497
3632,development,601499
3633,development,601504
3634,development,601505
3635,development,601551
3636,development,601558
3637,development,601635
3638,final_holdout,601655
3639,development,601706
3640,final_holdout,601885
3641,development,601887
3642,development,601896
3643,development,601934
3644,development,601951
3645,development,602009
3646,development,602011
3647,development,602014
3648,development,602032
3649,development,602066
3650,development,602147
3651,development,602245
3652,development,602324
3653,development,602395
3654,development,602458
3655,development,602483
3656,final_holdout,602496
3657,development,602598
3658,development,602652
3659,development,602739
3660,development,602767
3661,development,602826
3662,final_holdout,602863
3663,development,603012
3664,final_holdout,603035
3665,final_holdout,603036
3666,development,603038
3667,development,603123
3668,development,603165
3669,development,603210
3670,development,603265
3671,development,603270
3672,final_holdout,603287
3673,development,603398
3674,development,603440
3675,final_holdout,603446
3676,development,603601
3677,development,603627
3678,development,603661
3679,final_holdout,603818
3680,development,603908
3681,development,603910
3682,development,603912
3683,development,604095
3684,final_holdout,604116
3685,development,604118
3686,development,604147
3687,development,604151
3688,final_holdout,604154
3689,development,604187
3690,final_holdout,604196
3691,development,604200
3692,development,604204
3693,final_holdout,604238
3694,development,604292
3695,development,604315
3696,development,604356
3697,development,604543
3698,final_holdout,604556
3699,final_holdout,604731
3700,final_holdout,604752
3701,development,604916
3702,development,604917
3703,development,604919
3704,development,604921
3705,final_holdout,604923
3706,development,604932
3707,development,604939
3708,development,604942
3709,final_holdout,604951
3710,development,604962
3711,final_holdout,604966
3712,development,604982
3713,development,605009
3714,development,605102
3715,final_holdout,605207
3716,development,605246
3717,final_holdout,605255
3718,development,605309
3719,final_holdout,605327
3720,development,605390
3721,development,605438
3722,final_holdout,605494
3723,development,605505
3724,development,605594
3725,final_holdout,605595
3726,development,605679
3727,development,605832
3728,final_holdout,605854
3729,development,605882
3730,development,605916
3731,development,605930
3732,final_holdout,606063
3733,final_holdout,606097
3734,development,606179
3735,final_holdout,606194
3736,final_holdout,606229
3737,development,606355
3738,development,606377
3739,final_holdout,606388
3740,final_holdout,606410
3741,development,606412
3742,final_holdout,606414
3743,development,606420
3744,development,606422
3745,development,606450
3746,development,606458
3747,development,606465
3748,development,606477
3749,development,606546
3750,development,606562
3751,development,606572
3752,development,606607
3753,development,606651
3754,final_holdout,606685
3755,development,606697
3756,development,606736
3757,development,606762
3758,development,606827
3759,development,606972
3760,development,607062
3761,development,607097
3762,development,607286
3763,development,607300
3764,development,607309
3765,development,607382
3766,development,607398
3767,development,607493
3768,final_holdout,607642
3769,development,607699
3770,development,607725
3771,development,607735
3772,development,607778
3773,development,607804
3774,development,607808
3775,development,607848
3776,development,607887
3777,development,607889
3778,final_holdout,607892
3779,development,607909
3780,development,607914
3781,development,607937
3782,development,608000
3783,development,608041
3784,development,608047
3785,development,608197
3786,development,608264
3787,development,608419
3788,development,608497
3789,development,608564
3790,development,608578
3791,development,608623
3792,development,608647
3793,development,608719
3794,development,608738
3795,development,608766
3796,final_holdout,608939
3797,development,608942
3798,development,609010
3799,development,609046
3800,development,609047
3801,development,609193
3802,final_holdout,609230
3803,development,609307
3804,development,609422
3805,development,609510
3806,development,609679
3807,development,609704
3808,development,609764
3809,final_holdout,609804
3810,development,609811
3811,development,609812
3812,development,609815
3813,final_holdout,609817
3814,development,609850
3815,final_holdout,609864
3816,final_holdout,609871
3817,development,609873
3818,development,609887
3819,development,610032
3820,development,610059
3821,development,610118
3822,development,610260
3823,development,610362
3824,development,610423
3825,final_holdout,610428
3826,development,610553
3827,development,610700
3828,development,610725
3829,development,610731
3830,final_holdout,610740
3831,development,610744
3832,development,610745
3833,final_holdout,610748
3834,development,610750
3835,development,610751
3836,development,610763
3837,development,610772
3838,development,610776
3839,development,610780
3840,final_holdout,610802
3841,development,610804
3842,development,610906
3843,development,611004
3844,final_holdout,611012
3845,development,611017
3846,final_holdout,611023
3847,development,611048
3848,development,611051
3849,development,611060
3850,final_holdout,611096
3851,final_holdout,611182
3852,final_holdout,611228
3853,development,611268
3854,final_holdout,611315
3855,development,611345
3856,development,611383
3857,development,611531
3858,development,611688
3859,development,611690
3860,development,612210
3861,development,612217
3862,development,612252
3863,development,612255
3864,final_holdout,612355
3865,development,612361
3866,development,612484
3867,development,612488
3868,development,612517
3869,development,612656
3870,development,612658
3871,development,612661
3872,development,612684
3873,development,612757
3874,development,612891
3875,development,613051
3876,development,613158
3877,development,613160
3878,development,613162
3879,development,613164
3880,final_holdout,613171
3881,development,613173
3882,development,613175
3883,final_holdout,613177
3884,development,613191
3885,development,613196
3886,development,613199
3887,development,613200
3888,final_holdout,613203
3889,development,613208
3890,development,613293
3891,final_holdout,613298
3892,development,613416
3893,development,613418
3894,development,613735
3895,development,613738
3896,development,614013
3897,development,614064
3898,development,614068
3899,development,614072
3900,development,614148
3901,final_holdout,614495
3902,development,614546
3903,development,614556
3904,final_holdout,615127
3905,development,615148
3906,development,616342
3907,final_holdout,616502
3908,development,616735
3909,final_holdout,617116
3910,development,617472
3911,development,619082
3912,final_holdout,619941
3913,development,1018682
3914,final_holdout,1105438
3915,development,1340766
3916,final_holdout,1399285
3917,development,1405594
3918,final_holdout,1411627
3919,development,1413989
3920,development,1421720
3921,development,1440341
3922,final_holdout,1467014
3923,development,1503056
3924,development,1521687
3925,development,1536774
3926,development,1541133
3927,development,1594621
3928,development,1624707
3929,development,1627017
3930,development,1695710
3931,final_holdout,1726951
3932,final_holdout,1731564
3933,final_holdout,1759851
3934,development,1771053
3935,development,1778145
3936,development,1781804
3937,development,1797168
3938,development,1866742
3939,development,1886295
3940,final_holdout,1889565
3941,development,1903677
3942,development,1910175
3943,development,1935487
3944,development,1939695
3945,final_holdout,1941248
3946,development,1946308
3947,development,1963287
3948,development,1990650
3949,final_holdout,1993672
3950,development,1998790
3951,final_holdout,2001687
3952,development,2002046
3953,development,2006283
3954,development,2023561
3955,development,2029037
3956,development,2034300
3957,development,2044036
3958,development,2056947
3959,development,2061889
3960,development,2062995
3961,development,2072166
3962,development,2078479
3963,final_holdout,2078768
3964,final_holdout,2083576
3965,development,2095379
3966,development,2111015
3967,final_holdout,2111666
3968,development,2115711
3969,development,2128304
3970,development,2132966
3971,final_holdout,2140444
3972,development,2147687
3973,final_holdout,2147929
3974,development,2153026
3975,final_holdout,2160453
3976,development,2164944
3977,development,2174835
3978,final_holdout,2187146
3979,development,2192113
3980,development,2196054
3981,development,2210666
3982,development,2211448
3983,development,2211630
3984,development,2214631
3985,final_holdout,2225190
3986,final_holdout,2226301
3987,final_holdout,2227004
3988,development,2229783
3989,development,2239140
3990,development,2242290
3991,development,2262671
3992,final_holdout,2266650
3993,development,2271644
3994,final_holdout,2273256
3995,development,2280314
3996,final_holdout,2282129
3997,development,2284583
3998,development,2294490
3999,development,2299338
4000,development,2318763
4001,final_holdout,2320306
4002,development,2334319
4003,development,2338586
4004,final_holdout,2346025
4005,development,2349825
4006,development,2356809
4007,development,2363875
4008,development,2382253
4009,development,2390117
4010,final_holdout,2392824
4011,development,2396786
4012,final_holdout,2400851
4013,development,2411595
4014,development,2415414
4015,development,2416774
4016,development,2420909
4017,development,2421929
4018,development,2425156
4019,development,2444641
4020,development,2451269
4021,development,2452289
4022,development,2453657
4023,development,2455066
4024,final_holdout,2455578
4025,development,2459051
4026,development,2460002
4027,development,2463213
4028,development,2463950
4029,development,2464683
4030,final_holdout,2465209
4031,development,2468280
4032,development,2468706
4033,development,2473780
4034,final_holdout,2509297
4035,development,2510414
4036,final_holdout,2512392
4037,development,2514379
4038,development,2528352
4039,final_holdout,2529306
4040,development,2532647
4041,development,2539817
4042,final_holdout,2539858
4043,development,2540724
4044,development,2544448
4045,development,2545488
4046,development,2550290
4047,development,2553890
4048,final_holdout,2557885
4049,development,2564744
4050,development,2567158
4051,development,2573353
4052,final_holdout,2575994
4053,final_holdout,2578802
4054,final_holdout,2579673
4055,development,2583791
4056,development,2584834
4057,development,2585937
4058,development,2587329
4059,development,2588742
4060,final_holdout,2591421
4061,development,2607641
4062,development,2617839
4063,development,2619107
4064,development,2620279
4065,development,2625315
4066,development,2631545
4067,development,2638377
4068,final_holdout,2638818
4069,development,2642717
4070,development,2650236
4071,development,2656860
4072,final_holdout,2657960
4073,development,2662716
4074,development,2664036
4075,development,2680344
4076,development,2680885
4077,final_holdout,2691100
4078,development,2691566
4079,development,25629
4080,development,25997
4081,final_holdout,27891
4082,development,38941
4083,final_holdout,50069
4084,development,52426
4085,development,55968
4086,development,59725
4087,development,60416
4088,development,60830
4089,development,63721
4090,development,64275
4091,development,72400
4092,development,78255
4093,development,80001
4094,final_holdout,88340
4095,development,89092
4096,development,89778
4097,development,90361
4098,development,92341
4099,development,97006
4100,final_holdout,97865
4101,development,99799
4102,final_holdout,103535
4103,development,107713
4104,development,108799
4105,development,115452
4106,development,117699
4107,development,119471
4108,final_holdout,123270
4109,development,123462
4110,development,125055
4111,development,126608
4112,development,126713
4113,development,130013
4114,final_holdout,132972
4115,development,139250
4116,development,140719
4117,development,148427
4118,final_holdout,155631
4119,development,157276
4120,final_holdout,159293
4121,development,165904
4122,development,171751
4123,final_holdout,172137
4124,development,183287
4125,development,185021
4126,development,186565
4127,development,187257
4128,development,187601
4129,development,189035
4130,development,190352
4131,development,190565
4132,final_holdout,201431
4133,development,202394
4134,development,206003
4135,development,226747
4136,development,228481
4137,development,228784
4138,development,228824
4139,final_holdout,232539
4140,final_holdout,233095
4141,development,233102
4142,development,235380
4143,final_holdout,235428
4144,final_holdout,236161
4145,development,238519
4146,development,242390
4147,development,244064
4148,final_holdout,247292
4149,development,247513
4150,development,250123
4151,development,252652
4152,development,260955
4153,development,262294
4154,development,264106
4155,final_holdout,266744
4156,development,268301
4157,final_holdout,271467
4158,development,275006
4159,development,275112
4160,development,282713
4161,development,283131
4162,development,283564
4163,development,283978
4164,development,285567
4165,development,286914
4166,development,288967
4167,development,289108
4168,development,290914
4169,development,291844
4170,development,291848
4171,development,293992
4172,development,294513
4173,development,295728
4174,development,296232
4175,final_holdout,297179
4176,final_holdout,299027
4177,development,304607
4178,development,305373
4179,development,307386
4180,development,308345
4181,development,311599
4182,development,311889
4183,development,313246
4184,development,318500
4185,development,318876
4186,final_holdout,319606
4187,development,320363
4188,development,321121
4189,development,321142
4190,development,321346
4191,development,322325
4192,development,322509
4193,development,324907
4194,development,325080
4195,development,325308
4196,development,327003
4197,development,327641
4198,final_holdout,331156
4199,development,334023
4200,development,334565
4201,development,334981
4202,development,336356
4203,development,338168
4204,development,339381
4205,final_holdout,340831
4206,development,342017
4207,development,347864
4208,development,348771
4209,development,349258
4210,development,352009
4211,final_holdout,352953
4212,final_holdout,354984
4213,development,355147
4214,development,355369
4215,development,355643
4216,development,356386
4217,development,358054
4218,final_holdout,358956
4219,development,359438
4220,development,360190
4221,development,363110
4222,development,363396
4223,final_holdout,365111
4224,development,365488
4225,final_holdout,366936
4226,development,367535
4227,development,369715
4228,development,370008
4229,development,372997
4230,development,374515
4231,development,374747
4232,development,375711
4233,development,375717
4234,development,376868
4235,development,377469
4236,final_holdout,380184
4237,development,380204
4238,development,381533
4239,development,381544
4240,final_holdout,381909
4241,development,381917
4242,development,383241
4243,development,383967
4244,development,384636
4245,development,384884
4246,development,386374
4247,development,389249
4248,development,391153
4249,final_holdout,391556
4250,development,392604
4251,development,392733
4252,development,393131
4253,development,394067
4254,development,394331
4255,development,394480
4256,final_holdout,394520
4257,development,395374
4258,development,396456
4259,development,396799
4260,final_holdout,397312
4261,development,397747
4262,development,397829
4263,development,401441
4264,development,405268
4265,development,406600
4266,development,406974
4267,development,407545
4268,development,408581
4269,development,411895
4270,final_holdout,415298
4271,development,417263
4272,development,417684
4273,development,420663
4274,development,421326
4275,development,421992
4276,final_holdout,423652
4277,development,424014
4278,development,424863
4279,development,429099
4280,development,429417
4281,development,429777
4282,development,430002
4283,development,432480
4284,development,435057
4285,development,435282
4286,development,437171
4287,development,437565
4288,final_holdout,438775
4289,development,439109
4290,development,439710
4291,development,442497
4292,development,444221
4293,development,444561
4294,development,444858
4295,development,444872
4296,development,445136
4297,development,445415
4298,development,445494
4299,development,446296
4300,development,446650
4301,development,446755
4302,development,447184
4303,development,447265
4304,development,447292
4305,development,465369
4306,final_holdout,466377
4307,development,466856
4308,development,467100
4309,development,467303
4310,final_holdout,467580
4311,development,468349
4312,development,468529
4313,final_holdout,469177
4314,development,469664
4315,development,470113
4316,development,470331
4317,development,470693
4318,development,471157
4319,development,471925
4320,development,473095
4321,development,473509
4322,development,474607
4323,development,475981
4324,development,476037
4325,development,477779
4326,development,478242
4327,final_holdout,478317
4328,final_holdout,479738
4329,development,480372
4330,development,481150
4331,development,481947
4332,development,483031
4333,final_holdout,483411
4334,development,483468
4335,development,483485
4336,development,483921
4337,development,484821
4338,development,484983
4339,development,485180
4340,development,485262
4341,development,485675
4342,development,485980
4343,development,486994
4344,development,487002
4345,development,487543
4346,development,489198
4347,development,490391
4348,development,492895
4349,final_holdout,492928
4350,development,493559
4351,development,494896
4352,final_holdout,495324
4353,development,495876
4354,development,497872
4355,development,500279
4356,final_holdout,500395
4357,development,501095
4358,development,504352
4359,development,504967
4360,development,505248
4361,development,505899
4362,development,506622
4363,development,506650
4364,development,507009
4365,development,507983
4366,final_holdout,508100
4367,final_holdout,508400
4368,development,508470
4369,development,508940
4370,final_holdout,509696
4371,development,510141
4372,final_holdout,511506
4373,development,511901
4374,development,512118
4375,final_holdout,513077
4376,development,514031
4377,development,516601
4378,development,517679
4379,development,518711
4380,development,519078
4381,development,519084
4382,final_holdout,519859
4383,development,521671
4384,development,521957
4385,development,522087
4386,final_holdout,523021
4387,development,523247
4388,development,524290
4389,development,525027
4390,development,525942
4391,final_holdout,526285
4392,development,529438
4393,final_holdout,529439
4394,development,529705
4395,development,531755
4396,development,532274
4397,development,532617
4398,development,533077
4399,development,533210
4400,final_holdout,533527
4401,development,534143
4402,final_holdout,534163
4403,development,535077
4404,development,535462
4405,development,535506
4406,development,535548
4407,development,536286
4408,development,536629
4409,development,536805
4410,development,537077
4411,development,537171
4412,final_holdout,537373
4413,final_holdout,537605
4414,development,537698
4415,development,538196
4416,development,539675
4417,development,539894
4418,development,540558
4419,final_holdout,541769
4420,development,542466
4421,development,542547
4422,development,543963
4423,development,544050
4424,development,544430
4425,development,545146
4426,development,545196
4427,development,545223
4428,development,545254
4429,development,546202
4430,development,546302
4431,development,547018
4432,development,547487
4433,final_holdout,547556
4434,final_holdout,548296
4435,development,548445
4436,development,548844
4437,development,549078
4438,development,549087
4439,development,549190
4440,final_holdout,549892
4441,development,550269
4442,development,551053
4443,development,551252
4444,development,551515
4445,development,551718
4446,development,551953
4447,development,552025
4448,development,552656
4449,development,552896
4450,development,553437
4451,final_holdout,553733
4452,final_holdout,553807
4453,development,553808
4454,final_holdout,554004
4455,development,554969
4456,development,555015
4457,development,555720
4458,development,555860
4459,development,555994
4460,development,556012
4461,development,556853
4462,development,556877
4463,final_holdout,557029
4464,development,557351
4465,development,558084
4466,development,558595
4467,final_holdout,558921
4468,development,559065
4469,development,559090
4470,development,559336
4471,development,559381
4472,development,559467
4473,development,559573
4474,development,559831
4475,development,559861
4476,final_holdout,560117
4477,development,560238
4478,development,560335
4479,development,560536
4480,final_holdout,560920
4481,development,561060
4482,final_holdout,561061
4483,development,561674
4484,development,561953
4485,development,561978
4486,development,562642
4487,development,562643
4488,development,562783
4489,development,562857
4490,development,563413
4491,development,563487
4492,final_holdout,563754
4493,development,563822
4494,development,563986
4495,final_holdout,563987
4496,development,564409
4497,final_holdout,564906
4498,development,565009
4499,development,565344
4500,development,565869
4501,development,565988
4502,development,566181
4503,development,566669
4504,final_holdout,567048
4505,development,567059
4506,final_holdout,567757
4507,development,567889
4508,development,567963
4509,final_holdout,568042
4510,development,568370
4511,development,568559
4512,development,568968
4513,development,569074
4514,development,569225
4515,development,569663
4516,development,569664
4517,development,569761
4518,development,569864
4519,development,569970
4520,final_holdout,570031
4521,development,570177
4522,final_holdout,570186
4523,development,570239
4524,development,570437
4525,development,570627
4526,development,571223
4527,development,571540
4528,development,571614
4529,development,571880
4530,final_holdout,571897
4531,development,571954
4532,development,572187
4533,development,572290
4534,development,573108
4535,development,573323
4536,development,573488
4537,development,573496
4538,development,573806
4539,development,573824
4540,development,573851
4541,development,573853
4542,final_holdout,574057
4543,final_holdout,574569
4544,development,574935
4545,development,574944
4546,final_holdout,575251
4547,final_holdout,575602
4548,final_holdout,575680
4549,final_holdout,575990
4550,development,576375
4551,development,576738
4552,final_holdout,577170
4553,development,577304
4554,final_holdout,577527
4555,development,577676
4556,final_holdout,577905
4557,development,578003
4558,development,578282
4559,development,578574
4560,development,579255
4561,development,579537
4562,final_holdout,579720
4563,development,580688
4564,final_holdout,581222
4565,development,581353
4566,development,581459
4567,development,582742
4568,development,583102
4569,development,583950
4570,development,584632
4571,development,584762
4572,development,585048
4573,development,585150
4574,final_holdout,585547
4575,development,585727
4576,final_holdout,586086
4577,development,586111
4578,development,586712
4579,development,586995
4580,development,587181
4581,final_holdout,587524
4582,final_holdout,587538
4583,development,587780
4584,development,588039
4585,development,588302
4586,development,588459
4587,final_holdout,588484
4588,final_holdout,588495
4589,development,588592
4590,development,588685
4591,development,589333
4592,final_holdout,589444
4593,development,589862
4594,development,589997
4595,final_holdout,590408
4596,development,590520
4597,final_holdout,590812
4598,development,590870
4599,development,591094
4600,development,591547
4601,development,591725
4602,development,591743
4603,development,592193
4604,final_holdout,592602
4605,development,592725
4606,final_holdout,593345
4607,final_holdout,594061
4608,development,594417
4609,development,594774
4610,development,595047
4611,final_holdout,596171
4612,development,596533
4613,development,597316
4614,development,597321
4615,development,597610
4616,development,597730
4617,development,597882
4618,development,598250
4619,development,598313
4620,development,598415
4621,development,598451
4622,development,598495
4623,development,598614
4624,development,598624
4625,development,598694
4626,final_holdout,598918
4627,development,599132
4628,development,599161
4629,final_holdout,599202
4630,development,599207
4631,final_holdout,599495
4632,development,599769
4633,development,599990
4634,development,600407
4635,development,601010
4636,development,601238
4637,development,601356
4638,development,601616
4639,development,601862
4640,development,602011
4641,development,602815
4642,development,602898
4643,development,602929
4644,development,602991
4645,development,603061
4646,development,603112
4647,development,603543
4648,final_holdout,603739
4649,final_holdout,603762
4650,development,604106
4651,development,604267
4652,development,604962
4653,final_holdout,605474
4654,development,605597
4655,development,605672
4656,final_holdout,605693
4657,development,605956
4658,development,605996
4659,development,606069
4660,final_holdout,606075
4661,final_holdout,606313
4662,development,606501
4663,development,606529
4664,development,606634
4665,development,606690
4666,final_holdout,607108
4667,development,607220
4668,development,607380
4669,development,607436
4670,final_holdout,607529
4671,development,607678
4672,development,607848
4673,development,607953
4674,development,608104
4675,development,608110
4676,development,608164
4677,development,608407
4678,development,608961
4679,development,609422
4680,development,609426
4681,development,609596
4682,development,610239
4683,development,610340
4684,development,610416
4685,development,610759
4686,final_holdout,610802
4687,final_holdout,611233
4688,development,611348
4689,development,611475
4690,development,611586
4691,development,611719
4692,development,611974
4693,development,612082
4694,final_holdout,612113
4695,development,612120
4696,development,612212
4697,development,612370
4698,development,612396
4699,final_holdout,612600
4700,development,612721
4701,development,612756
4702,development,612841
4703,development,612862
4704,development,612919
4705,development,613038
4706,development,613047
4707,development,613093
4708,development,613161
4709,development,613162
4710,development,613170
4711,development,613199
4712,final_holdout,613205
4713,development,613299
4714,development,613355
4715,development,613426
4716,final_holdout,613586
4717,final_holdout,613703
4718,final_holdout,613718
4719,development,613722
4720,development,613743
4721,development,613791
4722,development,613832
4723,development,613842
4724,development,613856
4725,development,613864
4726,development,613874
4727,development,613881
4728,development,613932
4729,development,613946
4730,development,614039
4731,development,614117
4732,development,614130
4733,development,614212
4734,development,614357
4735,development,614403
4736,development,614583
4737,final_holdout,614601
4738,development,614629
4739,development,614668
4740,development,614693
4741,development,614728
4742,development,614732
4743,development,614734
4744,development,614738
4745,development,614741
4746,development,614742
4747,development,614744
4748,final_holdout,614745
4749,development,614813
4750,development,614871
4751,development,614909
4752,development,615025
4753,final_holdout,615028
4754,final_holdout,615090
4755,development,615173
4756,development,615218
4757,development,615259
4758,development,615319
4759,development,615443
4760,development,616354
4761,development,616377
4762,development,616464
4763,development,616511
4764,development,616526
4765,development,616536
4766,final_holdout,616670
4767,development,616739
4768,final_holdout,616914
4769,development,616919
4770,development,617012
4771,development,617126
4772,final_holdout,617134
4773,development,617146
4774,development,617147
4775,development,617190
4776,development,617225
4777,development,617287
4778,development,617296
4779,development,617297
4780,final_holdout,617556
4781,development,617560
4782,development,617576
4783,final_holdout,617714
4784,development,617717
4785,development,617764
4786,development,617792
4787,development,617813
4788,development,617843
4789,development,617959
4790,final_holdout,618137
4791,development,618145
4792,development,618151
4793,final_holdout,618197
4794,development,618205
4795,development,618258
4796,development,618265
4797,development,618399
4798,development,618534
4799,development,618539
4800,development,618631
4801,development,618632
4802,development,618670
4803,development,618673
4804,development,618816
4805,development,618869
4806,development,618882
4807,development,618951
4808,development,618965
4809,final_holdout,618981
4810,development,619054
4811,development,619161
4812,development,619196
4813,development,619207
4814,development,619288
4815,development,619311
4816,development,619330
4817,final_holdout,619471
4818,development,619508
4819,development,619980
4820,development,620018
4821,development,620072
4822,development,620073
4823,final_holdout,620092
4824,final_holdout,620126
4825,final_holdout,620128
4826,final_holdout,620129
4827,development,620220
4828,final_holdout,620257
4829,development,620283
4830,final_holdout,620304
4831,development,620354
4832,development,620408
4833,development,620409
4834,final_holdout,620427
4835,development,620507
4836,final_holdout,620573
4837,final_holdout,620694
4838,final_holdout,620889
4839,development,620922
4840,development,620923
4841,final_holdout,620950
4842,development,620980
4843,development,621301
4844,final_holdout,621303
4845,development,621322
4846,final_holdout,621323
4847,development,621369
4848,development,621394
4849,development,621508
4850,final_holdout,621703
4851,final_holdout,621862
4852,final_holdout,621894
4853,final_holdout,621905
4854,development,621937
4855,development,622132
4856,development,622208
4857,development,622217
4858,final_holdout,622223
4859,development,622330
4860,development,622345
4861,development,622466
4862,development,622505
4863,development,622538
4864,development,622604
4865,development,622715
4866,development,622720
4867,final_holdout,622766
4868,development,622838
4869,final_holdout,622867
4870,final_holdout,622927
4871,development,622974
4872,development,622982
4873,development,623001
4874,development,623055
4875,development,623069
4876,development,623168
4877,final_holdout,623169
4878,development,623177
4879,development,623240
4880,final_holdout,623295
4881,development,623321
4882,development,623333
4883,development,623406
4884,development,623603
4885,final_holdout,623622
4886,development,623654
4887,development,623660
4888,development,623821
4889,development,623845
4890,development,623857
4891,final_holdout,623882
4892,development,623911
4893,development,623935
4894,development,624011
4895,development,624046
4896,development,624069
4897,development,624196
4898,development,624306
4899,development,624350
4900,development,624406
4901,development,624415
4902,development,624514
4903,development,624567
4904,development,624592
4905,development,624598
4906,final_holdout,624604
4907,development,624653
4908,development,624661
4909,development,624673
4910,development,624674
4911,development,624677
4912,development,624704
4913,development,624722
4914,final_holdout,624734
4915,development,624738
4916,development,624799
4917,development,624847
4918,development,624879
4919,development,624972
4920,final_holdout,624997
4921,final_holdout,625021
4922,development,625024
4923,development,625027
4924,development,625071
4925,final_holdout,625087
4926,final_holdout,625094
4927,final_holdout,625124
4928,development,625167
4929,development,625180
4930,development,625185
4931,development,625214
4932,development,625249
4933,final_holdout,625251
4934,development,625295
4935,development,625301
4936,development,625383
4937,development,625390
4938,development,625444
4939,development,625477
4940,development,625478
4941,development,625514
4942,final_holdout,625578
4943,final_holdout,625713
4944,development,625724
4945,development,625768
4946,development,625816
4947,development,625833
4948,development,625853
4949,development,625857
4950,development,625879
4951,development,625919
4952,development,626046
4953,development,626123
4954,development,626126
4955,development,626138
4956,development,626164
4957,development,626245
4958,final_holdout,626254
4959,development,626297
4960,development,626352
4961,final_holdout,626365
4962,development,626386
4963,development,626428
4964,development,626442
4965,development,626491
4966,development,626555
4967,development,626604
4968,development,626642
4969,development,626750
4970,development,626841
4971,development,626843
4972,development,626897
4973,development,626917
4974,development,626928
4975,final_holdout,626951
4976,development,626966
4977,development,627000
4978,development,627027
4979,development,627094
4980,development,627115
4981,development,627118
4982,development,627179
4983,final_holdout,627185
4984,development,627190
4985,development,627244
4986,development,627270
4987,final_holdout,627285
4988,development,627316
4989,development,627321
4990,development,627380
4991,final_holdout,627388
4992,final_holdout,627403
4993,final_holdout,627427
4994,final_holdout,627509
4995,development,627528
4996,development,627549
4997,final_holdout,627550
4998,development,627613
4999,development,627647
5000,development,627659
5001,development,627680
5002,development,627685
5003,development,627777
5004,development,627948
5005,development,628006
5006,development,628119
5007,development,628176
5008,development,628178
5009,development,628180
5010,final_holdout,628181
5011,development,628183
5012,development,628190
5013,development,628287
5014,development,628301
5015,development,628328
5016,final_holdout,628329
5017,development,628379
5018,final_holdout,628389
5019,development,628402
5020,development,628411
5021,final_holdout,628423
5022,development,628442
5023,final_holdout,628511
5024,development,628516
5025,development,628525
5026,development,628580
5027,final_holdout,628586
5028,development,628616
5029,development,628635
5030,development,628655
5031,development,628751
5032,development,628827
5033,development,628903
5034,development,628941
5035,development,628954
5036,development,628970
5037,development,628982
5038,development,629026
5039,development,629037
5040,final_holdout,629040
5041,development,629044
5042,development,629060
5043,development,629088
5044,development,629094
5045,final_holdout,629103
5046,final_holdout,629159
5047,development,629240
5048,development,629274
5049,final_holdout,629424
5050,final_holdout,629461
5051,development,629490
5052,development,629504
5053,development,629505
5054,development,629507
5055,development,629554
5056,development,629619
5057,development,629835
5058,development,629870
5059,final_holdout,629886
5060,development,629891
5061,development,629923
5062,development,629976
5063,development,630028
5064,development,630029
5065,development,630030
5066,final_holdout,630052
5067,development,630053
5068,development,630090
5069,final_holdout,630147
5070,development,630260
5071,development,630315
5072,development,630333
5073,development,630345
5074,final_holdout,630372
5075,development,630393
5076,final_holdout,630415
5077,development,630443
5078,final_holdout,630451
5079,development,630476
5080,development,630497
5081,development,630549
5082,development,630561
5083,development,630586
5084,development,630608
5085,final_holdout,630718
5086,development,630736
5087,development,630763
5088,development,630778
5089,development,630794
5090,development,630823
5091,final_holdout,630833
5092,development,630876
5093,final_holdout,630944
5094,development,630999
5095,development,631031
5096,development,631081
5097,development,631086
5098,development,631108
5099,development,631109
5100,development,631132
5101,development,631225
5102,development,631341
5103,development,631354
5104,development,631384
5105,development,631422
5106,final_holdout,631441
5107,final_holdout,631442
5108,development,631444
5109,development,631445
5110,final_holdout,631492
5111,development,631515
5112,development,631530
5113,development,631561
5114,development,631563
5115,final_holdout,631610
5116,development,631613
5117,development,631650
5118,final_holdout,631679
5119,development,631724
5120,development,631766
5121,final_holdout,631777
5122,development,631848
5123,development,632040
5124,development,632084
5125,final_holdout,632113
5126,development,632148
5127,final_holdout,632181
5128,development,632231
5129,development,632254
5130,development,632302
5131,development,632447
5132,development,632454
5133,final_holdout,632470
5134,development,632503
5135,development,632536
5136,development,632547
5137,final_holdout,632574
5138,development,632578
5139,development,632618
5140,final_holdout,632658
5141,development,632682
5142,final_holdout,632704
5143,final_holdout,632712
5144,development,632752
5145,development,632823
5146,development,632847
5147,development,632869
5148,development,633024
5149,development,633130
5150,development,633162
5151,final_holdout,633193
5152,development,633208
5153,development,633212
5154,development,633228
5155,development,633231
5156,final_holdout,633245
5157,final_holdout,633257
5158,development,633378
5159,development,633380
5160,development,633386
5161,development,633394
5162,development,633472
5163,development,633491
5164,final_holdout,633499
5165,development,633560
5166,development,633570
5167,development,633590
5168,final_holdout,633603
5169,development,633646
5170,development,633650
5171,development,633669
5172,development,633865
5173,final_holdout,633890
5174,development,633929
5175,development,633935
5176,final_holdout,634058
5177,development,634075
5178,development,634077
5179,development,634164
5180,development,634188
5181,final_holdout,634230
5182,development,634265
5183,final_holdout,634280
5184,development,634286
5185,development,634304
5186,development,634353
5187,development,634412
5188,development,634472
5189,final_holdout,634477
5190,development,634481
5191,development,634483
5192,development,634491
5193,development,634606
5194,development,634615
5195,development,634715
5196,development,634833
5197,final_holdout,634851
5198,development,634876
5199,development,634928
5200,development,634932
5201,development,634944
5202,development,634976
5203,development,635011
5204,development,635113
5205,development,635122
5206,development,635136
5207,development,635173
5208,final_holdout,635228
5209,final_holdout,635230
5210,development,635241
5211,development,635244
5212,development,635245
5213,final_holdout,635246
5214,development,635247
5215,development,635432
5216,development,635433
5217,development,635435
5218,final_holdout,635473
5219,development,635591
5220,development,635755
5221,development,635761
5222,final_holdout,635764
5223,development,635771
5224,development,635773
5225,final_holdout,635774
5226,development,635788
5227,final_holdout,635793
5228,development,636271
5229,final_holdout,637864
5230,development,1127413
5231,development,1332999
5232,development,1341507
5233,development,1393589
5234,development,1406920
5235,final_holdout,1431750
5236,development,1453691
5237,development,1502193
5238,development,1508708
5239,final_holdout,1525567
5240,development,1536591
5241,development,1540042
5242,development,1559428
5243,development,1560989
5244,development,1588208
5245,development,1611973
5246,development,1624443
5247,final_holdout,1625718
5248,development,1626021
5249,development,1633695
5250,final_holdout,1719114
5251,development,1730702
5252,development,1732219
5253,final_holdout,1759851
5254,development,1763653
5255,development,1780949
5256,development,1782665
5257,development,1786380
5258,final_holdout,1829654
5259,development,1840034
5260,development,1863244
5261,development,1864697
5262,development,1866742
5263,development,1877634
5264,development,1932474
5265,development,1934118
5266,development,1955634
5267,development,1957682
5268,final_holdout,1967937
5269,development,2002415
5270,development,2006364
5271,development,2022801
5272,development,2080885
5273,development,2081955
5274,final_holdout,2082318
5275,development,2087747
5276,development,2094350
5277,development,2104426
5278,development,2108614
5279,development,2133207
5280,development,2148859
5281,development,2153200
5282,development,2164251
5283,development,2181205
5284,development,2213424
5285,development,2221869
5286,development,2230457
5287,development,2243703
5288,development,2248122
5289,final_holdout,2266377
5290,final_holdout,2271743
5291,development,2273828
5292,development,2277941
5293,development,2291760
5294,development,2300911
5295,final_holdout,2300913
5296,development,2303083
5297,development,2308026
5298,development,2308564
5299,final_holdout,2315082
5300,final_holdout,2317273
5301,final_holdout,2334930
5302,final_holdout,2340165
5303,development,2343413
5304,development,2351235
5305,final_holdout,2392789
5306,development,2418877
5307,development,2420725
5308,final_holdout,2436707
5309,development,2437428
5310,development,2440756
5311,development,2444501
5312,development,2446599
5313,development,2476144
5314,development,2482994
5315,development,2487785
5316,final_holdout,2502127
5317,development,2512349
5318,development,2513954
5319,development,2514044
5320,development,2523350
5321,final_holdout,2523430
5322,development,2523989
5323,final_holdout,2524295
5324,development,2526784
5325,final_holdout,2532643
5326,final_holdout,2533391
5327,development,2534954
5328,development,2539641
5329,development,2541388
5330,development,2554464
5331,final_holdout,2568059
5332,development,2570092
5333,development,2571054
5334,final_holdout,2574365
5335,development,2575914
5336,final_holdout,2578704
5337,development,2590564
5338,final_holdout,2591974
5339,development,2592923
5340,development,2597543
5341,development,2602679
5342,development,2609574
5343,development,2611847
5344,development,2625752
5345,development,2626410
5346,development,2634946
5347,final_holdout,2636696
5348,development,2641657
5349,development,2641682
5350,development,2643007
5351,final_holdout,2652209
5352,development,2653570
5353,final_holdout,2659042
5354,final_holdout,2677541
5355,development,2681783
5356,development,2683697
5357,development,2687378
5358,development,2690136
5359,development,26315
5360,development,26734
5361,development,32327
5362,development,32930
5363,final_holdout,34662
5364,final_holdout,38711
5365,development,39208
5366,final_holdout,41547
5367,development,47891
5368,development,57285
5369,development,58653
5370,development,59272
5371,development,61352
5372,development,63467
5373,development,70569
5374,development,71504
5375,development,72349
5376,development,73584
5377,development,73874
5378,development,84541
5379,development,89850
5380,final_holdout,98842
5381,development,99088
5382,development,103496
5383,final_holdout,103998
5384,final_holdout,106095
5385,final_holdout,106383
5386,development,106793
5387,development,108859
5388,development,109441
5389,development,110911
5390,development,114402
5391,development,116606
5392,final_holdout,117544
5393,development,117545
5394,development,118213
5395,development,118877
5396,development,119444
5397,development,123087
5398,development,125535
5399,development,126769
5400,development,126800
5401,development,132924
5402,final_holdout,138407
5403,final_holdout,142324
5404,development,145280
5405,final_holdout,150398
5406,development,151917
5407,development,152973
5408,development,155484
5409,final_holdout,156358
5410,development,157752
5411,development,160026
5412,final_holdout,165099
5413,development,169008
5414,development,169400
5415,final_holdout,173163
5416,development,177554
5417,final_holdout,179073
5418,final_holdout,179297
5419,development,184234
5420,development,184583
5421,final_holdout,184972
5422,development,188766
5423,development,191459
5424,final_holdout,191746
5425,final_holdout,191973
5426,development,192944
5427,final_holdout,193310
5428,development,195221
5429,development,195345
5430,development,195940
5431,development,197527
5432,development,226839
5433,development,228909
5434,final_holdout,229326
5435,development,230383
5436,development,235371
5437,final_holdout,237913
5438,development,238144
5439,development,242893
5440,final_holdout,245784
5441,development,247457
5442,development,247967
5443,development,249154
5444,development,252863
5445,development,254612
5446,development,258268
5447,development,258840
5448,development,260137
5449,development,260216
5450,development,263448
5451,final_holdout,264694
5452,development,265466
5453,development,267774
5454,development,269510
5455,development,271047
5456,development,272000
5457,development,272617
5458,development,275006
5459,development,275180
5460,development,275296
5461,development,276925
5462,final_holdout,277967
5463,development,280054
5464,development,280152
5465,development,284246
5466,development,284762
5467,development,285470
5468,development,286338
5469,development,286947
5470,development,288086
5471,development,290184
5472,development,293387
5473,final_holdout,293989
5474,development,294134
5475,final_holdout,297179
5476,development,297685
5477,development,297806
5478,development,298187
5479,final_holdout,298303
5480,development,298961
5481,development,300819
5482,final_holdout,303165
5483,development,303617
5484,development,305909
5485,development,306478
5486,final_holdout,308775
5487,development,308850
5488,final_holdout,314252
5489,development,314675
5490,development,314801
5491,development,321450
5492,development,322184
5493,development,322574
5494,development,327224
5495,development,327940
5496,development,330917
5497,development,335035
5498,development,338554
5499,final_holdout,340216
5500,final_holdout,340592
5501,development,340899
5502,development,341611
5503,development,342192
5504,development,343138
5505,development,345128
5506,development,350312
5507,development,350797
5508,final_holdout,351050
5509,final_holdout,353617
5510,development,357901
5511,development,358001
5512,final_holdout,358204
5513,development,361411
5514,development,363213
5515,development,364527
5516,development,365097
5517,final_holdout,365111
5518,final_holdout,366479
5519,final_holdout,368521
5520,development,369234
5521,development,372602
5522,development,373174
5523,development,373846
5524,development,379212
5525,development,379720
5526,development,381882
5527,development,385341
5528,final_holdout,385405
5529,development,387406
5530,development,387773
5531,development,388738
5532,development,391937
5533,development,394314
5534,development,395169
5535,development,395320
5536,final_holdout,395822
5537,development,396016
5538,development,396673
5539,development,397414
5540,development,398442
5541,development,399737
5542,development,400549
5543,development,401317
5544,development,402180
5545,development,403213
5546,development,404121
5547,development,404415
5548,development,406000
5549,development,409708
5550,development,411150
5551,development,412081
5552,development,412343
5553,development,417971
5554,development,417978
5555,development,417986
5556,development,418077
5557,development,419924
5558,development,420631
5559,final_holdout,423398
5560,development,424220
5561,development,425314
5562,development,425772
5563,development,426624
5564,final_holdout,430530
5565,development,433064
5566,development,433939
5567,development,435287
5568,development,437550
5569,development,439677
5570,development,439806
5571,development,444361
5572,development,444545
5573,development,444768
5574,development,445136
5575,development,445774
5576,development,446619
5577,development,447124
5578,development,447324
5579,development,467396
5580,final_holdout,469579
5581,development,470464
5582,development,473095
5583,development,473271
5584,development,474387
5585,development,474408
5586,final_holdout,475363
5587,development,476769
5588,development,478412
5589,final_holdout,481593
5590,development,481790
5591,development,483315
5592,development,483508
5593,development,483674
5594,development,484252
5595,development,484443
5596,development,484490
5597,development,484550
5598,development,485439
5599,development,485853
5600,development,486516
5601,final_holdout,490648
5602,final_holdout,491387
5603,development,492592
5604,development,492676
5605,development,492979
5606,final_holdout,493443
5607,development,493460
5608,development,493609
5609,development,493763
5610,development,494212
5611,final_holdout,495239
5612,development,495489
5613,development,495522
5614,development,495786
5615,development,496381
5616,final_holdout,497074
5617,development,497084
5618,development,498841
5619,development,499790
5620,development,499819
5621,final_holdout,500502
5622,development,502767
5623,development,504597
5624,development,505595
5625,final_holdout,505871
5626,development,505878
5627,final_holdout,506020
5628,development,506219
5629,final_holdout,507014
5630,development,507149
5631,development,507386
5632,development,507783
5633,development,509466
5634,development,509578
5635,final_holdout,509935
5636,development,510068
5637,development,510471
5638,development,511001
5639,final_holdout,511295
5640,final_holdout,511807
5641,development,512411
5642,final_holdout,512722
5643,final_holdout,513250
5644,development,513751
5645,final_holdout,515329
5646,final_holdout,515349
5647,final_holdout,516434
5648,development,516588
5649,final_holdout,518389
5650,final_holdout,520024
5651,development,520076
5652,development,520972
5653,development,521081
5654,development,521164
5655,development,522189
5656,development,522381
5657,final_holdout,522478
5658,development,523132
5659,development,523831
5660,development,523905
5661,development,524043
5662,development,527102
5663,development,527742
5664,development,528432
5665,development,528702
5666,development,530021
5667,development,530772
5668,development,530941
5669,development,531450
5670,development,531753
5671,final_holdout,531865
5672,development,532779
5673,development,533209
5674,development,534428
5675,development,534715
5676,development,534884
5677,development,535963
5678,development,536767
5679,development,537194
5680,development,537221
5681,final_holdout,537640
5682,development,539635
5683,final_holdout,541171
5684,development,541315
5685,development,541476
5686,development,542164
5687,development,543439
5688,development,545964
5689,development,546250
5690,development,547408
5691,development,547788
5692,development,549775
5693,development,550081
5694,development,550245
5695,development,551000
5696,final_holdout,551242
5697,development,551276
5698,development,551922
5699,final_holdout,552698
5700,development,554048
5701,development,554243
5702,development,554599
5703,development,555749
5704,final_holdout,556290
5705,development,556644
5706,development,556863
5707,development,559344
5708,development,559685
5709,development,559973
5710,final_holdout,560089
5711,development,560208
5712,development,560597
5713,development,560652
5714,development,561206
5715,development,561608
5716,development,561618
5717,development,561752
5718,development,561979
5719,final_holdout,562239
5720,development,563027
5721,development,563302
5722,development,563820
5723,development,564115
5724,final_holdout,564278
5725,development,565182
5726,final_holdout,565273
5727,development,565575
5728,development,565576
5729,development,565599
5730,development,568019
5731,development,568232
5732,development,568749
5733,development,568775
5734,development,569589
5735,development,569981
5736,final_holdout,570275
5737,development,570484
5738,development,570692
5739,development,571334
5740,final_holdout,571395
5741,development,571641
5742,development,572032
5743,final_holdout,572101
5744,development,572106
5745,development,572119
5746,final_holdout,572306
5747,development,572371
5748,development,572395
5749,development,572496
5750,development,572538
5751,development,573130
5752,development,573131
5753,development,573159
5754,development,573252
5755,development,573297
5756,development,573534
5757,development,573713
5758,development,573873
5759,final_holdout,573934
5760,development,574031
5761,development,574063
5762,development,574244
5763,development,574253
5764,development,574512
5765,development,574841
5766,final_holdout,574849
5767,development,574865
5768,development,575404
5769,development,575630
5770,development,576203
5771,development,576262
5772,development,576268
5773,development,576689
5774,development,576913
5775,development,576923
5776,development,577354
5777,development,577467
5778,development,577618
5779,final_holdout,577645
5780,development,577728
5781,final_holdout,577743
5782,final_holdout,577965
5783,final_holdout,578132
5784,final_holdout,578418
5785,development,578439
5786,development,578551
5787,development,578710
5788,development,578861
5789,final_holdout,579161
5790,development,579251
5791,development,579409
5792,development,579486
5793,development,581016
5794,final_holdout,581118
5795,development,581178
5796,development,581235
5797,final_holdout,581866
5798,development,581877
5799,final_holdout,582040
5800,development,582253
5801,development,582348
5802,development,582460
5803,development,582694
5804,final_holdout,582709
5805,development,582816
5806,development,582898
5807,final_holdout,582933
5808,development,582964
5809,development,583775
5810,development,583843
5811,development,583954
5812,development,584509
5813,development,584539
5814,development,584733
5815,development,584864
5816,development,585074
5817,development,585762
5818,final_holdout,585963
5819,development,586036
5820,development,586134
5821,development,586142
5822,development,586180
5823,final_holdout,586376
5824,development,586502
5825,development,586516
5826,development,586561
5827,final_holdout,586652
5828,development,586818
5829,development,587037
5830,development,587054
5831,development,587434
5832,development,587459
5833,final_holdout,587860
5834,development,588166
5835,development,588207
5836,development,588251
5837,final_holdout,588944
5838,development,588991
5839,development,589133
5840,development,589554
5841,final_holdout,589621
5842,development,589935
5843,development,590086
5844,development,590122
5845,development,590416
5846,final_holdout,590444
5847,final_holdout,590593
5848,development,590668
5849,development,590854
5850,development,591159
5851,development,591986
5852,development,591999
5853,development,592135
5854,development,592139
5855,final_holdout,592258
5856,development,592733
5857,development,593000
5858,development,593346
5859,development,593476
5860,development,593583
5861,final_holdout,593819
5862,development,594083
5863,development,594282
5864,development,594872
5865,development,595130
5866,development,595137
5867,development,595365
5868,development,595421
5869,development,595892
5870,final_holdout,596128
5871,development,596151
5872,development,596513
5873,final_holdout,596728
5874,final_holdout,596988
5875,development,597539
5876,development,597744
5877,development,597853
5878,development,598035
5879,development,598201
5880,final_holdout,598282
5881,development,598313
5882,development,598395
5883,development,598581
5884,development,598769
5885,development,598837
5886,development,599108
5887,development,599323
5888,development,599355
5889,development,600387
5890,development,600398
5891,development,600404
5892,development,600415
5893,development,600428
5894,final_holdout,600463
5895,development,600606
5896,development,600658
5897,development,600664
5898,final_holdout,601247
5899,development,601316
5900,development,601706
5901,development,601803
5902,development,601874
5903,development,601930
5904,development,601983
5905,final_holdout,602109
5906,development,602448
5907,development,602471
5908,development,602570
5909,development,602666
5910,development,602696
5911,development,602779
5912,development,602865
5913,development,602943
5914,development,603055
5915,final_holdout,603113
5916,development,603121
5917,final_holdout,603200
5918,development,603580
5919,development,603731
5920,development,603746
5921,final_holdout,603921
5922,development,604358
5923,development,604725
5924,final_holdout,604950
5925,development,604990
5926,development,605068
5927,development,605089
5928,final_holdout,605186
5929,final_holdout,605243
5930,development,605383
5931,development,605770
5932,development,605771
5933,development,605901
5934,final_holdout,606027
5935,development,606105
5936,final_holdout,606134
5937,final_holdout,606239
5938,development,606391
5939,development,606442
5940,final_holdout,606517
5941,development,606531
5942,development,606535
5943,development,606586
5944,development,606861
5945,development,606864
5946,development,606914
5947,development,607062
5948,development,607176
5949,final_holdout,607603
5950,development,607923
5951,development,608068
5952,development,608134
5953,development,608195
5954,development,608448
5955,development,608851
5956,development,609194
5957,development,609203
5958,development,609403
5959,development,609927
5960,development,610385
5961,development,610405
5962,final_holdout,610470
5963,development,610545
5964,development,611241
5965,development,611268
5966,final_holdout,611275
5967,development,611329
5968,development,611821
5969,development,612135
5970,development,612230
5971,final_holdout,612247
5972,final_holdout,612566
5973,development,612750
5974,development,613102
5975,development,613135
5976,development,613380
5977,final_holdout,613909
5978,final_holdout,614159
5979,development,615263
5980,development,616660
5981,development,617297
5982,development,617521
5983,development,617525
5984,development,617530
5985,final_holdout,618197
5986,development,618589
5987,development,618734
5988,development,618960
5989,development,618983
5990,development,618994
5991,development,619052
5992,development,619935
5993,development,620000
5994,development,620115
5995,development,620550
5996,development,620698
5997,development,621487
5998,development,621826
5999,final_holdout,621856
6000,final_holdout,622007
6001,development,622117
6002,final_holdout,622313
6003,final_holdout,622573
6004,development,623042
6005,development,623097
6006,development,623376
6007,development,623441
6008,final_holdout,623519
6009,development,623648
6010,final_holdout,623689
6011,development,624342
6012,final_holdout,624709
6013,final_holdout,625666
6014,final_holdout,625709
6015,development,625826
6016,development,626012
6017,development,626075
6018,development,626139
6019,development,626159
6020,development,626195
6021,development,626210
6022,development,626646
6023,development,626740
6024,development,627119
6025,development,627269
6026,development,627563
6027,development,627660
6028,development,627968
6029,development,628388
6030,final_holdout,628656
6031,development,628679
6032,final_holdout,628991
6033,development,629053
6034,development,629127
6035,final_holdout,629245
6036,development,629553
6037,development,630274
6038,final_holdout,630286
6039,development,630343
6040,development,630404
6041,final_holdout,630597
6042,development,630697
6043,development,630716
6044,development,630773
6045,development,630834
6046,development,631230
6047,development,631248
6048,development,631266
6049,development,631416
6050,development,631561
6051,development,631640
6052,development,631775
6053,development,631954
6054,development,632255
6055,final_holdout,632281
6056,final_holdout,632473
6057,development,632605
6058,development,632632
6059,development,632722
6060,final_holdout,632955
6061,final_holdout,633206
6062,final_holdout,633902
6063,development,633949
6064,development,634247
6065,development,634636
6066,final_holdout,634772
6067,development,635328
6068,development,635452
6069,development,635561
6070,development,635777
6071,final_holdout,635890
6072,final_holdout,635921
6073,final_holdout,635924
6074,development,636302
6075,final_holdout,636525
6076,development,636660
6077,final_holdout,636953
6078,final_holdout,637003
6079,development,637063
6080,development,637238
6081,development,637279
6082,development,637348
6083,final_holdout,637370
6084,final_holdout,637382
6085,development,637388
6086,development,637414
6087,development,637586
6088,final_holdout,637715
6089,development,637810
6090,development,637815
6091,development,637820
6092,development,637867
6093,development,637903
6094,development,638036
6095,development,638516
6096,development,638544
6097,development,638554
6098,development,638756
6099,development,638997
6100,development,639663
6101,development,639724
6102,development,640225
6103,development,640265
6104,development,640289
6105,final_holdout,640291
6106,development,640425
6107,final_holdout,640455
6108,final_holdout,640701
6109,development,640706
6110,development,640753
6111,development,641329
6112,development,641616
6113,development,641795
6114,development,641840
6115,development,641992
6116,final_holdout,642067
6117,final_holdout,642075
6118,development,642083
6119,development,642122
6120,final_holdout,642201
6121,final_holdout,642250
6122,development,642405
6123,development,642413
6124,development,642439
6125,development,642550
6126,development,642595
6127,development,642600
6128,development,642633
6129,final_holdout,642698
6130,development,642834
6131,development,642988
6132,development,643172
6133,development,643208
6134,development,643321
6135,final_holdout,643354
6136,final_holdout,643587
6137,development,643608
6138,development,643953
6139,development,643986
6140,development,644069
6141,development,644101
6142,development,644164
6143,development,644172
6144,final_holdout,644362
6145,development,644484
6146,development,644599
6147,development,644793
6148,final_holdout,644822
6149,development,644863
6150,development,644993
6151,development,645042
6152,development,645047
6153,final_holdout,645098
6154,development,645183
6155,development,645248
6156,development,645256
6157,final_holdout,645359
6158,final_holdout,645370
6159,final_holdout,645371
6160,development,645420
6161,development,645639
6162,development,645678
6163,development,645753
6164,development,645793
6165,development,645950
6166,development,646004
6167,final_holdout,646063
6168,development,646075
6169,development,646119
6170,final_holdout,646178
6171,development,646202
6172,development,646260
6173,development,646352
6174,development,646415
6175,final_holdout,646418
6176,development,646482
6177,development,646484
6178,development,646579
6179,development,646618
6180,final_holdout,646659
6181,development,646691
6182,development,646776
6183,development,646781
6184,final_holdout,646798
6185,final_holdout,646844
6186,final_holdout,646852
6187,final_holdout,646901
6188,final_holdout,647056
6189,final_holdout,647200
6190,development,647346
6191,development,647385
6192,development,647393
6193,development,647395
6194,final_holdout,647502
6195,development,647511
6196,development,647553
6197,development,647711
6198,development,647762
6199,final_holdout,647764
6200,final_holdout,647774
6201,development,647803
6202,development,647876
6203,development,647883
6204,development,647967
6205,development,647982
6206,development,648063
6207,final_holdout,648082
6208,development,648119
6209,development,648120
6210,final_holdout,648127
6211,development,648131
6212,final_holdout,648135
6213,development,648182
6214,development,648194
6215,development,648201
6216,development,648262
6217,development,648310
6218,development,648311
6219,development,648335
6220,final_holdout,648386
6221,final_holdout,648391
6222,development,648416
6223,development,648449
6224,development,648476
6225,development,648487
6226,development,648537
6227,development,648543
6228,final_holdout,648549
6229,development,648553
6230,development,648585
6231,development,648676
6232,development,648693
6233,development,648709
6234,final_holdout,648713
6235,development,648728
6236,development,648751
6237,development,648760
6238,development,648778
6239,development,648807
6240,development,648845
6241,development,648928
6242,development,648951
6243,development,648985
6244,development,649018
6245,development,649025
6246,final_holdout,649026
6247,development,649027
6248,development,649110
6249,development,649119
6250,development,649189
6251,final_holdout,649221
6252,development,649231
6253,development,649291
6254,development,649345
6255,development,649518
6256,development,649542
6257,development,649543
6258,development,649578
6259,final_holdout,649621
6260,development,649638
6261,development,649654
6262,final_holdout,649692
6263,development,649742
6264,development,649749
6265,development,649795
6266,development,649824
6267,development,649905
6268,development,649962
6269,development,649980
6270,final_holdout,650050
6271,final_holdout,650114
6272,development,650161
6273,development,650247
6274,development,650269
6275,development,650354
6276,development,650371
6277,development,650433
6278,development,650451
6279,development,650517
6280,development,650531
6281,development,650548
6282,development,650565
6283,development,650606
6284,final_holdout,650797
6285,final_holdout,650953
6286,development,650958
6287,final_holdout,650961
6288,development,650979
6289,development,651004
6290,development,651008
6291,final_holdout,651027
6292,development,651065
6293,development,651087
6294,development,651089
6295,development,651148
6296,final_holdout,651177
6297,development,651209
6298,development,651257
6299,development,651278
6300,development,651324
6301,development,651359
6302,development,651394
6303,development,651415
6304,development,651429
6305,development,651544
6306,development,651605
6307,development,651655
6308,development,651659
6309,development,651678
6310,development,651775
6311,development,651778
6312,final_holdout,651863
6313,development,651883
6314,development,651925
6315,development,651939
6316,final_holdout,651979
6317,development,651980
6318,final_holdout,651991
6319,development,652044
6320,development,652090
6321,development,652105
6322,development,652114
6323,development,652149
6324,development,652156
6325,development,652158
6326,development,652226
6327,development,652288
6328,development,652390
6329,development,652522
6330,development,652553
6331,development,652556
6332,final_holdout,652572
6333,development,652586
6334,development,652605
6335,development,652731
6336,final_holdout,652754
6337,development,652818
6338,development,652851
6339,development,652886
6340,development,652969
6341,development,653027
6342,development,653052
6343,development,653059
6344,final_holdout,653068
6345,development,653086
6346,development,653188
6347,development,653239
6348,development,653240
6349,development,653262
6350,development,653384
6351,development,653465
6352,development,653541
6353,development,653577
6354,development,653597
6355,development,653633
6356,development,653664
6357,final_holdout,653702
6358,development,653752
6359,development,653762
6360,development,653840
6361,development,653870
6362,development,653944
6363,development,653951
6364,development,653958
6365,development,654005
6366,final_holdout,654043
6367,development,654071
6368,development,654206
6369,development,654265
6370,development,654392
6371,development,654404
6372,development,654415
6373,final_holdout,654524
6374,development,654545
6375,final_holdout,654585
6376,development,654657
6377,development,654678
6378,final_holdout,654856
6379,final_holdout,654923
6380,development,655084
6381,development,655086
6382,development,655152
6383,development,655155
6384,development,655230
6385,development,655296
6386,development,655314
6387,development,655342
6388,development,655460
6389,development,655471
6390,development,655546
6391,development,655547
6392,development,655572
6393,development,655605
6394,development,655613
6395,development,655662
6396,development,655668
6397,development,655828
6398,development,656067
6399,final_holdout,656089
6400,development,656122
6401,development,656181
6402,final_holdout,656187
6403,final_holdout,656190
6404,development,656194
6405,development,656196
6406,development,656197
6407,development,656200
6408,development,656204
6409,development,656206
6410,development,656208
6411,development,656217
6412,development,656222
6413,development,656227
6414,development,656253
6415,development,656276
6416,development,656373
6417,final_holdout,656386
6418,development,656455
6419,final_holdout,656475
6420,development,656481
6421,development,656494
6422,development,656522
6423,development,656540
6424,development,656549
6425,development,656557
6426,development,656566
6427,development,656681
6428,final_holdout,656698
6429,development,656711
6430,development,656755
6431,development,656784
6432,development,656873
6433,development,656915
6434,development,656990
6435,development,657032
6436,development,657099
6437,final_holdout,657290
6438,development,657293
6439,development,674201
6440,development,674214
6441,final_holdout,674276
6442,development,674290
6443,final_holdout,674322
6444,development,674349
6445,final_holdout,674495
6446,development,674548
6447,development,674576
6448,development,674605
6449,development,674616
6450,development,674748
6451,development,674758
6452,development,674777
6453,development,674784
6454,development,674922
6455,final_holdout,674960
6456,development,675042
6457,development,675059
6458,development,675085
6459,development,675094
6460,final_holdout,675096
6461,development,675159
6462,development,675223
6463,development,675231
6464,development,675526
6465,development,675576
6466,development,675671
6467,development,675728
6468,development,675750
6469,development,675807
6470,final_holdout,675929
6471,development,676011
6472,final_holdout,676151
6473,development,676169
6474,development,676176
6475,development,676322
6476,final_holdout,676350
6477,final_holdout,676401
6478,development,676428
6479,final_holdout,676604
6480,final_holdout,676633
6481,final_holdout,676705
6482,development,676750
6483,development,676898
6484,development,676948
6485,development,676962
6486,final_holdout,676969
6487,development,677004
6488,development,677154
6489,final_holdout,677201
6490,development,677203
6491,development,677462
6492,development,677498
6493,development,677630
6494,final_holdout,677846
6495,development,677873
6496,development,677877
6497,development,677879
6498,development,677892
6499,development,677922
6500,development,677997
6501,development,678025
6502,development,678038
6503,development,678057
6504,development,678080
6505,development,678085
6506,development,678105
6507,development,678110
6508,development,678144
6509,development,678212
6510,development,678213
6511,final_holdout,678244
6512,development,678246
6513,development,678278
6514,development,678283
6515,final_holdout,678314
6516,development,678335
6517,development,678367
6518,development,678373
6519,development,678444
6520,development,678575
6521,development,678578
6522,development,678623
6523,development,678661
6524,development,678680
6525,development,678688
6526,development,678770
6527,development,678777
6528,development,678801
6529,development,678815
6530,development,678906
6531,development,678953
6532,final_holdout,678955
6533,development,678995
6534,final_holdout,679059
6535,final_holdout,679174
6536,development,679218
6537,development,679232
6538,final_holdout,679439
6539,development,679457
6540,development,679559
6541,development,679716
6542,development,679724
6543,final_holdout,679798
6544,development,679828
6545,development,679918
6546,final_holdout,679967
6547,development,679971
6548,development,679989
6549,final_holdout,680009
6550,development,680146
6551,development,680162
6552,development,680174
6553,development,680219
6554,development,680290
6555,development,680453
6556,development,680471
6557,development,680530
6558,final_holdout,680541
6559,final_holdout,680545
6560,development,680559
6561,development,680591
6562,final_holdout,680723
6563,development,680787
6564,development,680798
6565,development,680862
6566,development,680918
6567,development,680926
6568,final_holdout,680970
6569,development,681150
6570,development,681222
6571,development,681289
6572,development,681384
6573,development,681566
6574,development,681581
6575,development,681710
6576,development,681716
6577,final_holdout,681752
6578,development,681798
6579,final_holdout,681961
6580,development,681984
6581,development,682051
6582,development,682056
6583,development,682058
6584,final_holdout,682107
6585,development,682223
6586,development,682316
6587,development,682343
6588,development,682364
6589,development,682375
6590,development,682409
6591,development,682480
6592,final_holdout,682483
6593,development,682538
6594,development,682627
6595,final_holdout,682731
6596,final_holdout,682887
6597,development,682913
6598,development,683002
6599,development,683120
6600,final_holdout,683140
6601,development,683145
6602,development,683164
6603,development,683202
6604,final_holdout,683275
6605,development,683420
6606,development,683536
6607,development,683548
6608,development,683592
6609,development,683618
6610,final_holdout,683630
6611,development,683664
6612,final_holdout,683705
6613,final_holdout,683742
6614,development,683779
6615,development,683783
6616,development,683817
6617,development,683838
6618,development,683935
6619,final_holdout,683947
6620,development,683987
6621,development,684055
6622,development,684072
6623,development,684098
6624,development,684184
6625,final_holdout,684250
6626,development,684273
6627,development,684319
6628,development,684329
6629,development,684375
6630,development,684420
6631,development,684459
6632,development,684467
6633,development,684615
6634,development,684681
6635,final_holdout,684687
6636,development,684704
6637,development,684833
6638,development,684931
6639,development,684971
6640,development,685000
6641,development,685009
6642,development,685052
6643,development,685079
6644,development,685201
6645,final_holdout,685228
6646,development,685257
6647,final_holdout,685267
6648,development,685318
6649,development,685391
6650,development,685453
6651,final_holdout,685592
6652,development,685602
6653,final_holdout,685653
6654,development,685702
6655,development,685776
6656,development,685779
6657,development,685812
6658,development,685829
6659,development,685830
6660,development,685841
6661,development,685842
6662,development,685900
6663,development,686074
6664,final_holdout,686128
6665,development,686182
6666,development,686191
6667,development,686200
6668,development,686286
6669,final_holdout,686378
6670,development,686402
6671,development,686596
6672,development,686667
6673,development,686670
6674,development,686688
6675,development,686725
6676,development,686762
6677,development,686791
6678,development,686822
6679,development,686837
6680,development,686938
6681,development,686940
6682,development,686953
6683,final_holdout,686987
6684,development,687004
6685,development,687030
6686,development,687037
6687,development,687060
6688,final_holdout,687105
6689,development,687122
6690,development,687157
6691,development,687173
6692,development,687185
6693,development,687217
6694,development,687301
6695,final_holdout,687326
6696,development,687378
6697,final_holdout,687379
6698,development,687402
6699,development,687404
6700,development,687406
6701,development,687421
6702,development,687533
6703,development,687566
6704,final_holdout,687575
6705,final_holdout,687683
6706,development,687688
6707,development,687769
6708,development,687822
6709,final_holdout,688011
6710,development,688106
6711,development,688130
6712,development,688135
6713,development,688144
6714,final_holdout,688167
6715,development,688208
6716,final_holdout,688263
6717,development,688301
6718,development,688376
6719,development,688398
6720,development,688513
6721,final_holdout,688519
6722,development,688599
6723,development,688600
6724,development,688638
6725,development,688954
6726,development,688997
6727,development,689069
6728,final_holdout,689089
6729,development,689094
6730,development,689095
6731,development,689097
6732,development,689107
6733,development,689113
6734,development,689124
6735,development,689129
6736,development,689131
6737,development,689132
6738,development,689139
6739,development,689141
6740,development,689147
6741,final_holdout,689148
6742,development,689157
6743,final_holdout,689178
6744,development,689185
6745,final_holdout,689187
6746,development,689228
6747,final_holdout,689230
6748,development,689265
6749,final_holdout,689267
6750,development,689274
6751,development,689287
6752,development,689298
6753,development,689329
6754,development,689333
6755,development,689397
6756,final_holdout,689406
6757,development,689487
6758,final_holdout,689493
6759,final_holdout,689563
6760,development,689662
6761,final_holdout,689665
6762,development,689727
6763,development,689768
6764,development,689775
6765,final_holdout,689808
6766,development,689828
6767,development,689896
6768,development,689925
6769,final_holdout,689936
6770,development,689975
6771,final_holdout,690003
6772,final_holdout,690089
6773,development,690102
6774,development,690116
6775,development,690211
6776,development,690318
6777,development,690319
6778,development,690359
6779,development,690366
6780,development,690384
6781,development,690430
6782,final_holdout,690469
6783,final_holdout,690548
6784,development,690766
6785,development,690767
6786,final_holdout,690902
6787,final_holdout,690967
6788,development,691006
6789,development,691026
6790,development,691028
6791,development,691094
6792,development,691106
6793,development,691122
6794,final_holdout,691272
6795,development,691312
6796,development,691353
6797,development,691411
6798,development,691413
6799,development,691514
6800,development,691683
6801,final_holdout,691717
6802,development,691835
6803,development,691851
6804,development,691856
6805,development,691869
6806,final_holdout,691907
6807,development,691997
6808,development,692164
6809,final_holdout,692175
6810,development,692181
6811,development,692196
6812,development,692207
6813,final_holdout,692215
6814,development,692355
6815,development,692384
6816,development,692473
6817,development,692474
6818,final_holdout,692479
6819,development,692482
6820,final_holdout,692484
6821,final_holdout,692496
6822,development,692502
6823,development,692515
6824,development,692518
6825,development,692521
6826,development,692522
6827,development,692525
6828,development,692542
6829,final_holdout,692544
6830,development,692547
6831,development,692553
6832,development,692572
6833,development,692609
6834,development,692647
6835,development,692805
6836,development,692826
6837,development,692827
6838,development,692897
6839,development,692907
6840,development,692908
6841,development,692918
6842,development,692920
6843,development,692936
6844,development,692943
6845,development,693091
6846,development,693098
6847,development,693213
6848,development,693230
6849,development,693297
6850,final_holdout,693380
6851,development,693514
6852,development,693635
6853,development,693682
6854,final_holdout,693692
6855,development,693752
6856,development,693793
6857,final_holdout,693871
6858,development,693899
6859,development,693934
6860,development,694078
6861,final_holdout,694155
6862,development,694190
6863,final_holdout,694338
6864,development,694339
6865,development,694341
6866,development,694342
6867,development,694349
6868,development,694380
6869,development,694404
6870,development,694448
6871,development,694473
6872,development,694476
6873,development,694490
6874,development,694526
6875,development,694561
6876,development,694576
6877,development,694616
6878,development,694706
6879,development,694792
6880,final_holdout,694823
6881,development,694857
6882,development,694974
6883,development,694981
6884,development,694983
6885,development,695001
6886,final_holdout,695014
6887,final_holdout,695015
6888,development,695021
6889,development,695027
6890,development,695031
6891,development,695044
6892,development,695047
6893,development,695049
6894,development,695054
6895,development,695070
6896,development,695075
6897,development,695084
6898,development,695144
6899,development,695148
6900,development,695186
6901,development,695205
6902,final_holdout,695235
6903,development,695247
6904,development,695256
6905,development,695259
6906,development,695278
6907,final_holdout,695298
6908,final_holdout,695405
6909,development,695434
6910,development,695461
6911,development,695475
6912,development,695484
6913,development,695510
6914,final_holdout,695516
6915,development,695528
6916,development,695535
6917,development,695613
6918,development,695631
6919,development,695654
6920,development,695972
6921,development,696007
6922,development,696152
6923,development,696203
6924,development,696301
6925,development,696316
6926,final_holdout,696348
6927,development,696440
6928,development,696569
6929,development,696595
6930,development,696616
6931,development,696684
6932,development,696692
6933,development,696724
6934,development,696799
6935,development,696803
6936,development,696804
6937,development,696844
6938,development,696850
6939,development,696890
6940,development,697337
6941,development,697345
6942,development,697417
6943,development,697428
6944,development,697525
6945,final_holdout,697542
6946,final_holdout,697561
6947,development,697562
6948,development,697574
6949,development,697578
6950,development,697649
6951,development,697653
6952,final_holdout,697754
6953,development,697857
6954,development,697909
6955,development,697912
6956,development,697959
6957,final_holdout,697960
6958,final_holdout,697964
6959,development,698010
6960,development,698170
6961,development,698180
6962,final_holdout,698198
6963,development,698199
6964,development,698200
6965,development,698201
6966,development,698203
6967,development,698204
6968,development,698205
6969,final_holdout,698206
6970,development,698207
6971,development,698208
6972,development,698256
6973,development,698345
6974,development,698352
6975,development,698357
6976,development,698362
6977,development,698369
6978,development,698420
6979,development,698432
6980,final_holdout,698463
6981,development,698471
6982,development,698494
6983,development,698507
6984,development,698509
6985,final_holdout,699007
6986,development,699153
6987,final_holdout,699435
6988,final_holdout,699436
6989,final_holdout,699437
6990,development,699488
6991,development,699498
6992,development,699503
6993,development,699651
6994,development,699656
6995,development,700079
6996,development,700086
6997,final_holdout,700441
6998,final_holdout,700458
6999,development,700815
7000,final_holdout,700820
7001,final_holdout,1118432
7002,development,1419671
7003,development,1432518
7004,development,1453140
7005,development,1486048
7006,development,1526770
7007,development,1533277
7008,final_holdout,1536122
7009,development,1536591
7010,development,1547646
7011,development,1560989
7012,final_holdout,1563696
7013,development,1564706
7014,development,1585768
7015,development,1623795
7016,development,1656979
7017,development,1664280
7018,development,1723749
7019,final_holdout,1732956
7020,development,1733023
7021,final_holdout,1752834
7022,development,1757561
7023,final_holdout,1784816
7024,final_holdout,1813493
7025,development,1832218
7026,development,1835389
7027,development,1843123
7028,development,1874935
7029,final_holdout,1891028
7030,development,1903095
7031,final_holdout,1926542
7032,development,1928536
7033,development,1937822
7034,development,1972832
7035,final_holdout,1989014
7036,final_holdout,1993672
7037,development,2009239
7038,development,2035574
7039,development,2045569
7040,development,2049740
7041,development,2091096
7042,final_holdout,2091193
7043,development,2103305
7044,development,2115250
7045,development,2149487
7046,development,2172163
7047,development,2177423
7048,development,2187308
7049,development,2192113
7050,development,2207474
7051,development,2213814
7052,development,2216682
7053,development,2216778
7054,development,2227568
7055,development,2228010
7056,development,2228601
7057,development,2229783
7058,development,2232976
7059,development,2237567
7060,final_holdout,2241250
7061,final_holdout,2242067
7062,development,2248243
7063,development,2251500
7064,final_holdout,2263129
7065,development,2264569
7066,development,2269561
7067,final_holdout,2278390
7068,final_holdout,2281286
7069,development,2296716
7070,development,2299745
7071,development,2318161
7072,development,2321660
7073,final_holdout,2326401
7074,development,2333415
7075,development,2346145
7076,development,2349805
7077,development,2353764
7078,development,2363168
7079,development,2375759
7080,final_holdout,2385665
7081,development,2386867
7082,development,2394741
7083,development,2401304
7084,development,2407594
7085,final_holdout,2410544
7086,development,2414945
7087,final_holdout,2423078
7088,development,2426442
7089,final_holdout,2426864
7090,development,2428341
7091,development,2432551
7092,development,2436711
7093,final_holdout,2444705
7094,development,2446694
7095,development,2448699
7096,development,2449399
7097,final_holdout,2459279
7098,development,2462576
7099,development,2475591
7100,development,2482994
7101,development,2486159
7102,development,2487430
7103,final_holdout,2487573
7104,development,2494258
7105,development,2497624
7106,development,2511519
7107,final_holdout,2520290
7108,development,2520649
7109,development,2537934
7110,development,2542310
7111,development,2545047
7112,final_holdout,2552708
7113,development,2559992
7114,development,2567715
7115,development,2570396
7116,final_holdout,2576637
7117,development,2578532
7118,development,2580626
7119,development,2594368
7120,development,2599784
7121,development,2610745
7122,development,2611512
7123,development,2614777
7124,development,2622652
7125,development,2623656
7126,development,2627398
7127,development,2631298
7128,development,2634319
7129,development,2638403
7130,development,2660510
7131,final_holdout,2670300
7132,final_holdout,2677541
7133,development,2681505
7134,development,2681940
7135,development,2682693
7136,final_holdout,2685247
7137,final_holdout,2687858
7138,development,2688495
7139,development,2688945
7140,final_holdout,2692969
7141,development,2694919
7142,development,2698577
7143,development,2698588
7144,development,2698591
7145,development,28418
7146,development,29764
7147,development,29820
7148,final_holdout,40604
7149,development,42638
7150,development,45664
7151,development,46605
7152,development,49119
7153,development,50263
7154,development,51576
7155,development,54391
7156,development,57340
7157,development,62278
7158,development,64296
7159,final_holdout,66254
7160,development,69703
7161,development,70381
7162,development,70771
7163,development,74290
7164,development,75454
7165,final_holdout,75728
7166,development,79461
7167,final_holdout,80329
7168,development,82575
7169,development,83219
7170,development,83453
7171,development,84299
7172,development,86047
7173,final_holdout,94484
7174,development,95906
7175,final_holdout,96538
7176,development,100621
7177,final_holdout,105523
7178,development,107028
7179,development,107339
7180,development,108834
7181,development,116518
7182,final_holdout,117232
7183,development,118098
7184,development,119729
7185,development,122392
7186,development,123598
7187,development,124193
7188,development,126337
7189,development,126394
7190,development,126395
7191,development,128510
7192,development,129198
7193,development,129638
7194,development,129878
7195,development,131145
7196,development,131933
7197,final_holdout,132191
7198,final_holdout,133104
7199,development,134025
7200,development,135330
7201,development,135792
7202,development,142935
7203,final_holdout,145282
7204,development,147675
7205,final_holdout,151549
7206,development,152428
7207,development,152962
7208,development,155067
7209,final_holdout,155963
7210,development,160300
7211,development,162650
7212,development,165647
7213,development,165733
7214,development,166160
7215,development,167791
7216,final_holdout,168178
7217,final_holdout,169380
7218,development,170025
7219,development,170864
7220,development,172301
7221,development,172965
7222,development,175490
7223,final_holdout,177967
7224,development,178072
7225,development,178496
7226,development,179904
7227,development,180976
7228,development,187435
7229,development,189428
7230,development,189624
7231,final_holdout,191797
7232,final_holdout,193163
7233,final_holdout,198902
7234,development,200372
7235,development,201327
7236,development,204725
7237,development,205398
7238,development,205425
7239,development,206245
7240,final_holdout,206599
7241,final_holdout,227192
7242,development,227752
7243,development,228153
7244,development,228743
7245,development,229499
7246,development,230761
7247,development,231339
7248,development,232833
7249,development,233444
7250,development,234068
7251,development,234311
7252,development,234740
7253,final_holdout,236205
7254,development,236620
7255,development,237934
7256,development,239707
7257,development,241955
7258,development,242858
7259,development,244977
7260,final_holdout,245217
7261,development,245494
7262,development,246248
7263,development,247819
7264,development,250092
7265,development,251385
7266,development,253859
7267,development,255310
7268,development,256532
7269,development,260062
7270,development,260949
7271,development,261042
7272,development,261265
7273,final_holdout,261615
7274,development,262391
7275,development,264159
7276,final_holdout,266040
7277,development,266558
7278,development,266915
7279,development,267118
7280,development,268018
7281,development,269676
7282,development,278861
7283,development,279868
7284,development,281261
7285,development,281801
7286,development,282193
7287,development,283798
7288,final_holdout,284812
7289,development,285170
7290,development,285475
7291,development,289009
7292,development,290382
7293,final_holdout,291805
7294,final_holdout,295893
7295,development,296411
7296,development,298040
7297,development,300059
7298,final_holdout,300594
7299,final_holdout,300611
7300,development,301232
7301,final_holdout,305876
7302,development,308391
7303,development,308918
7304,development,309118
7305,development,310088
7306,development,311616
7307,development,312886
7308,development,314555
7309,development,315322
7310,development,315728
7311,development,316061
7312,development,316227
7313,development,319042
7314,development,320153
7315,development,321112
7316,development,324257
7317,development,325497
7318,final_holdout,328261
7319,development,329673
7320,final_holdout,330862
7321,development,335553
7322,development,335648
7323,development,336398
7324,development,336695
7325,final_holdout,338604
7326,development,338731
7327,final_holdout,342089
7328,development,342957
7329,development,342974
7330,development,344367
7331,final_holdout,344396
7332,development,345256
7333,development,347764
7334,final_holdout,348050
7335,development,348159
7336,development,349069
7337,final_holdout,351328
7338,development,351577
7339,development,351775
7340,development,353660
7341,final_holdout,353804
7342,development,354607
7343,development,355143
7344,development,356274
7345,final_holdout,356523
7346,final_holdout,357176
7347,development,357851
7348,development,357942
7349,development,358075
7350,final_holdout,359114
7351,final_holdout,360547
7352,development,361410
7353,development,362223
7354,development,363374
7355,development,363773
7356,development,363906
7357,development,363939
7358,final_holdout,364920
7359,development,365993
7360,development,366310
7361,development,368483
7362,development,368876
7363,final_holdout,370336
7364,development,371526
7365,development,371901
7366,development,372812
7367,final_holdout,374028
7368,development,374756
7369,development,376701
7370,final_holdout,378920
7371,final_holdout,379406
7372,development,381240
7373,final_holdout,381927
7374,development,383140
7375,development,383158
7376,development,383311
7377,final_holdout,383347
7378,development,383372
7379,development,383971
7380,development,385120
7381,development,385387
7382,final_holdout,386189
7383,development,387009
7384,final_holdout,388538
7385,development,388708
7386,development,388750
7387,development,391343
7388,development,391419
7389,development,392289
7390,development,392526
7391,development,394311
7392,development,394341
7393,development,396825
7394,development,397506
7395,development,398487
7396,development,400063
7397,development,401296
7398,development,401903
7399,development,403085
7400,development,404239
7401,development,406265
7402,development,406846
7403,final_holdout,406908
7404,final_holdout,406937
7405,development,407453
7406,final_holdout,407818
7407,development,408371
7408,development,408413
7409,final_holdout,409540
7410,development,410203
7411,final_holdout,410407
7412,development,410699
7413,development,410886
7414,development,412258
7415,development,412284
7416,development,413083
7417,final_holdout,416500
7418,development,416689
7419,development,416860
7420,final_holdout,417820
7421,final_holdout,418224
7422,development,418623
7423,development,418971
7424,development,419233
7425,development,419536
7426,development,420345
7427,development,420528
7428,development,420935
7429,final_holdout,421209
7430,development,421712
7431,development,423879
7432,final_holdout,424082
7433,development,424112
7434,development,424950
7435,development,425287
7436,development,426610
7437,final_holdout,426616
7438,development,429065
7439,development,429185
7440,development,430686
7441,development,431014
7442,development,431386
7443,development,432278
7444,development,434562
7445,development,434573
7446,development,436058
7447,development,438313
7448,development,438796
7449,final_holdout,440323
7450,development,440905
7451,development,441540
7452,development,441606
7453,development,442954
7454,development,445777
7455,final_holdout,445917
7456,development,445972
7457,development,446295
7458,development,446628
7459,development,447306
7460,development,464236
7461,final_holdout,465406
7462,development,465719
7463,final_holdout,465843
7464,final_holdout,466289
7465,development,466714
7466,final_holdout,467230
7467,development,467753
7468,development,467894
7469,development,468753
7470,development,469761
7471,development,470002
7472,development,471018
7473,development,471580
7474,development,471657
7475,development,471979
7476,development,472087
7477,development,472309
7478,development,473965
7479,development,474283
7480,development,474759
7481,development,475149
7482,development,475556
7483,development,475945
7484,final_holdout,476108
7485,development,476937
7486,final_holdout,477067
7487,development,478212
7488,final_holdout,478550
7489,final_holdout,478977
7490,final_holdout,479607
7491,development,479725
7492,final_holdout,479753
7493,development,480604
7494,development,480929
7495,development,480943
7496,development,482280
7497,development,482745
7498,development,483108
7499,development,483267
7500,development,483275
7501,development,484174
7502,development,484464
7503,development,485312
7504,development,485374
7505,development,485594
7506,final_holdout,485604
7507,final_holdout,485944
7508,development,486378
7509,development,487494
7510,final_holdout,487629
7511,development,488431
7512,final_holdout,489929
7513,development,490024
7514,development,490081
7515,development,490282
7516,development,490297
7517,final_holdout,490587
7518,development,490662
7519,development,490768
7520,final_holdout,490769
7521,development,491170
7522,development,491232
7523,development,491742
7524,development,491843
7525,development,492357
7526,development,492900
7527,final_holdout,493822
7528,development,493988
7529,development,494389
7530,final_holdout,494919
7531,development,495320
7532,development,496108
7533,development,497080
7534,development,498043
7535,development,498138
7536,development,498741
7537,development,500006
7538,development,500189
7539,development,500597
7540,development,501339
7541,development,501443
7542,final_holdout,501652
7543,development,502465
7544,development,502554
7545,development,502833
7546,development,502868
7547,development,502929
7548,development,503469
7549,final_holdout,503872
7550,development,504057
7551,final_holdout,505235
7552,development,505520
7553,development,505767
7554,final_holdout,505815
7555,final_holdout,506206
7556,development,507034
7557,development,507388
7558,development,507523
7559,development,507671
7560,final_holdout,508025
7561,development,509029
7562,development,509102
7563,final_holdout,509122
7564,development,509183
7565,development,509649
7566,development,509839
7567,development,510070
7568,development,510694
7569,development,510914
7570,development,511473
7571,development,511657
7572,development,512353
7573,development,512475
7574,development,512582
7575,development,513638
7576,development,513934
7577,development,514000
7578,development,514186
7579,development,515046
7580,development,515107
7581,development,515278
7582,development,515515
7583,development,515774
7584,development,515936
7585,development,516024
7586,development,516238
7587,development,516496
7588,development,516685
7589,development,516726
7590,development,517999
7591,development,518116
7592,final_holdout,518363
7593,final_holdout,518862
7594,final_holdout,519544
7595,development,519589
7596,final_holdout,520377
7597,development,520588
7598,development,521051
7599,development,521297
7600,development,521542
7601,development,521614
7602,development,522312
7603,development,522484
7604,development,522682
7605,final_holdout,523061
7606,development,523079
7607,development,523239
7608,development,523335
7609,development,523710
7610,development,524128
7611,development,524295
7612,development,524378
7613,development,524386
7614,final_holdout,525332
7615,development,525832
7616,development,526073
7617,development,526235
7618,development,526547
7619,development,526564
7620,development,526876
7621,development,526927
7622,final_holdout,527771
7623,development,527826
7624,development,527964
7625,development,528021
7626,development,528023
7627,development,528066
7628,development,528892
7629,development,529025
7630,development,529073
7631,development,529078
7632,development,529153
7633,final_holdout,529434
7634,development,530113
7635,development,530481
7636,development,530650
7637,development,530936
7638,final_holdout,531047
7639,final_holdout,531075
7640,development,532020
7641,final_holdout,532350
7642,final_holdout,532531
7643,development,532565
7644,final_holdout,532718
7645,development,532859
7646,development,533004
7647,development,534074
7648,development,535047
7649,development,535682
7650,development,536032
7651,development,536170
7652,final_holdout,536261
7653,development,536435
7654,final_holdout,536536
7655,development,537322
7656,final_holdout,537603
7657,development,537606
7658,development,537622
7659,development,537654
7660,development,537658
7661,final_holdout,538887
7662,final_holdout,539328
7663,development,539514
7664,development,539784
7665,development,539971
7666,development,540686
7667,development,541003
7668,development,541184
7669,development,542050
7670,development,542721
7671,development,543170
7672,development,543417
7673,final_holdout,543475
7674,development,543678
7675,development,543924
7676,development,543948
7677,final_holdout,544090
7678,development,544467
7679,development,544490
7680,final_holdout,544594
7681,development,544791
7682,development,544839
7683,final_holdout,545045
7684,final_holdout,545740
7685,development,545747
7686,development,546400
7687,development,546675
7688,development,547287
7689,development,547332
7690,development,547413
7691,development,547571
7692,development,547986
7693,development,548261
7694,development,548383
7695,development,548386
7696,development,548509
7697,development,548602
7698,development,548677
7699,development,548764
7700,development,548854
7701,development,549636
7702,development,549928
7703,development,549951
7704,final_holdout,550092
7705,development,550545
7706,development,550812
7707,development,550893
7708,development,551115
7709,development,551267
7710,development,551304
7711,final_holdout,551478
7712,development,551528
7713,development,551604
7714,final_holdout,551856
7715,final_holdout,551902
7716,development,552166
7717,final_holdout,552441
7718,development,552498
7719,development,552590
7720,development,552913
7721,development,553021
7722,development,553280
7723,development,553394
7724,development,553410
7725,development,553655
7726,final_holdout,553741
7727,development,554141
7728,development,554205
7729,development,554583
7730,development,554870
7731,development,554951
7732,final_holdout,555008
7733,development,555368
7734,development,555604
7735,final_holdout,555706
7736,development,555953
7737,development,556042
7738,development,556109
7739,development,556246
7740,development,556295
7741,development,556521
7742,development,556584
7743,final_holdout,556587
7744,development,556858
7745,development,556918
7746,development,557172
7747,final_holdout,557700
7748,development,557995
7749,final_holdout,558122
7750,development,558444
7751,development,558471
7752,development,558518
7753,development,558616
7754,development,558914
7755,development,559157
7756,development,559469
7757,development,559706
7758,final_holdout,559770
7759,final_holdout,559912
7760,final_holdout,559977
7761,development,560114
7762,development,560311
7763,final_holdout,560494
7764,development,560784
7765,development,560951
7766,development,561363
7767,development,561559
7768,development,561774
7769,development,562450
7770,development,562585
7771,final_holdout,562825
7772,development,563046
7773,development,563631
7774,final_holdout,563819
7775,development,563967
7776,development,564700
7777,final_holdout,565399
7778,development,565838
7779,final_holdout,565883
7780,development,566185
7781,development,566310
7782,development,566428
7783,development,566664
7784,development,566670
7785,development,566715
7786,development,566871
7787,development,566872
7788,development,568047
7789,final_holdout,568084
7790,development,569080
7791,development,569108
7792,final_holdout,569342
7793,development,569609
7794,development,569712
7795,development,570113
7796,development,570410
7797,development,570514
7798,development,570872
7799,development,570967
7800,development,571025
7801,development,571129
7802,development,571233
7803,development,571389
7804,final_holdout,571571
7805,development,571595
7806,development,571776
7807,development,571992
7808,development,572036
7809,development,572279
7810,development,572303
7811,development,572382
7812,final_holdout,572401
7813,development,572438
7814,final_holdout,572570
7815,development,572854
7816,development,572891
7817,development,573153
7818,development,573166
7819,development,573197
7820,development,573377
7821,development,573440
7822,development,573558
7823,development,573662
7824,development,573696
7825,development,573697
7826,development,573701
7827,final_holdout,574221
7828,development,574283
7829,final_holdout,574529
7830,final_holdout,574551
7831,development,574580
7832,final_holdout,574663
7833,development,574817
7834,final_holdout,575166
7835,development,575545
7836,development,575733
7837,development,575745
7838,final_holdout,575824
7839,development,575967
7840,development,576191
7841,development,576383
7842,final_holdout,576413
7843,development,576475
7844,development,576516
7845,development,576780
7846,development,576782
7847,final_holdout,577035
7848,development,577236
7849,development,577245
7850,development,577273
7851,development,577352
7852,development,577414
7853,development,577427
7854,development,577502
7855,development,577686
7856,final_holdout,578034
7857,development,578189
7858,development,578450
7859,development,578541
7860,development,578655
7861,development,578823
7862,development,578850
7863,development,578958
7864,development,579027
7865,final_holdout,579321
7866,development,579340
7867,development,579343
7868,development,579372
7869,development,579550
7870,final_holdout,580511
7871,development,580525
7872,final_holdout,580689
7873,final_holdout,580768
7874,development,580779
7875,development,581123
7876,final_holdout,581328
7877,development,581611
7878,development,581614
7879,final_holdout,581744
7880,development,582087
7881,development,582108
7882,development,582827
7883,development,582879
7884,development,582950
7885,development,583032
7886,development,583052
7887,development,583192
7888,development,583906
7889,final_holdout,584077
7890,development,584191
7891,development,584446
7892,final_holdout,584756
7893,development,584771
7894,development,584940
7895,development,585057
7896,development,585093
7897,development,585383
7898,development,585393
7899,development,585397
7900,development,585455
7901,development,585681
7902,final_holdout,585695
7903,development,585709
7904,development,585769
7905,final_holdout,585900
7906,development,586060
7907,development,586132
7908,development,586436
7909,development,586473
7910,final_holdout,586526
7911,development,586716
7912,development,586921
7913,development,587585
7914,development,587621
7915,development,587783
7916,development,587906
7917,development,587911
7918,development,588219
7919,development,588274
7920,development,588402
7921,development,588430
7922,final_holdout,588460
7923,development,588464
7924,development,588473
7925,development,588524
7926,development,588590
7927,development,588676
7928,development,588707
7929,development,588710
7930,development,588846
7931,final_holdout,588956
7932,development,589327
7933,development,589390
7934,development,589525
7935,final_holdout,589722
7936,final_holdout,589894
7937,development,590072
7938,development,590762
7939,final_holdout,590877
7940,development,590914
7941,development,590961
7942,development,590974
7943,development,591375
7944,development,591388
7945,development,591566
7946,development,591619
7947,development,591655
7948,development,591719
7949,development,591738
7950,development,591958
7951,final_holdout,592007
7952,development,592051
7953,development,592093
7954,development,592151
7955,development,592158
7956,development,592259
7957,final_holdout,592429
7958,final_holdout,592609
7959,development,592775
7960,development,592776
7961,development,592842
7962,development,592876
7963,final_holdout,592939
7964,development,592961
7965,development,592976
7966,development,593071
7967,development,593103
7968,final_holdout,593123
7969,final_holdout,593305
7970,development,593787
7971,final_holdout,593823
7972,final_holdout,593972
7973,development,593995
7974,development,594044
7975,development,594111
7976,final_holdout,594157
7977,development,594193
7978,development,594246
7979,development,594371
7980,final_holdout,594851
7981,development,595164
7982,development,595182
7983,development,595189
7984,development,595324
7985,development,595356
7986,development,595492
7987,development,595514
7988,final_holdout,595659
7989,development,595685
7990,development,595781
7991,final_holdout,595797
7992,development,595847
7993,development,595986
7994,development,596035
7995,development,596157
7996,final_holdout,596321
7997,development,596432
7998,development,596731
7999,development,596903
8000,development,596947
8001,development,597181
8002,development,597403
8003,development,597817
8004,development,597926
8005,development,598074
8006,development,598113
8007,development,598321
8008,development,598662
8009,development,598666
8010,final_holdout,598860
8011,final_holdout,598924
8012,final_holdout,599263
8013,final_holdout,599275
8014,development,599542
8015,development,599615
8016,final_holdout,599857
8017,development,599893
8018,development,599902
8019,development,599937
8020,final_holdout,599942
8021,development,599958
8022,development,600073
8023,final_holdout,600094
8024,development,600142
8025,development,600181
8026,development,600335
8027,development,600509
8028,development,600547
8029,final_holdout,600632
8030,final_holdout,600859
8031,development,600945
8032,development,600975
8033,development,600987
8034,development,601021
8035,development,601175
8036,final_holdout,601224
8037,development,601550
8038,development,601731
8039,final_holdout,601757
8040,final_holdout,601872
8041,development,601949
8042,development,602030
8043,development,602042
8044,development,602107
8045,development,602133
8046,final_holdout,602269
8047,development,602398
8048,development,602585
8049,development,602703
8050,development,602718
8051,development,602902
8052,development,602913
8053,development,603053
8054,development,603222
8055,final_holdout,603239
8056,development,603477
8057,development,603498
8058,final_holdout,603639
8059,development,603791
8060,development,603832
8061,development,603859
8062,development,604164
8063,development,604517
8064,development,604571
8065,development,604655
8066,development,604723
8067,development,604997
8068,development,605144
8069,development,605180
8070,development,605266
8071,development,605571
8072,development,605688
8073,development,605703
8074,development,606206
8075,development,606282
8076,development,606350
8077,development,606444
8078,development,606665
8079,development,606724
8080,final_holdout,606828
8081,development,606930
8082,development,607052
8083,development,607061
8084,development,607411
8085,development,607636
8086,development,607835
8087,development,607927
8088,development,607966
8089,development,608130
8090,development,608152
8091,development,608243
8092,development,608464
8093,development,608472
8094,final_holdout,608504
8095,development,608577
8096,final_holdout,608735
8097,development,608753
8098,development,608904
8099,final_holdout,609025
8100,development,609045
8101,development,609192
8102,development,609229
8103,final_holdout,609489
8104,development,609515
8105,development,609602
8106,development,609645
8107,final_holdout,610099
8108,development,610158
8109,development,610287
8110,development,610391
8111,development,610575
8112,final_holdout,610577
8113,development,610718
8114,development,610831
8115,development,611062
8116,development,611176
8117,development,611260
8118,development,611402
8119,development,611865
8120,development,612023
8121,development,612119
8122,development,612287
8123,development,612381
8124,development,612644
8125,development,612673
8126,development,612814
8127,development,612882
8128,development,613116
8129,development,613133
8130,development,613310
8131,development,613387
8132,development,613417
8133,development,613461
8134,development,613501
8135,development,614059
8136,development,614263
8137,development,614477
8138,development,614733
8139,development,614804
8140,development,614844
8141,final_holdout,614952
8142,development,615031
8143,development,615229
8144,final_holdout,615246
8145,development,615249
8146,development,615321
8147,development,615407
8148,development,615437
8149,final_holdout,616333
8150,development,616334
8151,development,616407
8152,development,616831
8153,development,617186
8154,final_holdout,617331
8155,final_holdout,617348
8156,development,617355
8157,development,617365
8158,development,617416
8159,development,617781
8160,development,617898
8161,development,617942
8162,final_holdout,618002
8163,development,618096
8164,development,618129
8165,development,618279
8166,final_holdout,618571
8167,development,618619
8168,development,618665
8169,final_holdout,618679
8170,final_holdout,618824
8171,development,619006
8172,final_holdout,619014
8173,development,619303
8174,development,619447
8175,development,619870
8176,development,620148
8177,development,620266
8178,development,620368
8179,development,620369
8180,development,620440
8181,development,620485
8182,development,620646
8183,final_holdout,620713
8184,development,620876
8185,development,620897
8186,development,620918
8187,final_holdout,620974
8188,development,620977
8189,final_holdout,621401
8190,final_holdout,621655
8191,development,621656
8192,development,622215
8193,development,622302
8194,development,622368
8195,development,622386
8196,development,622652
8197,development,622753
8198,development,622773
8199,development,622787
8200,development,622804
8201,development,622948
8202,development,623052
8203,development,623250
8204,development,623290
8205,development,623347
8206,development,623421
8207,development,623456
8208,final_holdout,623562
8209,final_holdout,623605
8210,final_holdout,623609
8211,final_holdout,623667
8212,development,623707
8213,development,623732
8214,development,623780
8215,development,623797
8216,final_holdout,624039
8217,development,624060
8218,development,624126
8219,final_holdout,624127
8220,development,624134
8221,development,624164
8222,development,624441
8223,development,624445
8224,development,624483
8225,development,624591
8226,final_holdout,624765
8227,final_holdout,624782
8228,final_holdout,624810
8229,development,624875
8230,development,624970
8231,final_holdout,625014
8232,development,625028
8233,development,625077
8234,final_holdout,625078
8235,development,625108
8236,final_holdout,625128
8237,development,625330
8238,final_holdout,625423
8239,development,625453
8240,development,625476
8241,development,625517
8242,development,625527
8243,development,625552
8244,development,625574
8245,final_holdout,625614
8246,development,625684
8247,final_holdout,625714
8248,final_holdout,625740
8249,development,625745
8250,development,625782
8251,development,625790
8252,final_holdout,625822
8253,development,625838
8254,development,625841
8255,development,625953
8256,final_holdout,625975
8257,development,626055
8258,development,626183
8259,development,626252
8260,development,626417
8261,final_holdout,626444
8262,final_holdout,626501
8263,development,626516
8264,final_holdout,626614
8265,development,626712
8266,development,626714
8267,development,626763
8268,final_holdout,626857
8269,development,626862
8270,development,626877
8271,final_holdout,626906
8272,development,626930
8273,development,626998
8274,development,627066
8275,development,627136
8276,development,627168
8277,final_holdout,627253
8278,development,627343
8279,development,627348
8280,development,627374
8281,final_holdout,627386
8282,development,627387
8283,final_holdout,627399
8284,development,627435
8285,development,627500
8286,development,627520
8287,development,627635
8288,development,627691
8289,development,627711
8290,final_holdout,627747
8291,development,627750
8292,development,627784
8293,development,627933
8294,development,627947
8295,development,628029
8296,development,628053
8297,development,628086
8298,development,628090
8299,development,628122
8300,final_holdout,628157
8301,development,628214
8302,development,628293
8303,development,628366
8304,final_holdout,628383
8305,final_holdout,628506
8306,development,628527
8307,final_holdout,628565
8308,development,628575
8309,development,628663
8310,final_holdout,628771
8311,development,629081
8312,final_holdout,629164
8313,development,629270
8314,development,629342
8315,development,629500
8316,development,629613
8317,final_holdout,629628
8318,development,629654
8319,development,629694
8320,development,629696
8321,development,629710
8322,development,629766
8323,development,629773
8324,development,629798
8325,development,629862
8326,development,629890
8327,development,629936
8328,development,630005
8329,development,630012
8330,development,630047
8331,development,630086
8332,development,630152
8333,development,630157
8334,development,630178
8335,development,630200
8336,development,630211
8337,development,630449
8338,final_holdout,630471
8339,development,630540
8340,final_holdout,630573
8341,development,630585
8342,development,630606
8343,development,630613
8344,development,630635
8345,development,630730
8346,development,630825
8347,development,630888
8348,development,630896
8349,development,630912
8350,final_holdout,631044
8351,development,631051
8352,final_holdout,631075
8353,final_holdout,631122
8354,final_holdout,631216
8355,development,631300
8356,final_holdout,631334
8357,final_holdout,631453
8358,development,631455
8359,development,631473
8360,final_holdout,631583
8361,development,631655
8362,development,631699
8363,development,631715
8364,development,631770
8365,development,631772
8366,development,631850
8367,development,631925
8368,development,631929
8369,development,631981
8370,development,632017
8371,development,632037
8372,final_holdout,632074
8373,development,632107
8374,final_holdout,632111
8375,development,632133
8376,development,632134
8377,final_holdout,632135
8378,development,632190
8379,development,632242
8380,development,632312
8381,final_holdout,632313
8382,development,632459
8383,development,632506
8384,development,632546
8385,development,632554
8386,final_holdout,632571
8387,development,632597
8388,development,632691
8389,development,632836
8390,development,632856
8391,development,632889
8392,development,632900
8393,development,633071
8394,development,633112
8395,development,633178
8396,development,633240
8397,development,633243
8398,development,633250
8399,development,633256
8400,development,633270
8401,development,633281
8402,development,633310
8403,development,633330
8404,development,633341
8405,development,633384
8406,development,633395
8407,development,633432
8408,final_holdout,633447
8409,final_holdout,633460
8410,final_holdout,633493
8411,final_holdout,633637
8412,development,633679
8413,development,633695
8414,development,633722
8415,development,633857
8416,development,633942
8417,development,633998
8418,development,634040
8419,development,634128
8420,development,634157
8421,development,634167
8422,development,634216
8423,development,634217
8424,development,634241
8425,development,634279
8426,development,634349
8427,development,634414
8428,development,634433
8429,development,634500
8430,development,634507
8431,development,634512
8432,final_holdout,634570
8433,final_holdout,634578
8434,development,634589
8435,development,634618
8436,development,634649
8437,final_holdout,634671
8438,development,634744
8439,development,634816
8440,development,634853
8441,development,634862
8442,final_holdout,634878
8443,development,635034
8444,development,635041
8445,development,635043
8446,development,635109
8447,development,635416
8448,final_holdout,635515
8449,development,856294
8450,development,917586
8451,development,925553
8452,development,949548
8453,development,984619
8454,development,992544
8455,development,1038161
8456,final_holdout,1057883
8457,development,1073766
8458,development,1087710
8459,development,1095916
8460,development,1100639
8461,development,1115623
8462,development,1187586
8463,development,1268772
8464,development,1270832
8465,final_holdout,1307784
8466,development,1311171
8467,final_holdout,1416784
8468,development,1440467
8469,development,1442991
8470,development,1462676
8471,development,1468838
8472,final_holdout,1470291
8473,development,1474869
8474,final_holdout,1493739
8475,development,1534494
8476,final_holdout,1541906
8477,final_holdout,1560205
8478,development,1561431
8479,final_holdout,1568828
8480,development,1591013
8481,development,1632487
8482,development,1644328
8483,development,1668504
8484,development,1671811
8485,final_holdout,1672690
8486,development,1673876
8487,development,1678014
8488,final_holdout,1678800
8489,development,1691815
8490,development,1694780
8491,development,1715237
8492,development,1739026
8493,development,1750405
8494,final_holdout,1753458
8495,development,1763378
8496,development,1769985
8497,development,1774071
8498,development,1780737
8499,development,1781834
8500,final_holdout,1828112
8501,development,1841267
8502,final_holdout,1848820
8503,development,1855583
8504,development,1876636
8505,development,1877015
8506,development,1888343
8507,development,1891323
8508,development,1894419
8509,development,1896088
8510,development,1906919
8511,final_holdout,1908526
8512,development,1911513
8513,development,1922200
8514,development,1924641
8515,final_holdout,1930146
8516,development,1930644
8517,development,1942999
8518,development,1945240
8519,development,1947911
8520,development,1951080
8521,development,1951139
8522,development,1969407
8523,development,1997164
8524,development,2008262
8525,development,2016517
8526,final_holdout,2030117
8527,development,2032058
8528,development,2044299
8529,development,2047421
8530,development,2049668
8531,development,2056643
8532,final_holdout,2063578
8533,development,2064873
8534,final_holdout,2066504
8535,final_holdout,2087182
8536,development,2088765
8537,development,2109119
8538,development,2110039
8539,development,2113778
8540,final_holdout,2131908
8541,final_holdout,2134237
8542,development,2134304
8543,development,2139037
8544,development,2146277
8545,development,2147620
8546,development,2147713
8547,final_holdout,2156058
8548,development,2171264
8549,development,2171834
8550,development,2178929
8551,development,2187422
8552,development,2211797
8553,final_holdout,2213982
8554,final_holdout,2236538
8555,development,2238904
8556,development,2239848
8557,development,2241036
8558,development,2247222
8559,development,2252437
8560,final_holdout,2258228
8561,development,2289032
8562,final_holdout,2298895
8563,final_holdout,2327710
8564,final_holdout,2329539
8565,development,2341839
8566,development,2347802
8567,development,2358707
8568,development,2367058
8569,development,2375259
8570,development,2384687
8571,development,2389754
8572,development,2391004
8573,development,2410459
8574,development,2410519
8575,development,2418732
8576,development,2419115
8577,final_holdout,2421961
8578,final_holdout,2433069
8579,final_holdout,2433221
8580,development,2447528
8581,final_holdout,2451726
8582,development,2454878
8583,development,2471283
8584,development,2473058
8585,final_holdout,2478799
8586,development,2486769
8587,development,2488382
8588,development,2488713
8589,development,2494507
8590,final_holdout,2498388
8591,final_holdout,2503063
8592,development,2513997
8593,development,2517778
8594,development,2522932
8595,development,2526493
8596,development,2529663
8597,development,2545113
8598,development,2548877
8599,development,2555596
8600,development,2556060
8601,development,2558365
8602,development,2564333
8603,development,2564711
8604,development,2567038
8605,final_holdout,2569090
8606,development,2569834
8607,development,2569912
8608,development,2577091
8609,final_holdout,2581603
8610,development,2588201
8611,development,2598913
8612,development,2602235
8613,development,2602264
8614,development,2603195
8615,final_holdout,2607849
8616,development,2609908
8617,final_holdout,2613331
8618,final_holdout,2615849
8619,development,2616950
8620,final_holdout,2617635
8621,development,2620636
8622,development,2621734
8623,development,2623263
8624,development,2629436
8625,development,2631703
8626,development,2634238
8627,development,2639310
8628,development,2641486
8629,development,2644404
8630,final_holdout,2652523
8631,development,2658268
8632,development,2659556
8633,development,2661696
8634,development,2665399
8635,development,2668550
8636,final_holdout,2677969
8637,development,2680742
8638,development,2681198
8639,development,2686578
8640,development,2692327
8641,final_holdout,2697181
8642,development,2698535
8643,development,23698
8644,final_holdout,25261
8645,development,27116
8646,development,28787
8647,final_holdout,29411
8648,development,29420
8649,development,29639
8650,development,30096
8651,final_holdout,30850
8652,development,31161
8653,development,34068
8654,development,35355
8655,development,35508
8656,development,37652
8657,development,42746
8658,development,46705
8659,development,51576
8660,development,53300
8661,development,54062
8662,final_holdout,60809
8663,final_holdout,61227
8664,development,61236
8665,development,63371
8666,development,69494
8667,development,70214
8668,development,70495
8669,development,71723
8670,development,72609
8671,final_holdout,73664
8672,development,74290
8673,development,76949
8674,development,79461
8675,final_holdout,80329
8676,final_holdout,80491
8677,development,80868
8678,development,91040
8679,development,94978
8680,development,96864
8681,development,96874
8682,development,100788
8683,development,102209
8684,development,104480
8685,development,105168
8686,development,105413
8687,development,107883
8688,development,109577
8689,final_holdout,112454
8690,development,114367
8691,development,120236
8692,development,123598
8693,final_holdout,124711
8694,development,125777
8695,development,126812
8696,final_holdout,128072
8697,development,128510
8698,development,130671
8699,development,131222
8700,development,131663
8701,development,131933
8702,final_holdout,133419
8703,development,134190
8704,development,136335
8705,development,137281
8706,final_holdout,138861
8707,development,138997
8708,development,142092
8709,final_holdout,144745
8710,development,145114
8711,development,145490
8712,final_holdout,145640
8713,development,155298
8714,development,155956
8715,final_holdout,160536
8716,final_holdout,161781
8717,development,164968
8718,development,165647
8719,development,165733
8720,development,169297
8721,final_holdout,170030
8722,development,171896
8723,development,175638
8724,development,178072
8725,development,181861
8726,development,182854
8727,development,185057
8728,development,185127
8729,development,185451
8730,development,188251
8731,development,188273
8732,final_holdout,188662
8733,development,190780
8734,development,196189
8735,development,199261
8736,final_holdout,199361
8737,development,199760
8738,development,200372
8739,development,201425
8740,development,232072
8741,development,233444
8742,final_holdout,234957
8743,final_holdout,235121
8744,development,238255
8745,development,240486
8746,development,242636
8747,final_holdout,242778
8748,final_holdout,243358
8749,development,244738
8750,final_holdout,245217
8751,development,245600
8752,final_holdout,246829
8753,development,247304
8754,development,253013
8755,development,253496
8756,development,256532
8757,development,256680
8758,development,256867
8759,development,257887
8760,development,258042
8761,development,259641
8762,development,260062
8763,development,261160
8764,development,262385
8765,development,264151
8766,development,264715
8767,development,264723
8768,final_holdout,264845
8769,development,266097
8770,development,266558
8771,development,267619
8772,development,268018
8773,final_holdout,269388
8774,development,271526
8775,development,275297
8776,final_holdout,275711
8777,development,275882
8778,final_holdout,279879
8779,development,283618
8780,final_holdout,284095
8781,development,285637
8782,development,286658
8783,development,289397
8784,development,290043
8785,development,291156
8786,development,291674
8787,development,293162
8788,development,293686
8789,development,294112
8790,development,296725
8791,development,297166
8792,final_holdout,300611
8793,development,303218
8794,development,305036
8795,development,306202
8796,development,307297
8797,final_holdout,308953
8798,development,310280
8799,development,310765
8800,final_holdout,311332
8801,development,311862
8802,development,312061
8803,final_holdout,314956
8804,development,316091
8805,development,317801
8806,development,319492
8807,development,320153
8808,development,322499
8809,development,322641
8810,final_holdout,322844
8811,development,322907
8812,development,324338
8813,development,327057
8814,final_holdout,328123
8815,development,328674
8816,development,330453
8817,development,330952
8818,development,330966
8819,development,332436
8820,final_holdout,334154
8821,development,334225
8822,development,335401
8823,development,335405
8824,final_holdout,335914
8825,development,336014
8826,development,336131
8827,development,336695
8828,development,336772
8829,development,338731
8830,development,338983
8831,development,339235
8832,development,339824
8833,development,340010
8834,final_holdout,341361
8835,final_holdout,342799
8836,final_holdout,347809
8837,development,348351
8838,final_holdout,348783
8839,development,348855
8840,development,349093
8841,development,350267
8842,final_holdout,351903
8843,development,352637
8844,development,353660
8845,final_holdout,353804
8846,development,354688
8847,development,355935
8848,development,356297
8849,final_holdout,356523
8850,development,358075
8851,development,358578
8852,development,359958
8853,development,362140
8854,development,362548
8855,development,364103
8856,development,365661
8857,final_holdout,365701
8858,development,366164
8859,development,366367
8860,development,366873
8861,development,367352
8862,development,367510
8863,development,367815
8864,development,368436
8865,final_holdout,369208
8866,development,369242
8867,development,369610
8868,final_holdout,370512
8869,development,370839
8870,development,371439
8871,development,372234
8872,development,372577
8873,development,378576
8874,development,379042
8875,development,379185
8876,development,379255
8877,development,379265
8878,final_holdout,379406
8879,development,382378
8880,development,385033
8881,development,385980
8882,development,387944
8883,development,387963
8884,final_holdout,389250
8885,development,391059
8886,development,391466
8887,development,392890
8888,development,393094
8889,development,393142
8890,development,393526
8891,development,394791
8892,development,395757
8893,development,396631
8894,final_holdout,398496
8895,final_holdout,400958
8896,development,401011
8897,development,402210
8898,final_holdout,402378
8899,development,402883
8900,development,404863
8901,development,405125
8902,final_holdout,406326
8903,development,406698
8904,development,407404
8905,final_holdout,408608
8906,final_holdout,409733
8907,final_holdout,409852
8908,development,409953
8909,development,410176
8910,development,411549
8911,development,412304
8912,development,412600
8913,development,412663
8914,development,413087
8915,development,413200
8916,development,414772
8917,development,415631
8918,development,416284
8919,development,416860
8920,development,417522
8921,development,417724
8922,development,418397
8923,development,418971
8924,development,419024
8925,final_holdout,420042
8926,development,421111
8927,development,422343
8928,development,422542
8929,final_holdout,422670
8930,development,422697
8931,development,423607
8932,development,423622
8933,final_holdout,423664
8934,final_holdout,425053
8935,development,425287
8936,development,426316
8937,development,427390
8938,development,427413
8939,development,429015
8940,development,430020
8941,development,430487
8942,development,430806
8943,development,432478
8944,development,432724
8945,development,433508
8946,development,433794
8947,final_holdout,434841
8948,development,436900
8949,final_holdout,437482
8950,development,437968
8951,development,439855
8952,development,440103
8953,development,440171
8954,final_holdout,442669
8955,development,442924
8956,development,443964
8957,final_holdout,445114
8958,development,446439
8959,development,446479
8960,development,446778
8961,development,447644
8962,development,447695
8963,development,448370
8964,development,464732
8965,development,464780
8966,development,464981
8967,development,465331
8968,final_holdout,465577
8969,development,465619
8970,development,465732
8971,development,465764
8972,development,465789
8973,development,465900
8974,development,466360
8975,development,466372
8976,final_holdout,467144
8977,development,467381
8978,development,467753
8979,final_holdout,468902
8980,development,469281
8981,development,469614
8982,development,469887
8983,development,470159
8984,final_holdout,470385
8985,development,470914
8986,final_holdout,471027
8987,development,471580
8988,development,471810
8989,development,472290
8990,development,472309
8991,development,472651
8992,development,472736
8993,development,472762
8994,development,473082
8995,development,473491
8996,development,474495
8997,development,474628
8998,development,475065
8999,development,475149
9000,development,475163
9001,final_holdout,475734
9002,development,477099
9003,development,477185
9004,development,478346
9005,development,478496
9006,development,478513
9007,development,479522
9008,development,479649
9009,development,479987
9010,development,480115
9011,development,481169
9012,development,481314
9013,final_holdout,481350
9014,development,482145
9015,development,482868
9016,development,482938
9017,development,483108
9018,development,483543
9019,development,483666
9020,development,483793
9021,development,483858
9022,development,484223
9023,final_holdout,484435
9024,development,484787
9025,development,485920
9026,development,486300
9027,development,486877
9028,development,487314
9029,development,487570
9030,development,488617
9031,development,488755
9032,final_holdout,490313
9033,development,490394
9034,development,490443
9035,development,491033
9036,final_holdout,492020
9037,development,492357
9038,development,492537
9039,development,492613
9040,development,493416
9041,final_holdout,494211
9042,development,494498
9043,development,494829
9044,development,495438
9045,development,496355
9046,development,496530
9047,development,496845
9048,final_holdout,497536
9049,development,497955
9050,development,498225
9051,development,498236
9052,development,498459
9053,final_holdout,498602
9054,development,498828
9055,development,499420
9056,development,499683
9057,development,499703
9058,development,499813
9059,development,499848
9060,development,500031
9061,development,500189
9062,development,501146
9063,development,501617
9064,development,501867
9065,development,502353
9066,development,502356
9067,development,502766
9068,development,503400
9069,development,503457
9070,development,503610
9071,development,503710
9072,development,503779
9073,development,504363
9074,development,505108
9075,development,505403
9076,final_holdout,505700
9077,development,505722
9078,development,505930
9079,development,505967
9080,final_holdout,506144
9081,final_holdout,506543
9082,development,506705
9083,development,507031
9084,development,507344
9085,development,508244
9086,development,508295
9087,final_holdout,508637
9088,development,509150
9089,development,509710
9090,final_holdout,510054
9091,development,510070
9092,development,510266
9093,development,510401
9094,development,510460
9095,development,510846
9096,development,511258
9097,final_holdout,511350
9098,development,511612
9099,development,512257
9100,development,512259
9101,development,512330
9102,development,512546
9103,final_holdout,512852
9104,development,513969
9105,development,514504
9106,development,515125
9107,development,515426
9108,development,515491
9109,development,515734
9110,development,515857
9111,development,517223
9112,development,517416
9113,final_holdout,518134
9114,development,518359
9115,final_holdout,519057
9116,development,519116
9117,development,519506
9118,development,519684
9119,development,520077
9120,final_holdout,520332
9121,development,520750
9122,development,521115
9123,final_holdout,521292
9124,final_holdout,522004
9125,development,522257
9126,development,522525
9127,development,522534
9128,development,522708
9129,final_holdout,522754
9130,final_holdout,522924
9131,development,523239
9132,final_holdout,523334
9133,final_holdout,523762
9134,development,523817
9135,development,523872
9136,development,523944
9137,development,524019
9138,development,524170
9139,development,524276
9140,development,524851
9141,development,526124
9142,development,526132
9143,development,526235
9144,development,526441
9145,final_holdout,526601
9146,final_holdout,526741
9147,development,527958
9148,development,528290
9149,development,528506
9150,development,529179
9151,development,529309
9152,final_holdout,529550
9153,final_holdout,529723
9154,development,529975
9155,development,530663
9156,development,531896
9157,development,532440
9158,development,532565
9159,development,532649
9160,final_holdout,532846
9161,development,533512
9162,development,533689
9163,development,534074
9164,development,534093
9165,development,534203
9166,development,534733
9167,development,535161
9168,development,535259
9169,development,535648
9170,development,536276
9171,development,536825
9172,development,537654
9173,development,537811
9174,development,539451
9175,development,540509
9176,development,540694
9177,development,541040
9178,development,541482
9179,final_holdout,541531
9180,development,541538
9181,final_holdout,541708
9182,final_holdout,542054
9183,development,542167
9184,development,542180
9185,development,542557
9186,development,543417
9187,development,543653
9188,final_holdout,543788
9189,final_holdout,543953
9190,development,544052
9191,final_holdout,544267
9192,development,544319
9193,development,544720
9194,development,545118
9195,development,545255
9196,final_holdout,545704
9197,development,545758
9198,final_holdout,546139
9199,development,546400
9200,development,546634
9201,development,546654
9202,development,546934
9203,development,547153
9204,development,547506
9205,final_holdout,547612
9206,final_holdout,548922
9207,development,548926
9208,development,549439
9209,development,549687
9210,final_holdout,549706
9211,development,549769
9212,development,549783
9213,final_holdout,549888
9214,development,550393
9215,development,550545
9216,development,550702
9217,development,550814
9218,development,551158
9219,development,551214
9220,final_holdout,551220
9221,development,551332
9222,final_holdout,551397
9223,development,551772
9224,development,551791
9225,development,552220
9226,development,552498
9227,development,552666
9228,development,552965
9229,development,553599
9230,development,553719
9231,final_holdout,553741
9232,development,554065
9233,final_holdout,554266
9234,final_holdout,554459
9235,development,554691
9236,development,554761
9237,final_holdout,555498
9238,development,555760
9239,development,555884
9240,development,555989
9241,development,556140
9242,final_holdout,556251
9243,development,556440
9244,development,556450
9245,development,556476
9246,development,556645
9247,development,556824
9248,development,557608
9249,development,557650
9250,final_holdout,557700
9251,development,557959
9252,development,558440
9253,development,558463
9254,final_holdout,558839
9255,development,559225
9256,development,559518
9257,development,559863
9258,development,560064
9259,development,560065
9260,development,560399
9261,final_holdout,560554
9262,final_holdout,560723
9263,development,560784
9264,development,560879
9265,development,561009
9266,development,561113
9267,development,561195
9268,development,561208
9269,development,561476
9270,development,561560
9271,development,561826
9272,development,561848
9273,development,561913
9274,development,562437
9275,final_holdout,562884
9276,final_holdout,563016
9277,development,563051
9278,final_holdout,563230
9279,development,563321
9280,development,563920
9281,development,564213
9282,final_holdout,564356
9283,development,564649
9284,final_holdout,564714
9285,development,564931
9286,development,565066
9287,development,565605
9288,development,565743
9289,development,565840
9290,final_holdout,565883
9291,development,566135
9292,development,566447
9293,development,566464
9294,development,566664
9295,development,566694
9296,development,566938
9297,development,566979
9298,development,567304
9299,development,567451
9300,development,567597
9301,development,567719
9302,development,567888
9303,development,568307
9304,development,568596
9305,development,568691
9306,development,568948
9307,development,569049
9308,development,569277
9309,development,569625
9310,development,569944
9311,development,570453
9312,development,570491
9313,final_holdout,570671
9314,development,570732
9315,development,570757
9316,development,570895
9317,development,570954
9318,development,570985
9319,development,570997
9320,development,571131
9321,final_holdout,571610
9322,development,571765
9323,final_holdout,571808
9324,development,571833
9325,development,571921
9326,final_holdout,571962
9327,development,572011
9328,development,572098
9329,development,572154
9330,final_holdout,572231
9331,final_holdout,572250
9332,development,572339
9333,development,572396
9334,final_holdout,572431
9335,development,572537
9336,development,572584
9337,development,572588
9338,development,572589
9339,development,572599
9340,development,572735
9341,development,572746
9342,development,572783
9343,final_holdout,572874
9344,development,572919
9345,development,573093
9346,development,573473
9347,development,573481
9348,development,573689
9349,development,573858
9350,development,573920
9351,development,573924
9352,development,574259
9353,development,574310
9354,final_holdout,574325
9355,development,574507
9356,development,574508
9357,development,574523
9358,development,574586
9359,development,574590
9360,development,574637
9361,development,574705
9362,final_holdout,574720
9363,development,574928
9364,development,575039
9365,development,575047
9366,final_holdout,575162
9367,development,575265
9368,development,575398
9369,development,575553
9370,development,575763
9371,development,575766
9372,final_holdout,575798
9373,development,576233
9374,development,576251
9375,development,576433
9376,final_holdout,576439
9377,development,576453
9378,development,576541
9379,development,576568
9380,development,576791
9381,development,577148
9382,final_holdout,577235
9383,development,577279
9384,development,577427
9385,development,577458
9386,development,577460
9387,development,577551
9388,development,577566
9389,development,578000
9390,development,578026
9391,development,578634
9392,development,578815
9393,final_holdout,578820
9394,development,578823
9395,development,579052
9396,development,579176
9397,development,579278
9398,development,579362
9399,development,579583
9400,final_holdout,579614
9401,development,580342
9402,development,580384
9403,development,580657
9404,development,580709
9405,development,580714
9406,development,580722
9407,development,580798
9408,final_holdout,580845
9409,final_holdout,580916
9410,development,581123
9411,final_holdout,581179
9412,development,581247
9413,development,581288
9414,development,581316
9415,development,581410
9416,development,581552
9417,development,581656
9418,development,581676
9419,development,581708
9420,development,581770
9421,development,582320
9422,development,582395
9423,development,582514
9424,development,582530
9425,development,582550
9426,development,582651
9427,development,582723
9428,development,583293
9429,development,583704
9430,development,583993
9431,final_holdout,584077
9432,development,584281
9433,development,584386
9434,development,584443
9435,development,584553
9436,final_holdout,584711
9437,development,584771
9438,development,584926
9439,development,585098
9440,development,585134
9441,development,585154
9442,development,585222
9443,final_holdout,585359
9444,final_holdout,585422
9445,development,585643
9446,development,585769
9447,development,585812
9448,development,586046
9449,development,586047
9450,development,586088
9451,development,586227
9452,development,586261
9453,development,586476
9454,development,586497
9455,final_holdout,586526
9456,development,586594
9457,development,586668
9458,development,586750
9459,development,586762
9460,final_holdout,586781
9461,final_holdout,586808
9462,development,586838
9463,development,586921
9464,development,587008
9465,final_holdout,587082
9466,development,587244
9467,development,587377
9468,development,587391
9469,development,587547
9470,development,587550
9471,final_holdout,587641
9472,development,587881
9473,development,588033
9474,final_holdout,588100
9475,development,588170
9476,development,588178
9477,development,588482
9478,development,588493
9479,development,588556
9480,development,588566
9481,development,588765
9482,development,588824
9483,development,588842
9484,development,589327
9485,development,589438
9486,development,589441
9487,development,589463
9488,development,589523
9489,development,589565
9490,final_holdout,589634
9491,development,589778
9492,development,589782
9493,development,589956
9494,final_holdout,590397
9495,development,590519
9496,final_holdout,590676
9497,development,590974
9498,development,591083
9499,development,591230
9500,development,591655
9501,final_holdout,591733
9502,final_holdout,591869
9503,development,591891
9504,development,592051
9505,development,592093
9506,final_holdout,592124
9507,development,592259
9508,final_holdout,592310
9509,development,592338
9510,development,592372
9511,development,592494
9512,final_holdout,592625
9513,development,592731
9514,development,592787
9515,development,592951
9516,final_holdout,592997
9517,development,593022
9518,development,593607
9519,development,593657
9520,development,594214
9521,development,594319
9522,development,594326
9523,final_holdout,594419
9524,development,594627
9525,development,594909
9526,final_holdout,595106
9527,final_holdout,595495
9528,development,595514
9529,development,595553
9530,development,595938
9531,final_holdout,595988
9532,development,596332
9533,development,596441
9534,development,596620
9535,final_holdout,596711
9536,development,596845
9537,development,596846
9538,development,596860
9539,development,596981
9540,development,597052
9541,development,597166
9542,development,597319
9543,development,597365
9544,development,597433
9545,development,597436
9546,development,597755
9547,development,598028
9548,final_holdout,598102
9549,development,598299
9550,development,598478
9551,development,598501
9552,development,598665
9553,development,598713
9554,development,598751
9555,development,598963
9556,development,598983
9557,development,599084
9558,development,599109
9559,development,599169
9560,development,599176
9561,development,599297
9562,final_holdout,599341
9563,development,599398
9564,development,599452
9565,development,599491
9566,development,599663
9567,development,599740
9568,final_holdout,599976
9569,development,600067
9570,final_holdout,600175
9571,development,600350
9572,development,600509
9573,development,600535
9574,final_holdout,600796
9575,development,600814
9576,development,601043
9577,development,601054
9578,development,601082
9579,final_holdout,601234
9580,final_holdout,601388
9581,development,601431
9582,development,601517
9583,final_holdout,601566
9584,development,601567
9585,development,601653
9586,development,601735
9587,final_holdout,601857
9588,final_holdout,601956
9589,development,602030
9590,final_holdout,602123
9591,final_holdout,602151
9592,development,602288
9593,development,602533
9594,development,602683
9595,development,602827
9596,development,602856
9597,final_holdout,602973
9598,development,603049
9599,development,603129
9600,development,603179
9601,development,603302
9602,development,603325
9603,development,603503
9604,development,603529
9605,development,603560
9606,development,603620
9607,development,603728
9608,development,603979
9609,development,604057
9610,development,604164
9611,development,604379
9612,development,604694
9613,development,604825
9614,development,604906
9615,development,604991
9616,development,605111
9617,development,605264
9618,development,605367
9619,development,605459
9620,final_holdout,605468
9621,development,605540
9622,development,605545
9623,development,605666
9624,development,605840
9625,development,605868
9626,development,606036
9627,final_holdout,606064
9628,development,606170
9629,development,606182
9630,final_holdout,606344
9631,development,606345
9632,development,607047
9633,development,607085
9634,development,607094
9635,development,607143
9636,development,607429
9637,development,607453
9638,development,607555
9639,development,607668
9640,development,607812
9641,development,607900
9642,development,607947
9643,development,608422
9644,development,608423
9645,development,608571
9646,development,608577
9647,development,608669
9648,development,608681
9649,development,608746
9650,development,608891
9651,final_holdout,608978
9652,development,609031
9653,final_holdout,609044
9654,development,609235
9655,development,609456
9656,development,609527
9657,development,609537
9658,final_holdout,609605
9659,development,609823
9660,development,609852
9661,development,609891
9662,development,609969
9663,final_holdout,610019
9664,development,610033
9665,final_holdout,610234
9666,development,610279
9667,development,610285
9668,development,610287
9669,development,610324
9670,final_holdout,610537
9671,development,610549
9672,development,610622
9673,development,610643
9674,development,610650
9675,development,610681
9676,development,610881
9677,development,610904
9678,development,611033
9679,final_holdout,611173
9680,final_holdout,611255
9681,development,611407
9682,development,611417
9683,development,611542
9684,development,611593
9685,development,611813
9686,development,612127
9687,development,612177
9688,development,612179
9689,development,612183
9690,development,612187
9691,final_holdout,612283
9692,development,612327
9693,development,612439
9694,development,612449
9695,development,612568
9696,development,612798
9697,development,612860
9698,development,613122
9699,development,613237
9700,final_holdout,613370
9701,development,613644
9702,development,613667
9703,final_holdout,613806
9704,development,613954
9705,development,614265
9706,development,614300
9707,development,614458
9708,development,614761
9709,development,614804
9710,development,615075
9711,final_holdout,615241
9712,final_holdout,615242
9713,development,616386
9714,development,616407
9715,development,616439
9716,development,616646
9717,development,616658
9718,development,616789
9719,development,616870
9720,development,617130
9721,development,617327
9722,development,617418
9723,development,617740
9724,development,618377
9725,development,618513
9726,development,618590
9727,development,618649
9728,final_holdout,618683
9729,development,618777
9730,development,618849
9731,development,618865
9732,development,618875
9733,development,618982
9734,development,619359
9735,development,619380
9736,final_holdout,619472
9737,development,619503
9738,development,619927
9739,development,619928
9740,development,620159
9741,final_holdout,620231
9742,development,620243
9743,development,620369
9744,development,620484
9745,development,620652
9746,final_holdout,620716
9747,final_holdout,620782
9748,development,620897
9749,final_holdout,621300
9750,development,621380
9751,final_holdout,621414
9752,development,621442
9753,final_holdout,621605
9754,final_holdout,621696
9755,development,621884
9756,development,622015
9757,final_holdout,622027
9758,development,622096
9759,development,622192
9760,final_holdout,622374
9761,development,622384
9762,development,622413
9763,development,622425
9764,development,622541
9765,development,622812
9766,development,622890
9767,development,622935
9768,development,622972
9769,development,622976
9770,development,623002
9771,development,623100
9772,development,623124
9773,development,623221
9774,development,623484
9775,development,623511
9776,development,624060
9777,final_holdout,624092
9778,final_holdout,624156
9779,development,624209
9780,development,624256
9781,development,624354
9782,development,624469
9783,development,624493
9784,development,624730
9785,development,624789
9786,final_holdout,624860
9787,development,624927
9788,development,624957
9789,development,625067
9790,development,625098
9791,development,625100
9792,final_holdout,625126
9793,development,625263
9794,development,625357
9795,final_holdout,625541
9796,development,625928
9797,development,626103
9798,development,626296
9799,development,626407
9800,development,626417
9801,final_holdout,626463
9802,development,626519
9803,development,626625
9804,final_holdout,626753
9805,development,626757
9806,development,626768
9807,development,626878
9808,final_holdout,627184
9809,development,627283
9810,development,627290
9811,final_holdout,627401
9812,development,627417
9813,development,627450
9814,development,627471
9815,development,627527
9816,final_holdout,627581
9817,final_holdout,627599
9818,development,627947
9819,development,628008
9820,development,628034
9821,development,628114
9822,development,628216
9823,development,628300
9824,development,628361
9825,development,628376
9826,development,628407
9827,development,628480
9828,development,628618
9829,development,628706
9830,final_holdout,628717
9831,final_holdout,628720
9832,development,628777
9833,final_holdout,628803
9834,final_holdout,628846
9835,final_holdout,628910
9836,development,629056
9837,development,629096
9838,development,629405
9839,final_holdout,629523
9840,development,629535
9841,final_holdout,629560
9842,development,629607
9843,development,629692
9844,development,629696
9845,final_holdout,629748
9846,development,629822
9847,final_holdout,630013
9848,final_holdout,630073
9849,development,630165
9850,final_holdout,630177
9851,development,630200
9852,development,630430
9853,development,630431
9854,development,630452
9855,development,630467
9856,development,630479
9857,development,630519
9858,development,630891
9859,development,630905
9860,development,630935
9861,development,631016
9862,development,631073
9863,final_holdout,631117
9864,development,631247
9865,development,631491
9866,development,631573
9867,development,631663
9868,development,631771
9869,development,631851
9870,development,631860
9871,final_holdout,631870
9872,development,631880
9873,development,631924
9874,development,632004
9875,development,632083
9876,development,632134
9877,development,632260
9878,development,632378
9879,final_holdout,632451
9880,development,632575
9881,development,632637
9882,development,632700
9883,development,632709
9884,development,632756
9885,development,632866
9886,final_holdout,632904
9887,development,632929
9888,final_holdout,632942
9889,development,633008
9890,development,633047
9891,development,633069
9892,final_holdout,633179
9893,development,633198
9894,development,633238
9895,development,633303
9896,final_holdout,633328
9897,final_holdout,633334
9898,final_holdout,633504
9899,development,633511
9900,development,633544
9901,development,633618
9902,development,633634
9903,development,633647
9904,final_holdout,633655
9905,development,633746
9906,development,633914
9907,development,633960
9908,development,634111
9909,development,634119
9910,development,634193
9911,development,634200
9912,development,634309
9913,development,634351
9914,development,634365
9915,development,634420
9916,development,634536
9917,development,634552
9918,development,634600
9919,development,634648
9920,final_holdout,634721
9921,development,634776
9922,development,634817
9923,development,634824
9924,development,634853
9925,final_holdout,635410
9926,development,635573
9927,development,635711
9928,final_holdout,635802
9929,development,636000
9930,development,636124
9931,final_holdout,636364
9932,development,636387
9933,development,636420
9934,development,636422
9935,development,636628
9936,development,636716
9937,development,636732
9938,development,636783
9939,final_holdout,636996
9940,final_holdout,637070
9941,development,637089
9942,development,637325
9943,final_holdout,637691
9944,development,637708
9945,development,637754
9946,development,638018
9947,development,638040
9948,development,638243
9949,development,638254
9950,development,638504
9951,development,638771
9952,final_holdout,639012
9953,development,640773
9954,final_holdout,641347
9955,development,641363
9956,development,641684
9957,final_holdout,641696
9958,development,641804
9959,development,642261
9960,development,642291
9961,development,642591
9962,development,642627
9963,development,642817
9964,development,642838
9965,development,642839
9966,development,642850
9967,development,642902
9968,development,643199
9969,development,643309
9970,development,643403
9971,final_holdout,643404
9972,final_holdout,643434
9973,development,643568
9974,final_holdout,643690
9975,development,643757
9976,development,643758
9977,final_holdout,643770
9978,development,644093
9979,final_holdout,644242
9980,final_holdout,644246
9981,final_holdout,644369
9982,development,644416
9983,final_holdout,644480
9984,final_holdout,644516
9985,final_holdout,644828
9986,development,644848
9987,final_holdout,644905
9988,development,644951
9989,development,644974
9990,development,645124
9991,final_holdout,645144
9992,development,645174
9993,development,645216
9994,final_holdout,645334
9995,development,645353
9996,development,645369
9997,development,645586
9998,final_holdout,645590
9999,development,645698
10000,development,645770
10001,development,645792
10002,development,645835
10003,final_holdout,645867
10004,development,645939
10005,final_holdout,645948
10006,final_holdout,646071
10007,development,646173
10008,development,646351
10009,final_holdout,646363
10010,development,646406
10011,development,646413
10012,final_holdout,646481
10013,final_holdout,646553
10014,development,646589
10015,development,646628
10016,development,646739
10017,final_holdout,646841
10018,development,646998
10019,development,647083
10020,development,647148
10021,development,647184
10022,development,647195
10023,development,647464
10024,final_holdout,647479
10025,development,647593
10026,final_holdout,647735
10027,development,647763
10028,development,647865
10029,development,647869
10030,development,647888
10031,development,648085
10032,development,648140
10033,development,648161
10034,development,648285
10035,development,648321
10036,development,648363
10037,development,648369
10038,development,648448
10039,development,648590
10040,development,648649
10041,development,648654
10042,development,648781
10043,development,648818
10044,final_holdout,648854
10045,development,648872
10046,development,648959
10047,development,649001
10048,development,649105
10049,final_holdout,649129
10050,final_holdout,649141
10051,development,649343
10052,final_holdout,649592
10053,development,649604
10054,development,649607
10055,development,649761
10056,development,649816
10057,final_holdout,649840
10058,development,649856
10059,development,649868
10060,development,650099
10061,final_holdout,650105
10062,development,650133
10063,development,650145
10064,development,650271
10065,development,650341
10066,final_holdout,650370
10067,development,650414
10068,development,650511
10069,development,650787
10070,development,650849
10071,development,650850
10072,development,650856
10073,development,650863
10074,development,651058
10075,development,651159
10076,final_holdout,651236
10077,development,651267
10078,development,651325
10079,development,651423
10080,development,651495
10081,development,651508
10082,development,651734
10083,development,651759
10084,development,651764
10085,development,651823
10086,development,651850
10087,development,651935
10088,development,652023
10089,development,652428
10090,development,652501
10091,development,652894
10092,development,652902
10093,development,652994
10094,development,653115
10095,development,653127
10096,development,653177
10097,development,653278
10098,final_holdout,653452
10099,development,653506
10100,final_holdout,653700
10101,development,653821
10102,development,653887
10103,development,653998
10104,development,654000
10105,development,654002
10106,development,654016
10107,development,654031
10108,final_holdout,654095
10109,development,654114
10110,development,654188
10111,development,654295
10112,development,654322
10113,final_holdout,654504
10114,final_holdout,654539
10115,final_holdout,654646
10116,development,654755
10117,development,654817
10118,development,654915
10119,development,655051
10120,development,655108
10121,development,655293
10122,final_holdout,655353
10123,development,655378
10124,development,655390
10125,development,655408
10126,development,655484
10127,development,655498
10128,development,655890
10129,development,655919
10130,development,655927
10131,development,655973
10132,final_holdout,655988
10133,development,656203
10134,development,656277
10135,final_holdout,656287
10136,development,656340
10137,development,656347
10138,development,656539
10139,development,656642
10140,final_holdout,656683
10141,development,656929
10142,development,656954
10143,development,657048
10144,development,657050
10145,development,657145
10146,development,657210
10147,development,657285
10148,development,657352
10149,final_holdout,665414
10150,development,669530
10151,development,674430
10152,development,674497
10153,development,674541
10154,development,674699
10155,final_holdout,674808
10156,development,674882
10157,development,674965
10158,development,675054
10159,development,675063
10160,development,675111
10161,development,675374
10162,development,675383
10163,development,675396
10164,development,675441
10165,development,675442
10166,final_holdout,675477
10167,development,675495
10168,development,675504
10169,development,675638
10170,development,675760
10171,development,675823
10172,development,675875
10173,development,675902
10174,final_holdout,675915
10175,development,676150
10176,final_holdout,676390
10177,development,676469
10178,development,676503
10179,final_holdout,676526
10180,development,676538
10181,development,676650
10182,development,676783
10183,development,676909
10184,development,676916
10185,development,676964
10186,development,677006
10187,development,677018
10188,final_holdout,677085
10189,development,677089
10190,development,677270
10191,development,677349
10192,development,677459
10193,development,677641
10194,development,677741
10195,development,678089
10196,development,678194
10197,final_holdout,678203
10198,final_holdout,678204
10199,development,678339
10200,development,678382
10201,development,678393
10202,development,678395
10203,development,678408
10204,development,678419
10205,development,678474
10206,final_holdout,678790
10207,development,678843
10208,development,678860
10209,final_holdout,679039
10210,development,679128
10211,development,679179
10212,development,679271
10213,development,679363
10214,development,679386
10215,development,679431
10216,final_holdout,679451
10217,development,679529
10218,development,679539
10219,development,679569
10220,development,679663
10221,development,679733
10222,development,679750
10223,development,679886
10224,final_holdout,679939
10225,final_holdout,679959
10226,development,680002
10227,final_holdout,680027
10228,development,680133
10229,development,680145
10230,development,680187
10231,final_holdout,680267
10232,development,680492
10233,final_holdout,680602
10234,development,680687
10235,development,680765
10236,final_holdout,680804
10237,development,680890
10238,development,681165
10239,final_holdout,681174
10240,development,681235
10241,development,681302
10242,development,681642
10243,development,681731
10244,development,681966
10245,development,682226
10246,development,682259
10247,final_holdout,682301
10248,development,682309
10249,development,682367
10250,development,682414
10251,final_holdout,682511
10252,development,682569
10253,final_holdout,682717
10254,development,682738
10255,development,682961
10256,development,683373
10257,development,683406
10258,development,683503
10259,development,683625
10260,final_holdout,683668
10261,final_holdout,683777
10262,development,683865
10263,development,684111
10264,development,684208
10265,development,684270
10266,development,684444
10267,development,684498
10268,final_holdout,684514
10269,development,684617
10270,development,684643
10271,development,684663
10272,development,684669
10273,development,684709
10274,development,684905
10275,development,684990
10276,development,685098
10277,development,685206
10278,development,685212
10279,development,685236
10280,development,685287
10281,development,685289
10282,development,685399
10283,development,685412
10284,development,685458
10285,final_holdout,685474
10286,development,685487
10287,development,685514
10288,development,685557
10289,development,685572
10290,development,685597
10291,development,685619
10292,final_holdout,685705
10293,development,685849
10294,development,685860
10295,development,685871
10296,development,685950
10297,final_holdout,685952
10298,development,685964
10299,development,685988
10300,development,686001
10301,development,686018
10302,development,686034
10303,development,686058
10304,final_holdout,686110
10305,final_holdout,686268
10306,development,686411
10307,development,686515
10308,final_holdout,686558
10309,final_holdout,686584
10310,final_holdout,686645
10311,development,686797
10312,development,686907
10313,development,686957
10314,development,687023
10315,development,687160
10316,development,687190
10317,development,687206
10318,development,687216
10319,development,687310
10320,development,687348
10321,development,687686
10322,development,687772
10323,development,687844
10324,development,687877
10325,development,687981
10326,development,688028
10327,development,688033
10328,development,688117
10329,development,688281
10330,development,688337
10331,development,688356
10332,development,688521
10333,development,688533
10334,development,688537
10335,development,688707
10336,development,688770
10337,final_holdout,688843
10338,development,689004
10339,development,689050
10340,development,689101
10341,development,689164
10342,development,689190
10343,development,689217
10344,development,689246
10345,development,689399
10346,final_holdout,689436
10347,development,689527
10348,development,689637
10349,development,689759
10350,development,689792
10351,final_holdout,689855
10352,development,690046
10353,development,690062
10354,development,690365
10355,development,690404
10356,development,690439
10357,development,690507
10358,development,690589
10359,development,690644
10360,development,690695
10361,development,690733
10362,development,690763
10363,development,690948
10364,development,690962
10365,development,691069
10366,development,691177
10367,development,691195
10368,final_holdout,691218
10369,development,691257
10370,final_holdout,691433
10371,development,691550
10372,development,691843
10373,development,691926
10374,development,691931
10375,development,692105
10376,development,692363
10377,final_holdout,692490
10378,development,692500
10379,development,692603
10380,development,692654
10381,final_holdout,692850
10382,development,692928
10383,development,692933
10384,development,693058
10385,development,693111
10386,final_holdout,693141
10387,development,693182
10388,development,693204
10389,development,693302
10390,development,693340
10391,development,693747
10392,final_holdout,693938
10393,final_holdout,693998
10394,final_holdout,694103
10395,development,694212
10396,development,694362
10397,development,694472
10398,development,694510
10399,development,694523
10400,development,694563
10401,development,694579
10402,final_holdout,694680
10403,final_holdout,694726
10404,development,694807
10405,development,694860
10406,final_holdout,694871
10407,final_holdout,695122
10408,development,695232
10409,final_holdout,695270
10410,development,695340
10411,development,695354
10412,development,695518
10413,final_holdout,695643
10414,development,695653
10415,development,695673
10416,development,695732
10417,development,695915
10418,development,695946
10419,development,696019
10420,development,696234
10421,development,696271
10422,development,696324
10423,development,696357
10424,final_holdout,696469
10425,development,696501
10426,development,696515
10427,development,696696
10428,development,696833
10429,development,696848
10430,development,696869
10431,development,697253
10432,development,697460
10433,development,697567
10434,development,697948
10435,development,697998
10436,development,698002
10437,development,698024
10438,development,698299
10439,development,698355
10440,final_holdout,698359
10441,final_holdout,698598
10442,final_holdout,699370
10443,final_holdout,857856
10444,development,921739
10445,development,941282
10446,development,943374
10447,development,973526
10448,development,986561
10449,development,1023623
10450,development,1031884
10451,development,1068316
10452,development,1076015
10453,development,1078701
10454,development,1091274
10455,development,1101190
10456,final_holdout,1301103
10457,final_holdout,1307784
10458,development,1332356
10459,development,1332514
10460,development,1340760
10461,final_holdout,1345808
10462,development,1352733
10463,development,1360953
10464,development,1439723
10465,final_holdout,1442981
10466,final_holdout,1449245
10467,development,1461795
10468,development,1468838
10469,development,1474903
10470,development,1478030
10471,development,1478775
10472,development,1483632
10473,development,1485702
10474,development,1490624
10475,development,1491894
10476,final_holdout,1501577
10477,final_holdout,1501614
10478,development,1552044
10479,development,1554143
10480,final_holdout,1561750
10481,development,1564630
10482,development,1583847
10483,development,1592048
10484,final_holdout,1593442
10485,development,1612600
10486,development,1634278
10487,development,1646172
10488,development,1656486
10489,development,1658963
10490,final_holdout,1671022
10491,development,1674799
10492,development,1681946
10493,development,1692156
10494,development,1738582
10495,final_holdout,1744800
10496,development,1752098
10497,development,1752813
10498,development,1773925
10499,development,1808622
10500,final_holdout,1810414
10501,development,1817515
10502,development,1826819
10503,development,1828753
10504,development,1841267
10505,final_holdout,1848820
10506,development,1850818
10507,development,1851108
10508,development,1864086
10509,development,1874160
10510,development,1896088
10511,development,1897054
10512,development,1902240
10513,development,1906003
10514,development,1915824
10515,development,1916140
10516,development,1936285
10517,final_holdout,1942491
10518,development,1942870
10519,development,1945240
10520,final_holdout,1958121
10521,development,1960479
10522,development,1961938
10523,development,1966597
10524,development,1982166
10525,development,1986081
10526,development,1991399
10527,development,1994385
10528,final_holdout,2013403
10529,final_holdout,2020916
10530,final_holdout,2026585
10531,final_holdout,2030117
10532,development,2032057
10533,development,2044299
10534,development,2050179
10535,development,2067377
10536,final_holdout,2070517
10537,final_holdout,2078353
10538,development,2083701
10539,final_holdout,2084711
10540,development,2091230
10541,development,2093150
10542,development,2094849
10543,development,2096918
10544,development,2101566
10545,development,2112670
10546,development,2127889
10547,development,2133234
10548,development,2137171
10549,final_holdout,2139273
10550,development,2142055
10551,development,2142516
10552,development,2154220
10553,development,2159868
10554,development,2166000
10555,final_holdout,2172136
10556,development,2178686
10557,final_holdout,2179304
10558,development,2202076
10559,development,2230407
10560,development,2244214
10561,development,2252437
10562,development,2257112
10563,development,2257740
10564,final_holdout,2268049
10565,development,2274929
10566,final_holdout,2277009
10567,development,2285527
10568,development,2289145
10569,final_holdout,2316201
10570,final_holdout,2326041
10571,development,2327472
10572,final_holdout,2333156
10573,development,2338535
10574,development,2339333
10575,development,2340786
10576,development,2345751
10577,development,2358258
10578,development,2358707
10579,final_holdout,2361633
10580,development,2366117
10581,development,2367058
10582,final_holdout,2373648
10583,development,2376512
10584,final_holdout,2383983
10585,final_holdout,2384666
10586,development,2388623
10587,final_holdout,2393945
10588,development,2394090
10589,development,2396985
10590,development,2405801
10591,development,2405934
10592,development,2410609
10593,final_holdout,2413037
10594,development,2415526
10595,final_holdout,2421961
10596,development,2434666
10597,development,2437591
10598,development,2439239
10599,development,2451523
10600,final_holdout,2454119
10601,development,2458925
10602,development,2462607
10603,development,2462628
10604,development,2462862
10605,development,2464118
10606,development,2464386
10607,final_holdout,2469688
10608,development,2470326
10609,development,2472995
10610,development,2473058
10611,development,2483382
10612,final_holdout,2499779
10613,development,2500064
10614,development,2504694
10615,development,2517389
10616,development,2520539
10617,development,2522932
10618,development,2533650
10619,development,2552412
10620,development,2554973
10621,development,2555596
10622,development,2557563
10623,development,2558071
10624,development,2559144
10625,development,2564333
10626,development,2574909
10627,development,2578004
10628,development,2588294
10629,development,2590948
10630,development,2593689
10631,development,2593755
10632,development,2593920
10633,development,2595204
10634,development,2596553
10635,development,2598631
10636,development,2598961
10637,development,2599883
10638,development,2609069
10639,development,2613225
10640,development,2613746
10641,development,2614093
10642,final_holdout,2619025
10643,final_holdout,2620661
10644,final_holdout,2622441
10645,development,2622627
10646,development,2623427
10647,development,2627491
10648,development,2630469
10649,final_holdout,2637000
10650,development,2637912
10651,development,2647893
10652,development,2650741
10653,final_holdout,2655763
10654,development,2658314
10655,development,2668106
10656,development,2681198
10657,development,2686712
10658,development,2689013
10659,development,2691267
10660,development,2691861
10661,development,40419
10662,development,41060
10663,development,43284
10664,development,45664
10665,final_holdout,52014
10666,final_holdout,53488
10667,development,55242
10668,development,60135
10669,development,66579
10670,development,67602
10671,development,67785
10672,development,69491
10673,final_holdout,76536
10674,development,77763
10675,development,81351
10676,development,86047
10677,development,87107
10678,development,89051
10679,development,90836
10680,development,92775
10681,final_holdout,94923
10682,development,94964
10683,development,95356
10684,final_holdout,96592
10685,development,103904
10686,development,108565
10687,final_holdout,110200
10688,final_holdout,111113
10689,final_holdout,111360
10690,development,112245
10691,development,117435
10692,development,117939
10693,development,121000
10694,final_holdout,121390
10695,development,126912
10696,development,128678
10697,final_holdout,130003
10698,development,131145
10699,development,131235
10700,development,134025
10701,development,134188
10702,development,134336
10703,development,137603
10704,development,142819
10705,development,144923
10706,development,146089
10707,development,146651
10708,final_holdout,147307
10709,development,150578
10710,development,157298
10711,development,159596
10712,development,159925
10713,development,160005
10714,final_holdout,160401
10715,development,162984
10716,development,163067
10717,final_holdout,165421
10718,development,165733
10719,development,166342
10720,development,166713
10721,development,166988
10722,development,167717
10723,development,168243
10724,development,169894
10725,development,170025
10726,development,171896
10727,development,173004
10728,development,176092
10729,development,177333
10730,development,177817
10731,development,177981
10732,development,178639
10733,development,179892
10734,development,180667
10735,final_holdout,180958
10736,development,183714
10737,development,184968
10738,final_holdout,187623
10739,development,191195
10740,development,191896
10741,development,191972
10742,final_holdout,192196
10743,development,196266
10744,development,198470
10745,final_holdout,199782
10746,development,200588
10747,development,200957
10748,final_holdout,202506
10749,development,204996
10750,development,227491
10751,development,228242
10752,development,228543
10753,development,229057
10754,final_holdout,230052
10755,development,233389
10756,development,233771
10757,development,234740
10758,development,234859
10759,development,234978
10760,final_holdout,235428
10761,development,235492
10762,development,235584
10763,development,236498
10764,development,236620
10765,development,240389
10766,development,240755
10767,development,240936
10768,development,241771
10769,development,241922
10770,development,244875
10771,development,244919
10772,development,246652
10773,development,248511
10774,final_holdout,248994
10775,development,249423
10776,development,249996
10777,development,251999
10778,final_holdout,252149
10779,development,252489
10780,development,255747
10781,final_holdout,255902
10782,final_holdout,257110
10783,final_holdout,258310
10784,development,259750
10785,final_holdout,260491
10786,development,260639
10787,final_holdout,262396
10788,development,263524
10789,development,266450
10790,development,266514
10791,development,266757
10792,final_holdout,266762
10793,development,269676
10794,development,270435
10795,development,270468
10796,development,270814
10797,development,273339
10798,development,281118
10799,development,281271
10800,development,282193
10801,development,283618
10802,development,283783
10803,development,284326
10804,development,284734
10805,development,285096
10806,development,285475
10807,development,287432
10808,development,287526
10809,development,289564
10810,development,290043
10811,final_holdout,291133
10812,development,292694
10813,development,292713
10814,development,292741
10815,development,298040
10816,development,298497
10817,final_holdout,304734
10818,development,304893
10819,development,305702
10820,development,307158
10821,final_holdout,307290
10822,final_holdout,307291
10823,development,307932
10824,development,308589
10825,development,308767
10826,final_holdout,309580
10827,development,310865
10828,final_holdout,311117
10829,final_holdout,312518
10830,development,316289
10831,final_holdout,320014
10832,development,321525
10833,development,321744
10834,development,323146
10835,development,324268
10836,final_holdout,324691
10837,final_holdout,325565
10838,final_holdout,327024
10839,final_holdout,327997
10840,development,329689
10841,development,329967
10842,final_holdout,330067
10843,development,331232
10844,development,331351
10845,development,333856
10846,development,334294
10847,development,335020
10848,development,335607
10849,development,336112
10850,development,336684
10851,development,336696
10852,development,337048
10853,development,337414
10854,development,338076
10855,development,338669
10856,development,339481
10857,final_holdout,340399
10858,development,344199
10859,development,344367
10860,development,344474
10861,development,344873
10862,development,345257
10863,development,345313
10864,development,345568
10865,development,347210
10866,development,348790
10867,development,350398
10868,development,350690
10869,development,351512
10870,development,351775
10871,development,354050
10872,final_holdout,356257
10873,development,357576
10874,development,358075
10875,development,358522
10876,development,360492
10877,development,360938
10878,development,361209
10879,final_holdout,361282
10880,development,362037
10881,development,362374
10882,development,364021
10883,development,364405
10884,final_holdout,365782
10885,development,366024
10886,development,366310
10887,development,368741
10888,development,368749
10889,final_holdout,369908
10890,development,370949
10891,final_holdout,371044
10892,development,371184
10893,development,371831
10894,development,373126
10895,development,373369
10896,development,375300
10897,development,378953
10898,development,379199
10899,development,379861
10900,final_holdout,380341
10901,final_holdout,380919
10902,final_holdout,381646
10903,development,382339
10904,development,382497
10905,development,382641
10906,development,382947
10907,final_holdout,383347
10908,development,383643
10909,development,383701
10910,development,384026
10911,development,384246
10912,final_holdout,386833
10913,development,386880
10914,development,387289
10915,development,387335
10916,development,389362
10917,development,390210
10918,development,390233
10919,development,390942
10920,development,391185
10921,development,391638
10922,final_holdout,392021
10923,development,393150
10924,development,394028
10925,final_holdout,394082
10926,development,394979
10927,development,395288
10928,development,395757
10929,development,396633
10930,final_holdout,397405
10931,development,398199
10932,development,399450
10933,development,400451
10934,final_holdout,400611
10935,development,400630
10936,development,400759
10937,final_holdout,401486
10938,development,402489
10939,development,403085
10940,development,403902
10941,development,405426
10942,final_holdout,405743
10943,development,405784
10944,development,406056
10945,final_holdout,406498
10946,development,406541
10947,development,407595
10948,development,407838
10949,development,409091
10950,development,409109
10951,development,410886
10952,development,411001
10953,development,412063
10954,development,412731
10955,development,412772
10956,development,413580
10957,development,413934
10958,development,414304
10959,development,414587
10960,development,414758
10961,development,414803
10962,development,415695
10963,development,415812
10964,development,416008
10965,development,417242
10966,development,417410
10967,development,417974
10968,development,418122
10969,development,418490
10970,development,418956
10971,development,419273
10972,development,420388
10973,development,422164
10974,development,422768
10975,final_holdout,423061
10976,final_holdout,423386
10977,development,423757
10978,development,423876
10979,development,424987
10980,development,425136
10981,development,426059
10982,development,426094
10983,development,426871
10984,development,429833
10985,development,430279
10986,development,431005
10987,development,433151
10988,development,433386
10989,development,434977
10990,development,435101
10991,development,435423
10992,final_holdout,435780
10993,development,436554
10994,final_holdout,437281
10995,development,438244
10996,development,438662
10997,development,439013
10998,final_holdout,439542
10999,final_holdout,440375
11000,development,440499
11001,development,440857
11002,development,441113
11003,development,441132
11004,development,441201
11005,development,441302
11006,development,441389
11007,development,442131
11008,development,442545
11009,development,442865
11010,final_holdout,442886
11011,development,443055
11012,development,443215
11013,development,443297
11014,development,443842
11015,development,444576
11016,development,444713
11017,final_holdout,445134
11018,development,445573
11019,development,446814
11020,development,446836
11021,development,447242
11022,development,464236
11023,development,465068
11024,development,465260
11025,final_holdout,465399
11026,final_holdout,465727
11027,development,465764
11028,final_holdout,465843
11029,final_holdout,466158
11030,development,466216
11031,final_holdout,466990
11032,development,467294
11033,development,467822
11034,development,468672
11035,development,468729
11036,development,468808
11037,final_holdout,469016
11038,development,470637
11039,development,470921
11040,development,471654
11041,final_holdout,471781
11042,development,472060
11043,development,472180
11044,final_holdout,472584
11045,development,473008
11046,development,473640
11047,development,473965
11048,development,474133
11049,development,474153
11050,development,474451
11051,final_holdout,474464
11052,development,474633
11053,final_holdout,474740
11054,development,474966
11055,development,475443
11056,development,475619
11057,final_holdout,475883
11058,development,475897
11059,development,476041
11060,development,476093
11061,development,476637
11062,development,476910
11063,development,476964
11064,final_holdout,477451
11065,development,477517
11066,development,478213
11067,development,478346
11068,development,478744
11069,final_holdout,479607
11070,final_holdout,480207
11071,development,480225
11072,development,480929
11073,development,480972
11074,final_holdout,481350
11075,final_holdout,481549
11076,development,482117
11077,development,482856
11078,development,483275
11079,development,483470
11080,development,483818
11081,development,483869
11082,development,484266
11083,final_holdout,484816
11084,development,484999
11085,final_holdout,485464
11086,development,485532
11087,final_holdout,485766
11088,final_holdout,487247
11089,development,487267
11090,development,487711
11091,development,489291
11092,development,489313
11093,development,491106
11094,development,491108
11095,final_holdout,491693
11096,development,491757
11097,development,491914
11098,development,492177
11099,development,492371
11100,development,492613
11101,development,492993
11102,development,493984
11103,development,494341
11104,development,494637
11105,development,494806
11106,final_holdout,494919
11107,development,495115
11108,development,495298
11109,development,495734
11110,development,495786
11111,development,496217
11112,development,496542
11113,development,496564
11114,development,496601
11115,development,497475
11116,development,498320
11117,development,498363
11118,development,498432
11119,development,498527
11120,development,498835
11121,development,499056
11122,development,499246
11123,development,499557
11124,development,500006
11125,final_holdout,500136
11126,development,500459
11127,development,500522
11128,development,500766
11129,development,501158
11130,development,501960
11131,development,502136
11132,development,502554
11133,development,502697
11134,development,502736
11135,development,503086
11136,development,503100
11137,development,503120
11138,development,503170
11139,development,503368
11140,development,503497
11141,development,503731
11142,development,503926
11143,development,504819
11144,final_holdout,505311
11145,development,505579
11146,final_holdout,506056
11147,development,506767
11148,development,506785
11149,development,506829
11150,development,507730
11151,development,508934
11152,development,509634
11153,development,509873
11154,final_holdout,510195
11155,development,510530
11156,development,511109
11157,development,511271
11158,final_holdout,511544
11159,development,511569
11160,development,511576
11161,development,511949
11162,development,512080
11163,development,512404
11164,development,512861
11165,development,513246
11166,final_holdout,513396
11167,development,513687
11168,development,513773
11169,development,513854
11170,development,514028
11171,development,514218
11172,final_holdout,514300
11173,development,514633
11174,development,514773
11175,development,515046
11176,final_holdout,515170
11177,development,515595
11178,development,515903
11179,development,515945
11180,development,516010
11181,development,516281
11182,development,516398
11183,development,516450
11184,final_holdout,516843
11185,development,517646
11186,development,517726
11187,development,518097
11188,development,518155
11189,development,518349
11190,development,518436
11191,development,519094
11192,final_holdout,519102
11193,final_holdout,520092
11194,development,520400
11195,development,520751
11196,development,521160
11197,development,521404
11198,development,521709
11199,development,521742
11200,final_holdout,521755
11201,development,522538
11202,development,522572
11203,development,522654
11204,development,522878
11205,development,523392
11206,development,524020
11207,development,524137
11208,development,524160
11209,development,524175
11210,development,524261
11211,development,524369
11212,development,524374
11213,development,524378
11214,development,524396
11215,development,524731
11216,final_holdout,525066
11217,development,525128
11218,development,525749
11219,development,525762
11220,development,525820
11221,development,525854
11222,development,526068
11223,development,526392
11224,development,526426
11225,development,527306
11226,development,527323
11227,final_holdout,527533
11228,development,527747
11229,final_holdout,527789
11230,development,527917
11231,development,528034
11232,development,528184
11233,development,528271
11234,development,528420
11235,development,528846
11236,development,528923
11237,development,529025
11238,development,529078
11239,development,529404
11240,development,529525
11241,development,529760
11242,development,529789
11243,development,529863
11244,development,530234
11245,development,530748
11246,development,530762
11247,final_holdout,531047
11248,development,531069
11249,final_holdout,531075
11250,final_holdout,531202
11251,development,531340
11252,development,531377
11253,final_holdout,531787
11254,development,531888
11255,development,531924
11256,development,532267
11257,development,532491
11258,development,532565
11259,development,532648
11260,development,532695
11261,final_holdout,532718
11262,development,532745
11263,development,532855
11264,development,532988
11265,development,533004
11266,final_holdout,533291
11267,development,533522
11268,development,533731
11269,development,533829
11270,final_holdout,533877
11271,development,534203
11272,development,534219
11273,development,534349
11274,development,534910
11275,development,535215
11276,development,535424
11277,development,535463
11278,development,535486
11279,development,535620
11280,final_holdout,535707
11281,development,535799
11282,development,535831
11283,development,535986
11284,development,536032
11285,development,536145
11286,development,536170
11287,final_holdout,536210
11288,final_holdout,536261
11289,final_holdout,536536
11290,final_holdout,536696
11291,development,536926
11292,development,536999
11293,final_holdout,537138
11294,development,537139
11295,final_holdout,537452
11296,final_holdout,537603
11297,development,537621
11298,development,537622
11299,final_holdout,537652
11300,development,537658
11301,development,537868
11302,development,537926
11303,development,538069
11304,development,538131
11305,development,538211
11306,development,538232
11307,development,538251
11308,development,538611
11309,development,538701
11310,development,539035
11311,development,539043
11312,final_holdout,539066
11313,development,539142
11314,development,539186
11315,development,539209
11316,development,539262
11317,final_holdout,539328
11318,development,539622
11319,development,539643
11320,development,540207
11321,development,540298
11322,development,540310
11323,development,540530
11324,final_holdout,540547
11325,development,540568
11326,development,540592
11327,development,540605
11328,development,540686
11329,development,540694
11330,development,540758
11331,development,540759
11332,final_holdout,540848
11333,development,540920
11334,development,541202
11335,development,541228
11336,development,541260
11337,development,541887
11338,development,541977
11339,development,542036
11340,final_holdout,542049
11341,final_holdout,542054
11342,development,542205
11343,development,542293
11344,development,542372
11345,development,542394
11346,development,542476
11347,development,543060
11348,final_holdout,543202
11349,final_holdout,543340
11350,development,543446
11351,development,543459
11352,development,543482
11353,development,543510
11354,development,543573
11355,final_holdout,543663
11356,development,543683
11357,development,543749
11358,development,543756
11359,final_holdout,543860
11360,development,543919
11361,final_holdout,544053
11362,final_holdout,544063
11363,development,544091
11364,final_holdout,544226
11365,development,544284
11366,development,544296
11367,development,544307
11368,development,544352
11369,development,544356
11370,development,544367
11371,development,544467
11372,final_holdout,544556
11373,development,544603
11374,development,544649
11375,development,544839
11376,development,544907
11377,final_holdout,544942
11378,development,544943
11379,development,545083
11380,development,545115
11381,development,545118
11382,development,545245
11383,development,545387
11384,final_holdout,545704
11385,development,545770
11386,development,545993
11387,development,546000
11388,development,546054
11389,development,546074
11390,development,546089
11391,development,546191
11392,development,546221
11393,development,546293
11394,development,546339
11395,development,546403
11396,development,546675
11397,development,546804
11398,final_holdout,546826
11399,final_holdout,546830
11400,development,546862
11401,development,546953
11402,development,547252
11403,development,547349
11404,development,547445
11405,final_holdout,547486
11406,development,547522
11407,development,547629
11408,development,547679
11409,development,547784
11410,development,547986
11411,final_holdout,548069
11412,development,548132
11413,final_holdout,548173
11414,development,548267
11415,development,548271
11416,development,548371
11417,final_holdout,548473
11418,development,548535
11419,development,548602
11420,development,548650
11421,development,548677
11422,final_holdout,548679
11423,development,548739
11424,development,548773
11425,final_holdout,548797
11426,development,548869
11427,development,548872
11428,development,548959
11429,development,548993
11430,final_holdout,548996
11431,development,549038
11432,development,549095
11433,development,549125
11434,development,549135
11435,development,549213
11436,development,549283
11437,development,549334
11438,development,549354
11439,development,549361
11440,development,549424
11441,final_holdout,549498
11442,final_holdout,549545
11443,final_holdout,549684
11444,development,549690
11445,final_holdout,549698
11446,development,549710
11447,development,549731
11448,development,549783
11449,final_holdout,549795
11450,development,549872
11451,final_holdout,549897
11452,development,549913
11453,development,549928
11454,development,550064
11455,final_holdout,550092
11456,development,550142
11457,development,550183
11458,development,550348
11459,development,550371
11460,development,550521
11461,development,550545
11462,final_holdout,550604
11463,development,550711
11464,development,550725
11465,development,550762
11466,development,550865
11467,development,550893
11468,development,550974
11469,development,551169
11470,development,551183
11471,development,551334
11472,development,551375
11473,final_holdout,551478
11474,final_holdout,551550
11475,development,551573
11476,development,551666
11477,final_holdout,551979
11478,development,552030
11479,development,552114
11480,development,552166
11481,development,552635
11482,development,552661
11483,final_holdout,552789
11484,development,552824
11485,development,552921
11486,development,552955
11487,development,552999
11488,final_holdout,553253
11489,development,553275
11490,development,553382
11491,development,553575
11492,development,553964
11493,development,554161
11494,development,554174
11495,development,554193
11496,development,554205
11497,development,554245
11498,development,554295
11499,development,554300
11500,development,554446
11501,development,554484
11502,development,554574
11503,development,554588
11504,development,554691
11505,development,554773
11506,development,554881
11507,final_holdout,554885
11508,development,554995
11509,development,555360
11510,development,555408
11511,development,555428
11512,development,555446
11513,development,555497
11514,development,555740
11515,development,555765
11516,development,555772
11517,final_holdout,556030
11518,final_holdout,556082
11519,final_holdout,556093
11520,development,556165
11521,final_holdout,556185
11522,development,556295
11523,development,556308
11524,final_holdout,556337
11525,final_holdout,556354
11526,development,556360
11527,development,556362
11528,development,556369
11529,final_holdout,556370
11530,development,556373
11531,final_holdout,556389
11532,development,556575
11533,development,556584
11534,development,556660
11535,development,556721
11536,development,556756
11537,development,556774
11538,final_holdout,556780
11539,final_holdout,556785
11540,final_holdout,556835
11541,development,556918
11542,final_holdout,556934
11543,development,557005
11544,development,557045
11545,final_holdout,557237
11546,development,557247
11547,development,557358
11548,development,557432
11549,final_holdout,557467
11550,development,557477
11551,development,557504
11552,development,557694
11553,development,557742
11554,final_holdout,557751
11555,final_holdout,557752
11556,development,557764
11557,development,557826
11558,development,557846
11559,development,557850
11560,development,557911
11561,development,557924
11562,final_holdout,558153
11563,development,558200
11564,final_holdout,558224
11565,development,558290
11566,development,558308
11567,final_holdout,558415
11568,development,558440
11569,development,558488
11570,development,558610
11571,development,558626
11572,development,558645
11573,development,558678
11574,development,558779
11575,development,558787
11576,final_holdout,558806
11577,final_holdout,558829
11578,development,558837
11579,development,558914
11580,development,558948
11581,development,559081
11582,final_holdout,559282
11583,development,559293
11584,development,559410
11585,final_holdout,559420
11586,final_holdout,559459
11587,development,559469
11588,final_holdout,559474
11589,development,559612
11590,development,559672
11591,development,559706
11592,development,559823
11593,development,559826
11594,development,559838
11595,development,559903
11596,development,559930
11597,development,559950
11598,development,560024
11599,development,560114
11600,development,560127
11601,development,560179
11602,development,560240
11603,development,560260
11604,development,560311
11605,development,560347
11606,development,560381
11607,development,560391
11608,final_holdout,560444
11609,development,560743
11610,development,561088
11611,development,561734
11612,development,561848
11613,final_holdout,564465
11614,development,879295
11615,development,907261
11616,development,925553
11617,development,957467
11618,development,1018685
11619,final_holdout,1044992
11620,development,1068316
11621,final_holdout,1073372
11622,development,1095916
11623,development,1105628
11624,development,1107079
11625,development,1311171
11626,development,1347447
11627,development,1351739
11628,final_holdout,1384882
11629,development,1392016
11630,final_holdout,1430804
11631,development,1444134
11632,development,1446954
11633,final_holdout,1470291
11634,final_holdout,1510198
11635,development,1534854
11636,development,1577134
11637,development,1584449
11638,final_holdout,1587816
11639,development,1587817
11640,final_holdout,1611842
11641,development,1620593
11642,development,1622020
11643,development,1626418
11644,development,1638119
11645,development,1638425
11646,development,1640773
11647,development,1651198
11648,final_holdout,1656527
11649,final_holdout,1664920
11650,final_holdout,1690836
11651,final_holdout,1696174
11652,development,1719566
11653,development,1843026
11654,development,1843355
11655,development,1845093
11656,development,1879272
11657,development,1906919
11658,development,1913872
11659,development,1922497
11660,final_holdout,1944130
11661,development,1945240
11662,development,1962854
11663,development,1968757
11664,development,1976350
11665,development,1982845
11666,final_holdout,2002727
11667,development,2006894
11668,final_holdout,2020916
11669,development,2028388
11670,development,2036685
11671,development,2037479
11672,final_holdout,2063578
11673,development,2080539
11674,development,2082180
11675,development,2088765
11676,development,2094546
11677,development,2126013
11678,development,2133242
11679,final_holdout,2140311
11680,development,2141506
11681,development,2142579
11682,development,2146936
11683,development,2154361
11684,development,2155857
11685,development,2156514
11686,development,2177871
11687,development,2193231
11688,development,2195445
11689,development,2209728
11690,development,2227786
11691,development,2228206
11692,development,2231961
11693,development,2232218
11694,development,2238679
11695,development,2248715
11696,development,2267712
11697,development,2279449
11698,development,2281292
11699,development,2318590
11700,development,2321898
11701,final_holdout,2330534
11702,development,2332060
11703,development,2338290
11704,final_holdout,2348111
11705,final_holdout,2350300
11706,development,2353766
11707,final_holdout,2358423
11708,final_holdout,2374051
11709,final_holdout,2374404
11710,final_holdout,2375123
11711,final_holdout,2375627
11712,development,2377623
11713,development,2381845
11714,development,2388623
11715,development,2400764
11716,development,2406709
11717,development,2418045
11718,development,2418580
11719,development,2421609
11720,development,2435965
11721,development,2444632
11722,development,2451672
11723,development,2454933
11724,development,2456387
11725,final_holdout,2456612
11726,development,2459878
11727,final_holdout,2460752
11728,development,2465876
11729,development,2476998
11730,development,2479086
11731,final_holdout,2498388
11732,development,2499307
11733,development,2501479
11734,development,2501768
11735,development,2502504
11736,development,2502707
11737,development,2505501
11738,development,2508785
11739,final_holdout,2513245
11740,development,2518617
11741,development,2523146
11742,final_holdout,2526483
11743,final_holdout,2531298
11744,development,2532322
11745,development,2536214
11746,development,2537695
11747,development,2540922
11748,development,2543267
11749,development,2543600
11750,development,2545113
11751,final_holdout,2547321
11752,development,2547402
11753,development,2549875
11754,final_holdout,2549939
11755,development,2554973
11756,development,2571497
11757,development,2581822
11758,development,2585285
11759,development,2586026
11760,final_holdout,2594888
11761,development,2602486
11762,development,2604660
11763,final_holdout,2604698
11764,development,2607945
11765,development,2611779
11766,development,2615892
11767,development,2621590
11768,final_holdout,2624569
11769,development,2624720
11770,development,2626179
11771,development,2628025
11772,development,2632491
11773,development,2633235
11774,development,2636225
11775,development,2636885
11776,final_holdout,2639451
11777,final_holdout,2640063
11778,development,2640992
11779,development,2642830
11780,development,2643034
11781,development,2643777
11782,development,2647226
11783,development,2652066
11784,development,2655683
11785,development,2656282
11786,development,2659756
11787,development,2661870
11788,development,2666577
11789,development,2669206
11790,final_holdout,2672686
11791,development,2677955
11792,final_holdout,2678338
11793,development,2683836
11794,final_holdout,2685825
11795,development,2686609
11796,development,2689536
11797,development,2691780
11798,final_holdout,2692101
11799,development,2693243
11800,development,2694933
11801,development,2697773
11802,development,8462
11803,final_holdout,27417
11804,development,27935
11805,development,28046
11806,final_holdout,29411
11807,development,30549
11808,development,31173
11809,development,33387
11810,development,33681
11811,final_holdout,33897
11812,development,33930
11813,development,34087
11814,development,34653
11815,final_holdout,35859
11816,development,39411
11817,development,39427
11818,development,40184
11819,development,40419
11820,development,40563
11821,final_holdout,42818
11822,final_holdout,47063
11823,development,48152
11824,final_holdout,50610
11825,development,51163
11826,development,57227
11827,development,57818
11828,development,59275
11829,final_holdout,59370
11830,final_holdout,63566
11831,development,63856
11832,final_holdout,66047
11833,development,66577
11834,development,67471
11835,development,67505
11836,development,68011
11837,final_holdout,68376
11838,final_holdout,69489
11839,development,71209
11840,development,74502
11841,development,77241
11842,development,78170
11843,final_holdout,80329
11844,development,80868
11845,development,82088
11846,development,83588
11847,development,84605
11848,final_holdout,85325
11849,development,89188
11850,development,89727
11851,development,90979
11852,development,91354
11853,development,92312
11854,development,92391
11855,development,102850
11856,development,103800
11857,final_holdout,104643
11858,development,104772
11859,final_holdout,105523
11860,development,108789
11861,final_holdout,111360
11862,development,111548
11863,development,111926
11864,development,114558
11865,development,118887
11866,development,120999
11867,development,122739
11868,development,123497
11869,development,123598
11870,development,123957
11871,final_holdout,124006
11872,development,124387
11873,development,126394
11874,development,126812
11875,development,127988
11876,development,128656
11877,development,128965
11878,development,130467
11879,development,130671
11880,development,130837
11881,development,131222
11882,development,132401
11883,development,135385
11884,development,138715
11885,development,139843
11886,development,140807
11887,development,141301
11888,development,144895
11889,development,146485
11890,development,146666
11891,final_holdout,148008
11892,development,148515
11893,development,156783
11894,development,157310
11895,final_holdout,158611
11896,development,162337
11897,development,164935
11898,development,165178
11899,development,169079
11900,development,169700
11901,development,173004
11902,development,173370
11903,final_holdout,177354
11904,development,178020
11905,final_holdout,179718
11906,development,179904
11907,development,180651
11908,development,184025
11909,development,185024
11910,development,185127
11911,final_holdout,188875
11912,development,189624
11913,development,191445
11914,final_holdout,202489
11915,development,203066
11916,final_holdout,204182
11917,development,204505
11918,development,205417
11919,final_holdout,205442
11920,development,227020
11921,development,228695
11922,development,228888
11923,development,230510
11924,development,231572
11925,development,232078
11926,final_holdout,234406
11927,development,234827
11928,final_holdout,235777
11929,development,236857
11930,development,236953
11931,development,237506
11932,final_holdout,237602
11933,development,237808
11934,development,238800
11935,development,238983
11936,development,240641
11937,development,242472
11938,development,243372
11939,development,244738
11940,development,245653
11941,final_holdout,245946
11942,development,248252
11943,development,248695
11944,development,248961
11945,development,249704
11946,development,250163
11947,development,250644
11948,development,253579
11949,development,255622
11950,final_holdout,257167
11951,final_holdout,258010
11952,development,258042
11953,development,259060
11954,development,259641
11955,development,259951
11956,final_holdout,261495
11957,development,263524
11958,development,266286
11959,development,266558
11960,development,267871
11961,final_holdout,268817
11962,development,269065
11963,final_holdout,270393
11964,final_holdout,270493
11965,development,271206
11966,development,271526
11967,development,273106
11968,development,274712
11969,development,274964
11970,development,275232
11971,development,276857
11972,development,277412
11973,development,277596
11974,development,277729
11975,development,279868
11976,development,280541
11977,development,282317
11978,development,283535
11979,development,284540
11980,development,285085
11981,development,285557
11982,development,286449
11983,final_holdout,286842
11984,final_holdout,287783
11985,development,289009
11986,final_holdout,290371
11987,development,292694
11988,development,293853
11989,development,294364
11990,development,296849
11991,development,298402
11992,development,298911
11993,development,299473
11994,development,303582
11995,development,305702
11996,development,307932
11997,development,308231
11998,development,308707
11999,final_holdout,311117
12000,final_holdout,311474
12001,development,311877
12002,final_holdout,314956
12003,development,315388
12004,development,315625
12005,development,315730
12006,development,315909
12007,development,317096
12008,development,318794
12009,development,318977
12010,development,320963
12011,development,325497
12012,development,328173
12013,development,331315
12014,development,331404
12015,development,332309
12016,development,332436
12017,final_holdout,332726
12018,final_holdout,333155
12019,development,334255
12020,development,334257
12021,development,335018
12022,development,335405
12023,development,336037
12024,development,338034
12025,development,339739
12026,development,339924
12027,development,341854
12028,development,341855
12029,development,342100
12030,final_holdout,342387
12031,development,342483
12032,development,342697
12033,development,342949
12034,development,343238
12035,development,343781
12036,development,343911
12037,development,344474
12038,development,346333
12039,final_holdout,348050
12040,development,348547
12041,development,349182
12042,development,349710
12043,development,350164
12044,development,350644
12045,development,350929
12046,final_holdout,350949
12047,development,352051
12048,development,352771
12049,development,355510
12050,development,356274
12051,development,358504
12052,final_holdout,359855
12053,development,359943
12054,development,361243
12055,final_holdout,361282
12056,development,361889
12057,development,362647
12058,development,363990
12059,development,364239
12060,development,364547
12061,development,364770
12062,development,365239
12063,final_holdout,365893
12064,development,365939
12065,development,366267
12066,development,366449
12067,development,366987
12068,development,368106
12069,development,368436
12070,development,369319
12071,development,370294
12072,final_holdout,370336
12073,development,370367
12074,development,373237
12075,development,373280
12076,development,374636
12077,development,378825
12078,final_holdout,379023
12079,development,379124
12080,development,380138
12081,development,380239
12082,development,380253
12083,development,380429
12084,development,380662
12085,development,381539
12086,development,382378
12087,development,382742
12088,development,382879
12089,development,383694
12090,final_holdout,383785
12091,development,383978
12092,development,384153
12093,final_holdout,384999
12094,development,385218
12095,development,385495
12096,development,385937
12097,development,387359
12098,final_holdout,388947
12099,development,389025
12100,development,389362
12101,final_holdout,389639
12102,development,390029
12103,final_holdout,390556
12104,development,390690
12105,final_holdout,391537
12106,development,391578
12107,development,391638
12108,development,392626
12109,development,392664
12110,development,392713
12111,development,392890
12112,development,394076
12113,development,394384
12114,development,394951
12115,development,396028
12116,final_holdout,396210
12117,development,396292
12118,development,396668
12119,development,398529
12120,development,399203
12121,final_holdout,399453
12122,development,399794
12123,development,399843
12124,development,399935
12125,development,400942
12126,development,401947
12127,development,402210
12128,development,402433
12129,development,405336
12130,development,405784
12131,development,406224
12132,final_holdout,406498
12133,development,407374
12134,development,408061
12135,final_holdout,408239
12136,development,408817
12137,development,409056
12138,development,409105
12139,development,409794
12140,final_holdout,409880
12141,development,409953
12142,development,410084
12143,development,410767
12144,development,411707
12145,development,412175
12146,development,412618
12147,development,414247
12148,final_holdout,415151
12149,development,415187
12150,development,416243
12151,final_holdout,416500
12152,final_holdout,418159
12153,development,418397
12154,development,419192
12155,development,419517
12156,development,420650
12157,development,421301
12158,development,422276
12159,development,422534
12160,development,423147
12161,development,423876
12162,development,425543
12163,development,426059
12164,development,426887
12165,final_holdout,427248
12166,development,427344
12167,development,428321
12168,development,429212
12169,development,429854
12170,development,430356
12171,development,431005
12172,development,432624
12173,development,432862
12174,development,432968
12175,development,433508
12176,development,433748
12177,final_holdout,434159
12178,development,435587
12179,development,437923
12180,development,438290
12181,development,438751
12182,development,439568
12183,development,439713
12184,development,439855
12185,final_holdout,440003
12186,final_holdout,441342
12187,development,441444
12188,development,441885
12189,development,441892
12190,final_holdout,442547
12191,development,442589
12192,development,442590
12193,development,442878
12194,development,442924
12195,development,443400
12196,final_holdout,443438
12197,final_holdout,443540
12198,development,443731
12199,development,444063
12200,development,444317
12201,final_holdout,444375
12202,final_holdout,444541
12203,final_holdout,444847
12204,development,444909
12205,development,445109
12206,development,445386
12207,development,445749
12208,development,445785
12209,final_holdout,445917
12210,final_holdout,445930
12211,final_holdout,446246
12212,development,446279
12213,development,446448
12214,development,447059
12215,development,464924
12216,development,465441
12217,development,465629
12218,development,466539
12219,final_holdout,466880
12220,development,467776
12221,development,468657
12222,development,468927
12223,final_holdout,469389
12224,development,469465
12225,development,469553
12226,development,470403
12227,final_holdout,471373
12228,final_holdout,472000
12229,development,472060
12230,final_holdout,473104
12231,development,473340
12232,development,473378
12233,development,473509
12234,development,473640
12235,development,474246
12236,final_holdout,474385
12237,development,474495
12238,development,474508
12239,development,474902
12240,development,476144
12241,development,476170
12242,development,476355
12243,development,476822
12244,development,477120
12245,final_holdout,477128
12246,development,477161
12247,final_holdout,477348
12248,final_holdout,477412
12249,development,478238
12250,development,478244
12251,final_holdout,478289
12252,development,479141
12253,development,479457
12254,development,479848
12255,development,479977
12256,development,480716
12257,development,480938
12258,development,481538
12259,final_holdout,481667
12260,final_holdout,481863
12261,development,482083
12262,development,482173
12263,development,482635
12264,development,482868
12265,final_holdout,483362
12266,development,483934
12267,development,484355
12268,final_holdout,484423
12269,development,484436
12270,development,484999
12271,development,485195
12272,development,485506
12273,development,485519
12274,development,485594
12275,development,485734
12276,development,485791
12277,development,486533
12278,development,486877
12279,development,486890
12280,development,487293
12281,development,487556
12282,development,488198
12283,development,488550
12284,development,488575
12285,development,488680
12286,development,489084
12287,development,489209
12288,final_holdout,489410
12289,development,489990
12290,development,490164
12291,development,490297
12292,final_holdout,490530
12293,development,490738
12294,final_holdout,491081
12295,development,491110
12296,development,491874
12297,development,491875
12298,development,491926
12299,development,492552
12300,development,492635
12301,development,492740
12302,development,493207
12303,development,493404
12304,development,493725
12305,final_holdout,493876
12306,development,493879
12307,development,494389
12308,development,494667
12309,development,494722
12310,development,494728
12311,development,496154
12312,development,496185
12313,development,496315
12314,development,497229
12315,development,497475
12316,final_holdout,497590
12317,development,497809
12318,development,497994
12319,development,498793
12320,development,498821
12321,development,499392
12322,final_holdout,499469
12323,development,500283
12324,final_holdout,500339
12325,development,500521
12326,development,500581
12327,development,500707
12328,development,500785
12329,development,501203
12330,final_holdout,501488
12331,final_holdout,501723
12332,development,501867
12333,development,502051
12334,final_holdout,502207
12335,final_holdout,502466
12336,development,502477
12337,development,502638
12338,development,502642
12339,final_holdout,503023
12340,development,503783
12341,development,503838
12342,final_holdout,504034
12343,final_holdout,504234
12344,development,504368
12345,development,504429
12346,development,504552
12347,development,504596
12348,final_holdout,504602
12349,final_holdout,504862
12350,development,505142
12351,development,505209
12352,development,505561
12353,development,505856
12354,development,506476
12355,development,506582
12356,development,506829
12357,development,507113
12358,final_holdout,507115
12359,development,507257
12360,development,507285
12361,development,507344
12362,development,507478
12363,final_holdout,508025
12364,development,508246
12365,development,508601
12366,final_holdout,508615
12367,final_holdout,508637
12368,final_holdout,508785
12369,development,509102
12370,development,509279
12371,development,509327
12372,final_holdout,509501
12373,development,509610
12374,final_holdout,509929
12375,development,510182
12376,final_holdout,510864
12377,development,510873
12378,development,511282
12379,development,511453
12380,development,512050
12381,development,512259
12382,development,512525
12383,development,512706
12384,development,513007
12385,development,513204
12386,development,513349
12387,development,513356
12388,development,513482
12389,development,513499
12390,final_holdout,513853
12391,development,513954
12392,final_holdout,514125
12393,development,514852
12394,development,515056
12395,development,515247
12396,development,515520
12397,final_holdout,516343
12398,development,516653
12399,development,516946
12400,development,517093
12401,development,517416
12402,development,518709
12403,development,518731
12404,final_holdout,518951
12405,final_holdout,519100
12406,development,519211
12407,development,519358
12408,development,519552
12409,development,519961
12410,development,520150
12411,development,520891
12412,development,522312
12413,final_holdout,522363
12414,development,522473
12415,development,522538
12416,development,522777
12417,development,523047
12418,development,523248
12419,development,523275
12420,development,523583
12421,development,523834
12422,development,524261
12423,development,524575
12424,development,524711
12425,development,524791
12426,development,525189
12427,development,525456
12428,development,525472
12429,development,525800
12430,development,526098
12431,development,526158
12432,development,526242
12433,development,526679
12434,development,527427
12435,development,527574
12436,final_holdout,527751
12437,development,527954
12438,development,528467
12439,development,528551
12440,development,528892
12441,development,528971
12442,development,529073
12443,final_holdout,529226
12444,development,529522
12445,development,529868
12446,development,530519
12447,development,530967
12448,development,531234
12449,development,531402
12450,development,531888
12451,development,532020
12452,development,532116
12453,development,532144
12454,development,532683
12455,development,532859
12456,development,532863
12457,final_holdout,532941
12458,development,533988
12459,development,534093
12460,development,535161
12461,development,535220
12462,development,535351
12463,development,535632
12464,final_holdout,535707
12465,development,535794
12466,development,536199
12467,final_holdout,536210
12468,development,536979
12469,final_holdout,537747
12470,development,537811
12471,development,537918
12472,final_holdout,537962
12473,development,538863
12474,development,538903
12475,final_holdout,539872
12476,final_holdout,540806
12477,development,540947
12478,development,541108
12479,development,541482
12480,development,542180
12481,final_holdout,542558
12482,final_holdout,543481
12483,development,543648
12484,development,543683
12485,development,543723
12486,final_holdout,543788
12487,development,543825
12488,development,544031
12489,development,544499
12490,final_holdout,544576
12491,final_holdout,544594
12492,development,544649
12493,development,544982
12494,final_holdout,545093
12495,development,545124
12496,development,545179
12497,development,545211
12498,development,545255
12499,development,545769
12500,final_holdout,545991
12501,development,546293
12502,development,546722
12503,development,546809
12504,development,546852
12505,development,547378
12506,development,547448
12507,final_holdout,547584
12508,development,547737
12509,development,547784
12510,development,548027
12511,final_holdout,548173
12512,development,548301
12513,development,548825
12514,development,549032
12515,development,549113
12516,final_holdout,549337
12517,development,549424
12518,final_holdout,549601
12519,development,550331
12520,development,550380
12521,development,550814
12522,development,551126
12523,development,551214
12524,development,551456
12525,development,551760
12526,development,551774
12527,development,552282
12528,development,552313
12529,development,552537
12530,development,552747
12531,development,552898
12532,development,553280
12533,final_holdout,553301
12534,development,553353
12535,development,553719
12536,development,553832
12537,development,554283
12538,development,554356
12539,development,554691
12540,development,555239
12541,development,555316
12542,final_holdout,555644
12543,final_holdout,555791
12544,development,556539
12545,development,556751
12546,development,557247
12547,development,557474
12548,development,558021
12549,development,558052
12550,final_holdout,558140
12551,development,558610
12552,development,558765
12553,development,559096
12554,development,559123
12555,development,559140
12556,development,559540
12557,development,559680
12558,development,559735
12559,development,559855
12560,development,559908
12561,development,559992
12562,development,560015
12563,development,560243
12564,development,560423
12565,final_holdout,560458
12566,development,560486
12567,final_holdout,560493
12568,development,560759
12569,development,560870
12570,development,560879
12571,development,560948
12572,final_holdout,561072
12573,development,561195
12574,development,561272
12575,development,561476
12576,final_holdout,561515
12577,development,561734
12578,development,561807
12579,development,561810
12580,development,561819
12581,development,561823
12582,development,561881
12583,development,561905
12584,development,561955
12585,development,562064
12586,development,562100
12587,development,562437
12588,final_holdout,562490
12589,development,562585
12590,development,562728
12591,final_holdout,562929
12592,final_holdout,563016
12593,development,563675
12594,development,563718
12595,development,563770
12596,final_holdout,563819
12597,final_holdout,563847
12598,final_holdout,563862
12599,development,563888
12600,final_holdout,563971
12601,development,564213
12602,development,564325
12603,final_holdout,564356
12604,final_holdout,564454
12605,development,565175
12606,final_holdout,565301
12607,final_holdout,565570
12608,final_holdout,565657
12609,development,566134
12610,development,566185
12611,development,566381
12612,development,566482
12613,development,566553
12614,development,566795
12615,development,566810
12616,development,566979
12617,development,567152
12618,development,567167
12619,development,567176
12620,development,567292
12621,development,567304
12622,development,567417
12623,development,567451
12624,development,567970
12625,development,568043
12626,development,568068
12627,development,568196
12628,development,568223
12629,development,568422
12630,development,568566
12631,development,568578
12632,final_holdout,568598
12633,development,568668
12634,development,568741
12635,development,568835
12636,development,568948
12637,development,568963
12638,development,569279
12639,development,569857
12640,development,569928
12641,development,569935
12642,development,569978
12643,development,570237
12644,development,570403
12645,final_holdout,570531
12646,development,570630
12647,final_holdout,570671
12648,final_holdout,570871
12649,development,570872
12650,development,570896
12651,development,571055
12652,development,571131
12653,development,571242
12654,development,571451
12655,development,571512
12656,development,571640
12657,development,571716
12658,development,571765
12659,development,571776
12660,final_holdout,571808
12661,development,571921
12662,development,571950
12663,development,571951
12664,development,572060
12665,development,572087
12666,development,572134
12667,development,572143
12668,final_holdout,572149
12669,final_holdout,572231
12670,development,572233
12671,development,572241
12672,development,572280
12673,final_holdout,572338
12674,development,572348
12675,development,572382
12676,final_holdout,572431
12677,development,572452
12678,development,572457
12679,development,572460
12680,development,572470
12681,final_holdout,572567
12682,final_holdout,572648
12683,final_holdout,572688
12684,development,572697
12685,development,572730
12686,development,572735
12687,development,572751
12688,development,572754
12689,development,572774
12690,development,572806
12691,development,572854
12692,final_holdout,572874
12693,development,572880
12694,development,572909
12695,development,572949
12696,development,572976
12697,development,573235
12698,final_holdout,573307
12699,development,573473
12700,final_holdout,573602
12701,development,573646
12702,development,573689
12703,development,573712
12704,development,573780
12705,development,573845
12706,development,574035
12707,development,574088
12708,development,574098
12709,development,574099
12710,development,574310
12711,development,574330
12712,development,574498
12713,final_holdout,574529
12714,final_holdout,574623
12715,final_holdout,574627
12716,development,574705
12717,final_holdout,574720
12718,development,574730
12719,development,574743
12720,development,574819
12721,final_holdout,574842
12722,development,574866
12723,development,574873
12724,development,574895
12725,final_holdout,574938
12726,final_holdout,575192
12727,development,575213
12728,final_holdout,575258
12729,final_holdout,575337
12730,development,575376
12731,development,575385
12732,development,575431
12733,development,575493
12734,development,575766
12735,development,575773
12736,final_holdout,575798
12737,development,575811
12738,development,575962
12739,development,575999
12740,development,576083
12741,development,576131
12742,development,576233
12743,development,576251
12744,development,576314
12745,final_holdout,576368
12746,development,576383
12747,final_holdout,576413
12748,development,576453
12749,development,576492
12750,development,576767
12751,final_holdout,576847
12752,development,576879
12753,development,576949
12754,final_holdout,577035
12755,final_holdout,577126
12756,final_holdout,577196
12757,final_holdout,577200
12758,development,577212
12759,development,577279
12760,final_holdout,577401
12761,development,577414
12762,development,577464
12763,development,577570
12764,development,577638
12765,development,577652
12766,development,578026
12767,final_holdout,578117
12768,final_holdout,578150
12769,development,578303
12770,development,578427
12771,final_holdout,578644
12772,final_holdout,578697
12773,development,578823
12774,development,578850
12775,development,578906
12776,development,578943
12777,development,578956
12778,development,579105
12779,development,579112
12780,final_holdout,579151
12781,development,579303
12782,development,579325
12783,development,579367
12784,development,579372
12785,development,579470
12786,development,579567
12787,development,579717
12788,development,580393
12789,final_holdout,580415
12790,final_holdout,580441
12791,development,580468
12792,development,580516
12793,development,580534
12794,development,580642
12795,development,580706
12796,development,580714
12797,final_holdout,580916
12798,development,581138
12799,final_holdout,581320
12800,development,581552
12801,development,581593
12802,development,581697
12803,development,581755
12804,development,581818
12805,development,581922
12806,development,582026
12807,final_holdout,582160
12808,development,582227
12809,development,582302
12810,development,582320
12811,development,582373
12812,final_holdout,582416
12813,final_holdout,582452
12814,development,582464
12815,development,582554
12816,development,582848
12817,development,582879
12818,development,582931
12819,development,583037
12820,development,583198
12821,development,583215
12822,development,583247
12823,development,583293
12824,development,583335
12825,development,583514
12826,development,583540
12827,final_holdout,583570
12828,development,583580
12829,development,583606
12830,development,583775
12831,final_holdout,583871
12832,development,583946
12833,development,583955
12834,final_holdout,584077
12835,development,584082
12836,development,584132
12837,development,584183
12838,development,584315
12839,development,584433
12840,development,584455
12841,development,584495
12842,development,584586
12843,development,584591
12844,development,584615
12845,final_holdout,584640
12846,final_holdout,584914
12847,development,584918
12848,development,584932
12849,development,584943
12850,development,585098
12851,development,585134
12852,development,585208
12853,final_holdout,585210
12854,final_holdout,585326
12855,final_holdout,585359
12856,final_holdout,585422
12857,development,585525
12858,final_holdout,585695
12859,final_holdout,585998
12860,final_holdout,586022
12861,final_holdout,586113
12862,development,586128
12863,development,586243
12864,development,586257
12865,development,586470
12866,development,586497
12867,final_holdout,586526
12868,development,586550
12869,final_holdout,586609
12870,development,586625
12871,development,586707
12872,development,586762
12873,development,586800
12874,development,586912
12875,development,587002
12876,final_holdout,587006
12877,development,587576
12878,final_holdout,587641
12879,development,587862
12880,development,587989
12881,development,588013
12882,development,588033
12883,development,588086
12884,development,588132
12885,development,588146
12886,development,588178
12887,development,588197
12888,development,588208
12889,development,588219
12890,development,588293
12891,development,588352
12892,development,588430
12893,final_holdout,588460
12894,development,588482
12895,development,588493
12896,development,588537
12897,development,588540
12898,development,588556
12899,development,588566
12900,development,588707
12901,development,588824
12902,development,588850
12903,development,588884
12904,development,589007
12905,development,589019
12906,development,589171
12907,final_holdout,589220
12908,development,589458
12909,development,589503
12910,development,589531
12911,development,589557
12912,development,589582
12913,development,589584
12914,development,589723
12915,final_holdout,589875
12916,development,589932
12917,development,589956
12918,development,590184
12919,development,590235
12920,development,590370
12921,development,590392
12922,final_holdout,590397
12923,development,590402
12924,development,590420
12925,development,590443
12926,development,590482
12927,final_holdout,590676
12928,development,590762
12929,final_holdout,590789
12930,development,590811
12931,final_holdout,590828
12932,development,590886
12933,development,590918
12934,development,590920
12935,final_holdout,590921
12936,final_holdout,590951
12937,final_holdout,591071
12938,development,591163
12939,development,591193
12940,final_holdout,591202
12941,development,591210
12942,development,591230
12943,development,591593
12944,final_holdout,591648
12945,development,591650
12946,development,591694
12947,development,591845
12948,development,591891
12949,development,591980
12950,development,592093
12951,final_holdout,592189
12952,development,592252
12953,final_holdout,592284
12954,final_holdout,592315
12955,development,592382
12956,development,592486
12957,development,592494
12958,final_holdout,592577
12959,final_holdout,592625
12960,development,592709
12961,development,592749
12962,development,592950
12963,development,593103
12964,development,593303
12965,development,593338
12966,final_holdout,593475
12967,development,593594
12968,development,593654
12969,final_holdout,593903
12970,development,593973
12971,development,594011
12972,development,594052
12973,development,594081
12974,development,594086
12975,development,594164
12976,development,594201
12977,final_holdout,594407
12978,final_holdout,594414
12979,final_holdout,594419
12980,development,594507
12981,development,594578
12982,development,594869
12983,development,594925
12984,development,594963
12985,development,595008
12986,development,595079
12987,development,595319
12988,development,595396
12989,final_holdout,595495
12990,development,595601
12991,final_holdout,595659
12992,development,595685
12993,development,595687
12994,development,595723
12995,development,595940
12996,final_holdout,595963
12997,development,595986
12998,final_holdout,595988
12999,development,596093
13000,development,596104
13001,development,596204
13002,final_holdout,596270
13003,development,596292
13004,development,596306
13005,development,596441
13006,final_holdout,596473
13007,final_holdout,596542
13008,development,596570
13009,final_holdout,596589
13010,development,596620
13011,development,596629
13012,development,596731
13013,development,596845
13014,development,596846
13015,development,597178
13016,final_holdout,597235
13017,development,597243
13018,development,597365
13019,development,597403
13020,development,597428
13021,development,597433
13022,development,597443
13023,development,597560
13024,final_holdout,597571
13025,development,597602
13026,development,597726
13027,development,597755
13028,development,597770
13029,development,597871
13030,development,597938
13031,final_holdout,597968
13032,development,598052
13033,development,598064
13034,final_holdout,598089
13035,development,598123
13036,development,598246
13037,development,598323
13038,development,598501
13039,development,598516
13040,development,598536
13041,development,598637
13042,development,598650
13043,final_holdout,598664
13044,development,598665
13045,final_holdout,598701
13046,development,598842
13047,final_holdout,598860
13048,development,598949
13049,development,598989
13050,development,599049
13051,development,599068
13052,development,599109
13053,development,599146
13054,development,599169
13055,development,599177
13056,development,599206
13057,development,599314
13058,development,599425
13059,development,599577
13060,development,599585
13061,development,599615
13062,development,599655
13063,development,599658
13064,final_holdout,599711
13065,development,599725
13066,development,599737
13067,development,599741
13068,development,599742
13069,development,599837
13070,development,599854
13071,development,599947
13072,development,600067
13073,final_holdout,600094
13074,development,600242
13075,development,600365
13076,development,600478
13077,final_holdout,600635
13078,final_holdout,600648
13079,development,600671
13080,development,600686
13081,final_holdout,600796
13082,development,600817
13083,final_holdout,600859
13084,final_holdout,600963
13085,development,601048
13086,development,601088
13087,development,601092
13088,development,601133
13089,final_holdout,601204
13090,development,601230
13091,final_holdout,601234
13092,final_holdout,601263
13093,development,601286
13094,final_holdout,601289
13095,development,601293
13096,development,601310
13097,final_holdout,601380
13098,final_holdout,601467
13099,final_holdout,601566
13100,final_holdout,601579
13101,development,601731
13102,final_holdout,601857
13103,development,602302
13104,development,602312
13105,final_holdout,602356
13106,development,602404
13107,development,602452
13108,development,602453
13109,final_holdout,602595
13110,development,602725
13111,development,602729
13112,development,602783
13113,development,602856
13114,development,602902
13115,development,602986
13116,final_holdout,603034
13117,development,603049
13118,development,603302
13119,development,603325
13120,final_holdout,603410
13121,development,603431
13122,development,603469
13123,development,603498
13124,development,603513
13125,final_holdout,603730
13126,development,603803
13127,development,604055
13128,development,604072
13129,development,604156
13130,final_holdout,604281
13131,development,604317
13132,final_holdout,604462
13133,development,604546
13134,development,604559
13135,final_holdout,604574
13136,final_holdout,604627
13137,final_holdout,604641
13138,development,604655
13139,development,604692
13140,development,604723
13141,development,604854
13142,development,604952
13143,development,605070
13144,development,605105
13145,development,605118
13146,development,605144
13147,development,605191
13148,final_holdout,605245
13149,development,605266
13150,development,605313
13151,development,605476
13152,development,605540
13153,development,605561
13154,development,605652
13155,development,605703
13156,development,605859
13157,development,605885
13158,development,605941
13159,final_holdout,606082
13160,final_holdout,606270
13161,development,606319
13162,development,606322
13163,final_holdout,606344
13164,development,606492
13165,development,606513
13166,final_holdout,606593
13167,development,606665
13168,development,606788
13169,development,606908
13170,development,607061
13171,final_holdout,607073
13172,development,607110
13173,final_holdout,607151
13174,development,607196
13175,development,607231
13176,development,607316
13177,development,607427
13178,final_holdout,607485
13179,final_holdout,607498
13180,development,607555
13181,development,607622
13182,development,607670
13183,development,607800
13184,development,607854
13185,development,607900
13186,development,607927
13187,development,607966
13188,development,608062
13189,development,608178
13190,development,608206
13191,final_holdout,608217
13192,development,608238
13193,final_holdout,608267
13194,development,608284
13195,development,608417
13196,development,608449
13197,development,608630
13198,development,608638
13199,development,608643
13200,development,608733
13201,development,608745
13202,development,608815
13203,development,608923
13204,development,608983
13205,development,609031
13206,final_holdout,609044
13207,final_holdout,609089
13208,development,609242
13209,final_holdout,609480
13210,development,609488
13211,development,609593
13212,development,609797
13213,development,609932
13214,development,609969
13215,final_holdout,610019
13216,final_holdout,610106
13217,final_holdout,610170
13218,development,610220
13219,development,610257
13220,development,610279
13221,development,610393
13222,development,610402
13223,development,610469
13224,final_holdout,610537
13225,development,610595
13226,development,610603
13227,final_holdout,610701
13228,final_holdout,610830
13229,development,610838
13230,development,610870
13231,development,611162
13232,development,611244
13233,development,611259
13234,development,611271
13235,development,611284
13236,final_holdout,611408
13237,final_holdout,611418
13238,development,611464
13239,development,611478
13240,development,611593
13241,development,925553
13242,development,983970
13243,development,1080206
13244,development,1103608
13245,development,1187586
13246,development,1282596
13247,final_holdout,1345808
13248,development,1346966
13249,final_holdout,1355699
13250,development,1375851
13251,development,1440467
13252,development,1442991
13253,development,1449692
13254,development,1485105
13255,development,1497480
13256,development,1507503
13257,development,1509881
13258,development,1522631
13259,development,1530521
13260,development,1563203
13261,development,1564630
13262,development,1569426
13263,development,1580084
13264,development,1581243
13265,development,1610188
13266,development,1644266
13267,development,1644568
13268,final_holdout,1678800
13269,final_holdout,1679727
13270,final_holdout,1679862
13271,development,1684787
13272,development,1687996
13273,development,1689069
13274,final_holdout,1713615
13275,development,1716492
13276,development,1721891
13277,development,1723019
13278,development,1753235
13279,development,1756165
13280,development,1766513
13281,development,1777511
13282,development,1782581
13283,development,1818677
13284,final_holdout,1819994
13285,final_holdout,1830562
13286,final_holdout,1835411
13287,development,1847481
13288,development,1868389
13289,development,1874363
13290,final_holdout,1877732
13291,development,1887928
13292,development,1894634
13293,final_holdout,1901764
13294,final_holdout,1903131
13295,final_holdout,1903477
13296,development,1913872
13297,development,1935774
13298,final_holdout,1957728
13299,final_holdout,1963677
13300,final_holdout,1982833
13301,development,2014252
13302,development,2032057
13303,development,2032882
13304,final_holdout,2034802
13305,final_holdout,2039190
13306,development,2039810
13307,development,2043916
13308,development,2045139
13309,development,2068627
13310,development,2082180
13311,development,2089582
13312,development,2094546
13313,final_holdout,2098405
13314,development,2112088
13315,development,2134578
13316,development,2157412
13317,development,2175266
13318,development,2195479
13319,development,2198952
13320,final_holdout,2198970
13321,development,2202076
13322,development,2204293
13323,development,2215898
13324,development,2221869
13325,development,2232218
13326,development,2239650
13327,development,2252750
13328,final_holdout,2253576
13329,development,2281870
13330,development,2282040
13331,development,2284294
13332,development,2288599
13333,development,2289847
13334,development,2292724
13335,development,2296163
13336,development,2305957
13337,development,2314761
13338,final_holdout,2325606
13339,development,2327045
13340,development,2327472
13341,development,2336922
13342,development,2337441
13343,final_holdout,2339150
13344,development,2340230
13345,development,2340786
13346,final_holdout,2342399
13347,development,2355555
13348,final_holdout,2356801
13349,development,2358707
13350,development,2359191
13351,final_holdout,2365438
13352,development,2366024
13353,final_holdout,2375123
13354,final_holdout,2375627
13355,development,2377769
13356,development,2382048
13357,development,2383036
13358,development,2388030
13359,development,2404530
13360,development,2411981
13361,final_holdout,2416024
13362,final_holdout,2421961
13363,final_holdout,2430070
13364,development,2430405
13365,development,2434369
13366,development,2437065
13367,development,2446109
13368,development,2452902
13369,development,2457907
13370,development,2461936
13371,development,2462628
13372,final_holdout,2472145
13373,development,2473456
13374,development,2474436
13375,development,2477052
13376,final_holdout,2477792
13377,development,2479086
13378,final_holdout,2485582
13379,development,2486769
13380,final_holdout,2494999
13381,development,2495352
13382,final_holdout,2505859
13383,development,2520868
13384,development,2522932
13385,development,2539092
13386,development,2540195
13387,final_holdout,2542803
13388,development,2546792
13389,development,2546976
13390,development,2547032
13391,development,2550054
13392,final_holdout,2552672
13393,development,2554973
13394,development,2555596
13395,development,2556345
13396,final_holdout,2560868
13397,development,2561282
13398,development,2561811
13399,development,2569051
13400,development,2569416
13401,development,2569653
13402,development,2570253
13403,development,2574281
13404,development,2576298
13405,final_holdout,2577480
13406,development,2579683
13407,development,2581779
13408,development,2581822
13409,development,2585270
13410,development,2585395
13411,development,2588379
13412,development,2588655
13413,development,2589096
13414,development,2597673
13415,development,2602235
13416,development,2606871
13417,development,2612561
13418,development,2613296
13419,development,2615169
13420,development,2615761
13421,development,2618352
13422,development,2624040
13423,development,2627449
13424,development,2631225
13425,development,2635163
13426,development,2636885
13427,development,2639310
13428,development,2643555
13429,development,2646291
13430,development,2648317
13431,development,2650741
13432,development,2654602
13433,development,2658898
13434,development,2662178
13435,development,2663010
13436,development,2668945
13437,development,2671469
13438,development,2677097
13439,development,2681198
13440,development,2681471
13441,development,2686578
13442,development,2688422
13443,development,2691780
13444,final_holdout,2692186
13445,development,2695608
13446,development,24213
13447,development,31269
13448,development,35502
13449,final_holdout,39660
13450,development,46753
13451,development,49119
13452,development,50476
13453,development,51030
13454,development,53632
13455,development,54810
13456,development,58617
13457,development,61911
13458,development,64450
13459,final_holdout,64767
13460,development,67781
13461,final_holdout,69489
13462,development,71723
13463,development,76081
13464,development,84576
13465,development,85216
13466,development,88490
13467,development,88910
13468,development,89904
13469,development,90537
13470,development,95356
13471,development,97939
13472,final_holdout,99151
13473,development,111959
13474,development,116763
13475,development,117281
13476,development,117435
13477,development,118479
13478,development,124134
13479,development,127580
13480,development,128348
13481,development,131695
13482,development,137150
13483,final_holdout,138204
13484,development,138416
13485,development,138704
13486,development,139455
13487,development,141497
13488,development,144908
13489,development,145114
13490,final_holdout,145640
13491,development,145770
13492,development,152320
13493,development,154697
13494,development,161878
13495,development,165178
13496,development,172965
13497,development,178258
13498,development,183331
13499,development,187663
13500,development,189178
13501,final_holdout,189442
13502,development,192186
13503,development,201151
13504,development,226895
13505,development,227826
13506,development,228272
13507,development,228373
13508,development,228775
13509,development,229499
13510,development,231973
13511,development,232827
13512,final_holdout,233868
13513,development,236015
13514,final_holdout,239459
13515,development,240389
13516,development,240486
13517,development,240755
13518,final_holdout,242633
13519,development,260565
13520,development,264723
13521,development,266922
13522,development,267118
13523,development,268883
13524,development,268915
13525,development,271974
13526,development,277166
13527,development,284540
13528,development,285412
13529,development,286449
13530,development,291005
13531,development,299949
13532,development,300592
13533,development,306944
13534,development,309756
13535,development,312761
13536,development,315517
13537,development,317801
13538,development,320593
13539,development,321810
13540,development,323659
13541,development,325044
13542,final_holdout,325566
13543,development,327449
13544,final_holdout,328123
13545,development,333308
13546,development,335471
13547,development,336936
13548,final_holdout,339513
13549,development,347365
13550,development,348439
13551,development,352308
13552,development,352679
13553,development,354050
13554,development,354953
13555,development,355309
13556,final_holdout,355780
13557,development,355935
13558,development,356166
13559,development,356297
13560,development,356705
13561,development,360759
13562,final_holdout,362115
13563,development,363122
13564,development,365397
13565,development,365764
13566,development,367127
13567,development,367646
13568,development,370089
13569,final_holdout,370865
13570,development,373790
13571,development,374645
13572,development,375856
13573,development,376280
13574,final_holdout,378728
13575,development,379330
13576,development,380681
13577,development,382051
13578,final_holdout,384372
13579,final_holdout,385927
13580,final_holdout,385947
13581,development,386140
13582,development,386671
13583,final_holdout,386849
13584,development,387289
13585,development,387656
13586,development,387963
13587,development,390026
13588,development,391611
13589,development,391924
13590,development,392802
13591,development,393094
13592,development,394020
13593,development,395288
13594,development,397429
13595,development,398529
13596,development,399203
13597,development,400599
13598,development,402314
13599,development,402575
13600,development,407115
13601,development,407303
13602,development,409284
13603,development,410816
13604,final_holdout,411060
13605,development,412600
13606,development,412663
13607,development,413629
13608,final_holdout,415151
13609,development,415695
13610,development,416008
13611,development,418453
13612,development,418781
13613,final_holdout,421754
13614,development,424880
13615,development,426137
13616,development,426297
13617,development,428769
13618,development,430678
13619,development,431136
13620,development,431406
13621,development,434002
13622,final_holdout,434841
13623,development,440103
13624,development,440331
13625,development,440798
13626,development,441213
13627,final_holdout,441393
13628,development,442393
13629,development,442873
13630,development,443861
13631,development,444474
13632,development,445145
13633,final_holdout,445857
13634,development,447162
13635,development,464592
13636,development,464685
13637,development,464748
13638,development,464887
13639,development,465413
13640,development,466714
13641,final_holdout,467230
13642,final_holdout,468386
13643,development,469425
13644,development,469614
13645,development,470555
13646,development,470733
13647,final_holdout,471189
13648,development,471476
13649,development,471669
13650,development,472257
13651,development,472284
13652,development,472651
13653,development,473265
13654,development,473406
13655,development,474153
13656,development,474451
13657,final_holdout,477063
13658,final_holdout,477180
13659,development,479649
13660,development,480956
13661,final_holdout,481863
13662,development,484130
13663,development,484213
13664,development,484762
13665,development,485219
13666,development,485306
13667,development,486022
13668,development,488550
13669,development,489507
13670,development,490164
13671,development,491036
13672,development,492095
13673,development,492537
13674,development,493296
13675,development,493434
13676,development,493879
13677,development,494329
13678,final_holdout,496085
13679,development,498363
13680,development,498582
13681,development,498793
13682,development,498905
13683,development,498980
13684,development,501123
13685,development,501487
13686,final_holdout,501723
13687,development,502004
13688,development,502057
13689,development,502161
13690,final_holdout,502207
13691,final_holdout,504089
13692,development,505561
13693,final_holdout,505815
13694,development,505854
13695,development,507812
13696,development,508446
13697,development,508594
13698,development,508872
13699,development,511890
13700,development,513415
13701,development,513687
13702,development,513957
13703,development,515161
13704,development,515331
13705,development,516318
13706,development,517864
13707,development,520349
13708,development,520962
13709,development,522129
13710,development,522205
13711,final_holdout,522363
13712,development,522840
13713,development,523583
13714,development,523857
13715,development,523978
13716,development,524109
13717,development,524137
13718,development,525412
13719,development,525635
13720,development,526175
13721,development,527242
13722,development,527323
13723,development,528699
13724,development,529190
13725,development,531069
13726,development,531234
13727,development,531243
13728,development,531340
13729,development,532194
13730,development,532988
13731,development,533012
13732,development,534201
13733,final_holdout,536941
13734,development,536999
13735,development,537756
13736,final_holdout,539060
13737,development,539186
13738,development,539451
13739,development,539588
13740,final_holdout,539872
13741,development,540758
13742,final_holdout,541000
13743,development,541765
13744,development,543361
13745,development,543789
13746,development,543976
13747,development,544499
13748,development,544587
13749,development,545387
13750,final_holdout,546025
13751,development,546040
13752,development,546299
13753,development,546403
13754,development,546584
13755,development,546654
13756,development,547629
13757,development,547786
13758,development,548292
13759,development,548371
13760,development,548500
13761,development,549160
13762,development,550046
13763,final_holdout,550638
13764,development,550893
13765,development,551171
13766,development,551427
13767,development,551814
13768,final_holdout,552003
13769,development,552255
13770,development,552908
13771,development,554065
13772,development,554444
13773,development,554585
13774,development,554588
13775,development,554712
13776,final_holdout,555132
13777,final_holdout,555137
13778,development,555408
13779,development,555446
13780,development,556007
13781,development,556057
13782,development,556170
13783,development,556171
13784,final_holdout,556370
13785,development,556374
13786,development,556416
13787,development,557404
13788,final_holdout,558029
13789,development,558292
13790,development,558629
13791,development,558705
13792,development,559328
13793,development,559872
13794,development,560944
13795,development,561503
13796,development,561906
13797,development,561913
13798,development,562112
13799,development,562248
13800,development,562632
13801,final_holdout,562708
13802,final_holdout,562929
13803,development,563081
13804,development,563631
13805,development,563763
13806,development,564081
13807,final_holdout,564712
13808,development,565158
13809,development,565840
13810,final_holdout,565851
13811,final_holdout,566240
13812,development,566652
13813,development,566694
13814,development,566788
13815,development,567595
13816,final_holdout,567808
13817,development,567896
13818,final_holdout,568631
13819,final_holdout,568686
13820,development,569084
13821,development,569706
13822,development,569944
13823,development,570049
13824,development,570215
13825,final_holdout,571000
13826,development,571008
13827,development,571292
13828,development,571397
13829,development,572235
13830,development,572414
13831,development,572924
13832,development,573126
13833,development,573235
13834,development,574190
13835,development,574590
13836,development,574909
13837,final_holdout,575603
13838,development,575773
13839,development,575792
13840,final_holdout,576041
13841,development,576350
13842,development,576584
13843,development,576827
13844,development,577954
13845,final_holdout,578031
13846,final_holdout,578595
13847,development,578815
13848,development,579134
13849,development,579711
13850,development,580912
13851,development,581648
13852,development,581909
13853,development,582366
13854,development,582479
13855,final_holdout,582920
13856,development,583053
13857,development,583713
13858,development,583775
13859,final_holdout,584077
13860,development,584082
13861,development,584089
13862,development,584660
13863,development,585372
13864,final_holdout,585830
13865,development,586347
13866,development,586369
13867,development,586876
13868,development,586946
13869,development,587403
13870,development,587576
13871,final_holdout,587633
13872,development,588182
13873,development,588198
13874,development,588397
13875,development,588749
13876,development,588752
13877,final_holdout,589569
13878,development,589963
13879,development,590410
13880,development,590504
13881,development,590541
13882,development,590680
13883,final_holdout,591448
13884,final_holdout,591654
13885,development,592220
13886,development,592465
13887,development,593607
13888,development,593657
13889,development,594078
13890,final_holdout,594407
13891,development,595193
13892,final_holdout,595342
13893,final_holdout,595373
13894,final_holdout,596439
13895,final_holdout,596465
13896,development,596906
13897,development,597356
13898,development,597839
13899,final_holdout,598102
13900,development,598179
13901,development,598750
13902,final_holdout,599134
13903,final_holdout,599649
13904,final_holdout,599789
13905,development,600130
13906,development,600670
13907,final_holdout,600767
13908,development,600891
13909,development,601082
13910,development,601093
13911,final_holdout,601270
13912,development,601329
13913,development,601652
13914,development,601731
13915,final_holdout,601956
13916,development,602228
13917,development,602365
13918,final_holdout,602454
13919,development,602533
13920,development,603302
13921,development,603559
13922,development,603690
13923,development,604704
13924,development,604905
13925,development,605596
13926,development,605652
13927,development,605695
13928,development,605759
13929,development,605781
13930,development,605890
13931,development,606802
13932,development,606884
13933,final_holdout,607130
13934,development,607462
13935,final_holdout,607572
13936,development,607939
13937,final_holdout,608322
13938,development,608487
13939,final_holdout,608724
13940,final_holdout,608772
13941,development,609019
13942,final_holdout,609089
13943,development,609194
13944,development,609265
13945,development,609354
13946,development,609570
13947,development,609573
13948,development,609681
13949,development,609708
13950,development,609852
13951,development,609946
13952,development,610228
13953,development,610261
13954,development,610285
13955,development,610326
13956,development,610515
13957,final_holdout,610931
13958,development,611377
13959,development,611493
13960,development,611520
13961,development,611735
13962,development,611845
13963,development,611865
13964,final_holdout,611879
13965,development,611910
13966,development,611983
13967,development,612000
13968,development,612026
13969,development,612136
13970,final_holdout,612283
13971,development,612326
13972,development,612439
13973,development,612443
13974,development,612563
13975,final_holdout,612625
13976,development,612669
13977,development,612822
13978,development,612935
13979,development,613063
13980,development,613105
13981,development,613107
13982,final_holdout,613313
13983,final_holdout,613370
13984,development,613466
13985,development,613667
13986,development,613834
13987,development,613876
13988,final_holdout,614025
13989,development,614074
13990,final_holdout,614176
13991,development,614217
13992,final_holdout,614241
13993,development,614265
13994,development,614406
13995,development,614471
13996,development,614633
13997,development,614649
13998,development,614650
13999,development,614804
14000,development,614808
14001,development,614930
14002,development,614949
14003,development,615075
14004,development,615184
14005,development,615438
14006,development,616334
14007,development,616542
14008,development,616658
14009,development,616862
14010,development,616870
14011,development,616952
14012,development,617265
14013,development,617327
14014,development,617401
14015,development,617442
14016,development,617619
14017,development,617699
14018,development,617771
14019,development,617781
14020,development,617801
14021,development,617880
14022,development,617897
14023,final_holdout,618131
14024,final_holdout,618171
14025,development,618295
14026,development,618377
14027,development,618649
14028,development,618675
14029,development,618682
14030,final_holdout,618683
14031,development,618696
14032,final_holdout,618845
14033,development,618937
14034,final_holdout,618940
14035,development,618963
14036,development,618968
14037,development,618998
14038,development,619297
14039,development,619359
14040,development,619382
14041,development,619403
14042,final_holdout,619851
14043,development,619939
14044,development,619964
14045,development,620060
14046,development,620102
14047,development,620159
14048,final_holdout,620231
14049,development,620243
14050,development,620337
14051,development,620437
14052,development,620608
14053,development,620630
14054,development,620658
14055,development,620734
14056,final_holdout,620793
14057,development,620820
14058,final_holdout,620892
14059,development,620925
14060,development,620951
14061,final_holdout,620974
14062,final_holdout,621004
14063,final_holdout,621010
14064,final_holdout,621300
14065,final_holdout,621352
14066,development,621384
14067,development,621442
14068,development,621457
14069,development,621615
14070,development,621659
14071,development,621699
14072,final_holdout,621883
14073,final_holdout,621908
14074,final_holdout,622086
14075,development,622175
14076,development,622192
14077,final_holdout,622207
14078,development,622215
14079,development,622225
14080,final_holdout,622281
14081,development,622413
14082,development,622435
14083,development,622499
14084,development,622541
14085,development,622571
14086,development,622614
14087,final_holdout,622630
14088,development,622657
14089,development,622672
14090,development,622724
14091,development,622764
14092,development,622790
14093,development,622792
14094,development,622844
14095,development,622851
14096,final_holdout,622900
14097,development,623008
14098,final_holdout,623015
14099,development,623052
14100,development,623073
14101,final_holdout,623099
14102,development,623164
14103,development,623210
14104,final_holdout,623257
14105,development,623347
14106,development,623514
14107,final_holdout,623541
14108,development,623585
14109,development,623740
14110,development,623815
14111,final_holdout,623826
14112,development,623829
14113,development,623917
14114,development,623931
14115,final_holdout,623932
14116,development,624007
14117,development,624052
14118,development,624077
14119,development,624078
14120,development,624093
14121,final_holdout,624105
14122,final_holdout,624156
14123,final_holdout,624358
14124,development,624407
14125,development,624476
14126,development,624493
14127,development,624570
14128,development,624585
14129,development,624610
14130,development,624730
14131,development,624789
14132,development,624804
14133,final_holdout,624829
14134,final_holdout,624839
14135,development,624881
14136,final_holdout,624921
14137,development,624927
14138,development,624944
14139,final_holdout,625035
14140,final_holdout,625080
14141,development,625098
14142,development,625218
14143,development,625263
14144,development,625427
14145,development,625615
14146,final_holdout,625714
14147,development,625748
14148,development,625864
14149,development,625874
14150,development,625902
14151,development,625983
14152,development,626018
14153,development,626040
14154,development,626049
14155,development,626061
14156,development,626114
14157,development,626146
14158,development,626172
14159,final_holdout,626192
14160,development,626217
14161,development,626238
14162,development,626321
14163,final_holdout,626348
14164,development,626405
14165,development,626417
14166,development,626450
14167,development,626551
14168,development,626556
14169,development,626607
14170,development,626679
14171,development,626723
14172,development,626798
14173,final_holdout,626852
14174,development,626885
14175,development,626889
14176,development,626930
14177,development,626979
14178,development,627021
14179,final_holdout,627071
14180,development,627100
14181,development,627173
14182,final_holdout,627184
14183,development,627276
14184,development,627322
14185,development,627333
14186,development,627367
14187,development,627397
14188,development,627416
14189,development,627536
14190,final_holdout,627581
14191,development,627638
14192,development,627655
14193,development,627772
14194,development,627879
14195,development,627882
14196,development,627891
14197,development,627924
14198,development,628008
14199,development,628099
14200,development,628216
14201,final_holdout,628246
14202,development,628333
14203,final_holdout,628347
14204,development,628376
14205,development,628386
14206,development,628502
14207,development,628575
14208,development,628642
14209,development,628806
14210,final_holdout,628835
14211,development,628841
14212,development,628875
14213,development,628915
14214,development,628956
14215,development,629000
14216,development,629039
14217,development,629055
14218,development,629316
14219,development,629405
14220,development,629452
14221,development,629454
14222,development,629632
14223,development,629673
14224,development,629696
14225,development,629699
14226,development,629702
14227,final_holdout,629706
14228,development,629710
14229,development,629725
14230,development,629773
14231,development,629822
14232,development,629876
14233,final_holdout,629877
14234,development,629898
14235,development,629921
14236,development,629955
14237,final_holdout,630073
14238,development,630137
14239,development,630152
14240,development,630178
14241,development,630195
14242,development,630200
14243,development,630301
14244,development,630359
14245,development,630401
14246,development,630432
14247,development,630596
14248,development,630613
14249,development,630774
14250,development,630818
14251,development,630935
14252,development,630948
14253,development,631029
14254,development,631131
14255,development,631207
14256,final_holdout,631240
14257,development,631257
14258,development,631299
14259,final_holdout,631322
14260,final_holdout,631355
14261,development,631388
14262,development,631439
14263,development,631513
14264,final_holdout,631514
14265,development,631527
14266,final_holdout,631569
14267,development,631600
14268,final_holdout,631623
14269,development,631639
14270,final_holdout,631670
14271,development,631749
14272,development,631771
14273,development,631813
14274,development,631846
14275,development,631851
14276,final_holdout,631945
14277,development,632115
14278,development,632125
14279,development,632195
14280,development,632205
14281,development,632215
14282,development,632305
14283,development,632314
14284,development,632463
14285,development,632469
14286,final_holdout,632473
14287,final_holdout,632482
14288,development,632486
14289,development,632504
14290,development,632551
14291,development,632680
14292,final_holdout,632725
14293,development,632741
14294,final_holdout,632790
14295,development,632793
14296,development,632814
14297,development,632845
14298,development,632856
14299,development,632898
14300,development,633008
14301,development,633214
14302,development,633273
14303,development,633325
14304,development,633331
14305,development,633341
14306,development,633355
14307,development,633368
14308,development,633384
14309,development,633467
14310,development,633510
14311,development,633591
14312,development,633763
14313,development,633764
14314,development,633771
14315,development,633864
14316,development,633921
14317,development,633960
14318,development,634094
14319,development,634106
14320,development,634178
14321,development,634246
14322,final_holdout,634278
14323,development,634351
14324,development,634360
14325,development,634383
14326,development,634397
14327,development,634420
14328,final_holdout,634508
14329,development,634596
14330,development,634648
14331,final_holdout,634681
14332,development,634824
14333,development,634905
14334,final_holdout,634909
14335,development,635058
14336,development,635100
14337,final_holdout,635141
14338,development,669530
14339,development,879295
14340,development,909056
14341,final_holdout,963176
14342,development,1031884
14343,final_holdout,1033968
14344,development,1049036
14345,development,1332356
14346,development,1531649
14347,development,1549107
14348,development,1552044
14349,development,1554143
14350,development,1591864
14351,development,1592048
14352,development,1612600
14353,development,1624025
14354,development,1668372
14355,development,1671208
14356,final_holdout,1671761
14357,development,1671811
14358,development,1735651
14359,development,1735653
14360,development,1763186
14361,development,1767786
14362,development,1777223
14363,final_holdout,1804143
14364,final_holdout,1826729
14365,development,1843355
14366,development,1874160
14367,final_holdout,1903131
14368,development,1916140
14369,final_holdout,1939179
14370,development,1945434
14371,development,1951727
14372,development,1962854
14373,development,1981053
14374,development,1986370
14375,final_holdout,2001102
14376,final_holdout,2002727
14377,development,2046628
14378,final_holdout,2077023
14379,final_holdout,2080340
14380,development,2087698
14381,development,2091387
14382,development,2109013
14383,development,2110039
14384,final_holdout,2151748
14385,development,2162388
14386,final_holdout,2172136
14387,development,2173688
14388,development,2188469
14389,development,2210989
14390,development,2228206
14391,development,2231018
14392,final_holdout,2261142
14393,final_holdout,2265935
14394,development,2266889
14395,final_holdout,2301511
14396,development,2305957
14397,development,2306519
14398,development,2312809
14399,final_holdout,2333244
14400,development,2336922
14401,final_holdout,2343809
14402,development,2348961
14403,development,2356318
14404,development,2366701
14405,development,2371311
14406,development,2394090
14407,development,2399951
14408,development,2411981
14409,development,2414973
14410,development,2415480
14411,development,2416424
14412,development,2416501
14413,development,2436400
14414,development,2444109
14415,development,2450600
14416,development,2450650
14417,development,2451003
14418,development,2452902
14419,development,2460775
14420,development,2465186
14421,development,2473025
14422,final_holdout,2485856
14423,development,2495139
14424,development,2499850
14425,final_holdout,2502516
14426,development,2502707
14427,development,2503273
14428,development,2516497
14429,development,2519622
14430,development,2523146
14431,final_holdout,2527077
14432,development,2533297
14433,development,2533590
14434,final_holdout,2545413
14435,final_holdout,2550946
14436,development,2558463
14437,final_holdout,2577480
14438,development,2588215
14439,development,2588543
14440,development,2595457
14441,development,2595730
14442,development,2608626
14443,development,2609908
14444,development,2611371
14445,development,2619496
14446,development,2623532
14447,development,2635116
14448,development,2636552
14449,development,2637219
14450,final_holdout,2639021
14451,development,2640853
14452,development,2643028
14453,development,2646737
14454,development,2648035
14455,development,2659530
14456,development,2660408
14457,development,2661162
14458,development,2668106
14459,final_holdout,2669736
14460,development,2669995
14461,development,2675343
14462,development,2684847
14463,final_holdout,2685827
14464,development,2686365
14465,development,2686865
14466,development,2688692
14467,final_holdout,2689501
14468,final_holdout,2692101
14469,development,2692577
14470,development,2692948
14471,development,2694886
14472,development,2696376
14473,development,2698251
14474,final_holdout,25572
14475,final_holdout,27417
14476,development,33387
14477,development,33681
14478,development,33796
14479,final_holdout,33897
14480,development,34087
14481,final_holdout,46016
14482,development,46812
14483,development,51033
14484,final_holdout,51153
14485,development,51955
14486,development,53632
14487,development,54810
14488,final_holdout,58731
14489,development,63015
14490,development,63827
14491,final_holdout,68417
14492,development,71676
14493,development,73019
14494,final_holdout,73664
14495,development,75427
14496,development,76081
14497,final_holdout,80329
14498,development,80775
14499,development,83553
14500,development,88439
14501,final_holdout,91470
14502,development,96874
14503,development,99075
14504,final_holdout,100561
14505,development,101279
14506,development,102221
14507,development,104772
14508,development,106553
14509,development,110524
14510,development,110640
14511,development,111926
14512,final_holdout,118578
14513,final_holdout,123053
14514,final_holdout,123183
14515,development,123957
14516,development,124728
14517,development,125830
14518,final_holdout,129989
14519,development,131152
14520,development,131612
14521,development,132157
14522,development,132511
14523,development,133365
14524,development,134243
14525,development,134920
14526,development,136135
14527,development,136793
14528,development,138715
14529,development,145188
14530,development,145578
14531,development,146943
14532,development,147328
14533,development,147715
14534,development,148414
14535,development,151745
14536,development,152320
14537,development,153170
14538,development,154073
14539,development,158575
14540,development,160181
14541,development,162337
14542,development,163996
14543,development,167945
14544,development,168843
14545,development,169894
14546,development,172965
14547,development,177781
14548,development,184409
14549,development,185024
14550,development,189143
14551,development,190279
14552,final_holdout,191732
14553,development,192375
14554,development,202138
14555,final_holdout,202489
14556,final_holdout,203149
14557,final_holdout,204410
14558,development,204609
14559,development,226895
14560,final_holdout,233868
14561,development,233873
14562,development,234552
14563,final_holdout,235893
14564,development,240186
14565,development,240236
14566,development,241066
14567,development,241769
14568,development,243025
14569,final_holdout,249359
14570,development,253579
14571,final_holdout,256144
14572,final_holdout,258538
14573,development,260077
14574,development,267118
14575,development,268143
14576,development,269575
14577,development,269856
14578,development,270502
14579,development,275297
14580,development,275309
14581,development,276935
14582,final_holdout,279117
14583,development,281172
14584,development,281920
14585,development,284741
14586,development,285481
14587,final_holdout,287897
14588,development,287954
14589,development,295118
14590,development,296138
14591,development,298777
14592,development,300057
14593,development,303141
14594,development,307116
14595,development,309350
14596,development,313561
14597,final_holdout,318919
14598,development,321952
14599,development,322137
14600,final_holdout,323680
14601,development,324338
14602,development,328241
14603,development,333823
14604,development,334048
14605,development,334581
14606,final_holdout,334973
14607,development,335018
14608,development,336213
14609,final_holdout,336218
14610,development,337359
14611,final_holdout,338704
14612,development,339853
14613,development,340627
14614,development,341855
14615,development,341921
14616,final_holdout,348602
14617,development,349688
14618,development,349910
14619,development,351080
14620,development,351244
14621,development,353969
14622,development,356561
14623,development,359657
14624,development,361842
14625,development,364307
14626,development,365375
14627,final_holdout,365893
14628,development,367309
14629,development,368195
14630,development,370089
14631,development,370100
14632,final_holdout,370184
14633,final_holdout,370274
14634,development,370375
14635,final_holdout,371019
14636,development,371949
14637,development,373280
14638,development,376758
14639,development,378388
14640,development,379336
14641,development,380681
14642,development,381439
14643,development,384295
14644,development,384499
14645,final_holdout,384999
14646,development,385019
14647,development,385495
14648,development,385563
14649,development,386140
14650,development,387359
14651,development,387364
14652,final_holdout,390556
14653,development,390849
14654,development,393727
14655,development,395535
14656,development,397894
14657,development,398816
14658,development,399628
14659,development,399772
14660,development,399794
14661,development,400091
14662,development,402958
14663,development,403052
14664,development,406425
14665,development,407487
14666,final_holdout,408344
14667,development,409120
14668,development,409205
14669,development,410767
14670,development,411549
14671,development,412717
14672,development,413087
14673,development,414094
14674,development,414963
14675,development,416276
14676,development,419913
14677,development,420141
14678,development,420344
14679,development,420560
14680,development,420762
14681,development,421185
14682,development,422343
14683,development,424211
14684,development,425910
14685,development,428116
14686,development,428787
14687,development,431136
14688,development,432642
14689,development,434002
14690,development,434767
14691,development,435572
14692,development,436898
14693,development,438135
14694,development,441087
14695,development,441897
14696,development,442017
14697,development,442549
14698,final_holdout,443275
14699,development,443539
14700,development,444180
14701,development,444766
14702,development,444783
14703,development,445239
14704,development,445351
14705,development,445429
14706,final_holdout,445451
14707,development,445782
14708,development,446097
14709,development,446730
14710,final_holdout,446761
14711,development,447510
14712,development,447644
14713,development,464748
14714,development,464968
14715,development,465564
14716,development,465629
14717,development,466230
14718,final_holdout,466289
14719,development,467893
14720,final_holdout,468386
14721,final_holdout,468720
14722,development,468845
14723,development,469624
14724,development,469633
14725,development,470555
14726,development,470914
14727,development,471976
14728,development,472073
14729,final_holdout,472616
14730,development,472949
14731,development,473129
14732,development,474119
14733,development,474246
14734,development,475839
14735,development,475863
14736,development,475908
14737,final_holdout,477354
14738,development,477556
14739,development,478517
14740,development,479553
14741,development,482173
14742,development,483136
14743,development,483149
14744,development,483200
14745,development,484130
14746,final_holdout,485282
14747,development,485421
14748,development,485612
14749,development,486287
14750,development,487556
14751,development,487607
14752,development,488575
14753,development,488941
14754,development,490629
14755,development,492480
14756,final_holdout,492496
14757,development,493207
14758,development,493434
14759,development,493650
14760,final_holdout,493876
14761,development,495493
14762,development,495615
14763,development,495881
14764,development,495903
14765,development,496154
14766,development,496494
14767,development,496916
14768,development,499865
14769,development,500707
14770,development,502470
14771,development,502557
14772,final_holdout,504034
14773,development,504064
14774,development,504251
14775,development,504552
14776,development,504589
14777,development,504749
14778,final_holdout,506824
14779,development,507478
14780,final_holdout,508615
14781,development,508829
14782,development,508859
14783,development,508872
14784,final_holdout,509933
14785,development,509998
14786,development,510424
14787,development,510456
14788,final_holdout,511345
14789,development,511676
14790,development,512046
14791,development,513283
14792,development,514277
14793,final_holdout,514324
14794,final_holdout,515052
14795,development,515645
14796,development,516405
14797,development,516562
14798,development,518244
14799,development,519116
14800,development,519941
14801,development,520349
14802,final_holdout,523762
14803,development,523817
14804,development,524427
14805,development,525068
14806,development,525870
14807,final_holdout,526352
14808,development,526912
14809,development,528175
14810,development,528363
14811,development,528535
14812,development,531646
14813,final_holdout,532236
14814,development,535220
14815,development,535351
14816,development,536296
14817,development,537463
14818,development,537577
14819,development,540821
14820,development,543478
14821,development,543976
14822,development,544612
14823,development,544649
14824,development,545752
14825,development,546299
14826,final_holdout,546773
14827,development,547786
14828,final_holdout,549337
14829,final_holdout,549626
14830,development,550142
14831,development,550358
14832,development,550380
14833,development,551332
14834,development,551440
14835,development,552114
14836,development,552965
14837,development,553367
14838,development,553576
14839,development,554746
14840,final_holdout,554863
14841,final_holdout,555132
14842,development,555989
14843,development,556007
14844,development,556374
14845,development,556514
14846,development,557083
14847,final_holdout,557237
14848,development,557389
14849,development,557474
14850,development,559447
14851,development,559707
14852,development,559852
14853,development,560301
14854,development,561848
14855,development,561904
14856,development,562100
14857,development,562619
14858,development,562827
14859,development,563453
14860,development,563595
14861,development,563845
14862,final_holdout,563847
14863,development,564000
14864,development,565006
14865,development,565209
14866,development,565446
14867,development,566134
14868,development,566300
14869,development,566482
14870,development,566553
14871,development,567176
14872,development,567285
14873,development,568103
14874,final_holdout,568297
14875,final_holdout,568415
14876,development,568446
14877,development,569633
14878,development,569737
14879,final_holdout,569749
14880,development,569840
14881,final_holdout,570119
14882,development,570411
14883,final_holdout,570863
14884,development,571292
14885,development,571382
14886,development,571644
14887,development,572156
14888,development,572281
14889,development,572414
14890,development,572430
14891,development,572434
14892,development,572880
14893,development,573328
14894,development,573646
14895,development,573742
14896,final_holdout,573969
14897,development,574347
14898,development,574431
14899,development,574612
14900,development,574843
14901,development,574866
14902,development,574928
14903,development,575009
14904,development,575200
14905,final_holdout,575337
14906,development,575380
14907,development,575398
14908,development,575566
14909,final_holdout,575855
14910,development,575999
14911,development,576306
14912,development,576515
14913,development,576885
14914,final_holdout,577196
14915,final_holdout,577520
14916,development,577526
14917,development,577566
14918,development,577638
14919,development,577652
14920,development,577751
14921,development,577937
14922,development,577977
14923,development,578395
14924,development,578427
14925,development,578616
14926,development,578646
14927,development,578857
14928,development,579017
14929,development,579172
14930,development,579386
14931,final_holdout,580450
14932,development,580458
14933,development,580534
14934,development,580838
14935,development,582009
14936,development,582197
14937,development,582608
14938,development,583092
14939,development,583147
14940,development,583276
14941,development,584038
14942,final_holdout,584077
14943,development,584591
14944,development,584981
14945,development,585153
14946,development,585354
14947,development,585432
14948,development,585526
14949,development,585626
14950,development,585773
14951,development,585832
14952,final_holdout,585998
14953,development,586121
14954,development,586315
14955,development,586444
14956,development,586729
14957,development,586946
14958,development,587140
14959,development,587375
14960,development,587446
14961,development,587576
14962,final_holdout,587579
14963,development,587777
14964,development,588058
14965,development,588179
14966,development,588203
14967,development,588240
14968,development,588954
14969,development,589279
14970,final_holdout,589585
14971,development,590127
14972,development,590227
14973,development,590340
14974,development,590562
14975,development,590616
14976,development,590753
14977,development,590886
14978,development,590920
14979,final_holdout,591540
14980,final_holdout,591852
14981,development,592214
14982,development,592221
14983,final_holdout,592661
14984,development,592899
14985,development,593099
14986,development,593373
14987,development,593556
14988,final_holdout,593903
14989,development,593976
14990,development,594033
14991,development,594048
14992,development,594071
14993,development,594161
14994,final_holdout,594329
14995,development,594950
14996,development,595215
14997,final_holdout,595310
14998,development,595741
14999,development,595787
15000,development,595876
15001,development,595883
15002,development,596322
15003,development,596359
15004,development,596420
15005,development,596620
15006,development,596759
15007,final_holdout,597529
15008,development,597608
15009,development,597779
15010,development,597786
15011,development,597814
15012,development,598103
15013,development,598123
15014,development,598141
15015,development,598283
15016,development,598303
15017,development,598536
15018,development,599083
15019,development,599270
15020,development,599651
15021,development,599837
15022,final_holdout,600033
15023,development,600502
15024,development,600554
15025,development,600680
15026,development,601418
15027,development,601488
15028,development,602029
15029,final_holdout,602185
15030,development,602318
15031,development,602528
15032,development,603224
15033,final_holdout,603303
15034,final_holdout,603406
15035,development,603493
15036,development,603961
15037,development,604500
15038,development,604671
15039,development,604709
15040,development,605070
15041,development,605118
15042,development,605488
15043,development,605759
15044,development,605859
15045,final_holdout,605876
15046,development,606757
15047,development,606837
15048,development,607110
15049,final_holdout,607483
15050,development,607525
15051,development,607638
15052,final_holdout,607767
15053,development,607975
15054,development,608746
15055,development,608775
15056,development,608842
15057,final_holdout,608943
15058,development,609242
15059,development,609245
15060,development,609556
15061,development,609655
15062,development,610197
15063,final_holdout,610537
15064,development,610609
15065,development,610622
15066,development,610828
15067,final_holdout,611013
15068,development,611159
15069,development,611235
15070,development,611588
15071,development,611790
15072,development,611800
15073,development,611865
15074,development,611982
15075,development,612443
15076,development,612717
15077,development,612979
15078,development,613910
15079,development,614471
15080,final_holdout,614683
15081,final_holdout,614791
15082,development,614930
15083,final_holdout,615183
15084,development,616862
15085,development,617249
15086,final_holdout,617850
15087,final_holdout,617952
15088,development,617993
15089,development,618033
15090,development,618737
15091,development,618989
15092,development,619055
15093,final_holdout,619851
15094,development,619907
15095,final_holdout,619910
15096,development,621001
15097,development,621659
15098,final_holdout,622246
15099,development,622384
15100,development,622555
15101,final_holdout,622597
15102,development,622626
15103,development,623190
15104,development,623223
15105,final_holdout,623225
15106,development,623276
15107,development,623289
15108,development,623641
15109,development,623864
15110,development,623937
15111,development,623968
15112,development,624891
15113,final_holdout,625283
15114,development,625467
15115,development,625502
15116,development,625555
15117,development,625765
15118,development,626132
15119,final_holdout,626179
15120,development,626546
15121,development,626630
15122,development,626799
15123,development,627097
15124,development,627236
15125,development,627295
15126,development,627367
15127,development,627416
15128,development,627453
15129,development,627476
15130,development,627618
15131,development,627695
15132,development,628259
15133,development,628390
15134,development,628437
15135,development,628519
15136,development,628593
15137,development,628631
15138,development,628662
15139,development,629309
15140,development,629379
15141,development,629703
15142,development,629878
15143,development,630328
15144,final_holdout,630354
15145,development,630380
15146,development,630858
15147,development,630900
15148,development,631055
15149,final_holdout,631240
15150,development,631293
15151,development,631336
15152,development,631513
15153,final_holdout,631603
15154,development,631835
15155,development,631998
15156,development,632093
15157,development,632314
15158,final_holdout,632645
15159,development,632719
15160,development,632795
15161,final_holdout,632831
15162,final_holdout,632877
15163,development,633295
15164,development,633331
15165,development,633409
15166,development,633414
15167,development,633475
15168,development,633574
15169,development,633618
15170,development,634035
15171,development,634037
15172,final_holdout,634047
15173,development,634305
15174,final_holdout,634489
15175,final_holdout,634508
15176,final_holdout,634646
15177,development,634693
15178,final_holdout,634966
15179,development,635170
15180,development,635255
15181,development,635418
15182,development,635992
15183,development,636243
15184,final_holdout,636364
15185,development,636420
15186,development,636451
15187,final_holdout,636484
15188,development,636503
15189,development,636594
15190,development,636697
15191,development,636875
15192,development,637064
15193,final_holdout,637075
15194,development,637347
15195,development,637374
15196,development,637473
15197,final_holdout,637691
15198,development,638051
15199,development,638131
15200,development,638202
15201,development,638384
15202,development,639514
15203,final_holdout,639766
15204,development,640144
15205,final_holdout,640178
15206,development,640773
15207,development,640836
15208,final_holdout,640942
15209,final_holdout,640975
15210,final_holdout,640982
15211,final_holdout,641192
15212,final_holdout,641253
15213,development,641305
15214,development,641315
15215,development,641557
15216,development,641609
15217,development,641744
15218,final_holdout,641845
15219,development,641896
15220,development,642139
15221,development,642230
15222,development,642310
15223,development,642443
15224,development,642474
15225,development,642501
15226,development,642625
15227,development,642744
15228,development,642764
15229,development,642838
15230,development,643006
15231,development,643036
15232,development,643126
15233,development,643199
15234,development,643230
15235,development,643280
15236,development,643285
15237,development,643542
15238,development,643729
15239,development,643758
15240,development,644159
15241,development,644229
15242,development,644310
15243,development,644409
15244,final_holdout,644457
15245,development,644474
15246,final_holdout,644516
15247,development,644525
15248,final_holdout,644567
15249,final_holdout,644956
15250,final_holdout,644964
15251,final_holdout,645031
15252,final_holdout,645054
15253,development,645081
15254,development,645147
15255,development,645219
15256,development,645322
15257,development,645353
15258,development,645425
15259,final_holdout,645434
15260,development,645499
15261,development,645512
15262,development,645551
15263,development,645792
15264,development,645818
15265,development,645864
15266,final_holdout,645866
15267,development,645939
15268,development,645962
15269,development,646006
15270,development,646090
15271,development,646322
15272,final_holdout,646344
15273,development,646359
15274,development,646391
15275,final_holdout,646489
15276,development,646589
15277,development,646700
15278,final_holdout,646836
15279,final_holdout,646952
15280,development,646957
15281,development,647166
15282,development,647215
15283,final_holdout,647218
15284,development,647227
15285,development,647305
15286,development,647318
15287,final_holdout,647368
15288,development,647373
15289,development,647464
15290,final_holdout,647488
15291,development,647565
15292,development,647604
15293,development,647605
15294,development,647612
15295,development,647614
15296,final_holdout,647647
15297,development,647879
15298,development,647937
15299,development,648172
15300,development,648183
15301,final_holdout,648237
15302,development,648269
15303,development,648321
15304,development,648419
15305,development,648428
15306,development,648570
15307,development,648597
15308,final_holdout,648695
15309,development,648766
15310,development,648841
15311,final_holdout,648854
15312,final_holdout,648880
15313,development,648898
15314,development,648920
15315,development,648959
15316,development,649014
15317,final_holdout,649041
15318,development,649078
15319,final_holdout,649090
15320,development,649120
15321,development,649214
15322,development,649261
15323,final_holdout,649321
15324,final_holdout,649383
15325,development,649413
15326,development,649514
15327,development,649552
15328,development,649614
15329,final_holdout,649688
15330,final_holdout,649745
15331,development,649761
15332,development,649780
15333,development,649819
15334,development,649880
15335,development,649949
15336,development,649963
15337,development,650010
15338,final_holdout,650091
15339,development,650232
15340,development,650271
15341,development,650279
15342,development,650376
15343,final_holdout,650420
15344,final_holdout,650434
15345,final_holdout,650442
15346,development,650478
15347,development,650515
15348,development,650642
15349,final_holdout,650684
15350,development,650711
15351,development,650850
15352,development,650946
15353,development,650947
15354,final_holdout,650957
15355,final_holdout,650993
15356,development,651048
15357,development,651058
15358,development,651061
15359,development,651120
15360,development,651176
15361,development,651267
15362,final_holdout,651493
15363,development,651495
15364,development,651507
15365,development,651508
15366,final_holdout,651561
15367,development,651579
15368,development,651619
15369,development,651627
15370,final_holdout,651672
15371,development,651728
15372,development,651759
15373,development,651804
15374,development,651942
15375,development,652048
15376,development,652103
15377,development,652267
15378,development,652292
15379,final_holdout,652293
15380,development,652318
15381,development,652428
15382,development,652617
15383,development,652619
15384,development,652680
15385,development,652732
15386,development,652881
15387,development,652965
15388,development,653031
15389,development,653051
15390,development,653171
15391,development,653319
15392,development,653354
15393,development,653412
15394,final_holdout,653452
15395,final_holdout,653550
15396,final_holdout,653569
15397,development,653711
15398,development,653729
15399,final_holdout,653759
15400,final_holdout,653768
15401,development,653793
15402,development,653914
15403,development,654110
15404,development,654282
15405,development,654341
15406,development,654401
15407,development,654414
15408,development,654443
15409,development,654502
15410,final_holdout,654504
15411,development,654807
15412,development,654880
15413,development,654882
15414,development,654938
15415,development,655039
15416,development,655128
15417,development,655136
15418,development,655322
15419,development,655362
15420,final_holdout,655585
15421,development,655600
15422,development,655806
15423,final_holdout,655816
15424,development,655834
15425,development,655910
15426,development,655930
15427,development,655972
15428,development,656009
15429,final_holdout,656073
15430,development,656079
15431,development,656164
15432,development,656183
15433,development,656193
15434,development,656280
15435,final_holdout,656393
15436,development,656454
15437,final_holdout,656496
15438,development,656526
15439,development,656682
15440,development,656766
15441,development,656826
15442,development,656934
15443,development,656987
15444,development,657071
15445,final_holdout,657077
15446,development,657245
15447,development,669530
15448,development,674193
15449,development,674206
15450,development,674277
15451,development,674278
15452,final_holdout,674388
15453,final_holdout,674437
15454,development,674440
15455,final_holdout,674651
15456,final_holdout,674879
15457,development,674989
15458,final_holdout,674997
15459,final_holdout,675050
15460,development,675062
15461,final_holdout,675144
15462,development,675256
15463,development,675493
15464,final_holdout,675516
15465,development,675539
15466,final_holdout,675699
15467,development,675919
15468,final_holdout,675945
15469,development,675993
15470,development,676010
15471,development,676087
15472,development,676138
15473,development,676155
15474,development,676204
15475,development,676373
15476,development,676498
15477,development,676516
15478,development,676538
15479,final_holdout,676553
15480,development,676589
15481,development,676596
15482,development,676766
15483,development,676787
15484,development,676807
15485,development,676809
15486,development,676852
15487,development,676865
15488,development,676903
15489,final_holdout,676963
15490,development,676964
15491,development,677270
15492,development,677316
15493,development,677374
15494,development,677444
15495,development,677579
15496,development,677601
15497,development,677606
15498,final_holdout,677629
15499,development,677632
15500,final_holdout,677832
15501,development,677988
15502,development,678041
15503,development,678058
15504,development,678065
15505,final_holdout,678102
15506,development,678219
15507,development,678231
15508,development,678233
15509,development,678240
15510,development,678490
15511,development,678605
15512,final_holdout,678790
15513,development,678844
15514,development,678941
15515,development,679179
15516,final_holdout,679255
15517,development,679395
15518,development,679454
15519,development,679525
15520,development,679582
15521,development,679760
15522,development,679777
15523,development,679854
15524,development,679897
15525,development,680017
15526,development,680025
15527,development,680087
15528,development,680293
15529,development,680314
15530,development,680331
15531,final_holdout,680373
15532,development,680414
15533,development,680431
15534,development,680492
15535,development,680626
15536,development,680728
15537,development,680733
15538,development,680764
15539,development,680807
15540,development,680812
15541,development,680817
15542,development,680973
15543,development,680981
15544,development,680996
15545,development,681059
15546,development,681125
15547,development,681211
15548,development,681241
15549,development,681356
15550,development,681425
15551,development,681440
15552,development,681495
15553,development,681528
15554,development,681705
15555,development,681729
15556,development,681746
15557,development,681799
15558,development,681854
15559,development,681872
15560,development,681923
15561,development,681960
15562,development,682018
15563,development,682022
15564,final_holdout,682031
15565,development,682117
15566,development,682242
15567,development,682294
15568,final_holdout,682299
15569,development,682306
15570,development,682385
15571,development,682541
15572,development,682660
15573,development,682684
15574,development,682692
15575,development,682740
15576,development,682787
15577,development,682813
15578,development,682819
15579,development,682897
15580,development,682968
15581,final_holdout,683091
15582,development,683396
15583,development,683486
15584,development,683487
15585,development,683648
15586,final_holdout,683653
15587,development,683713
15588,final_holdout,683718
15589,final_holdout,684095
15590,final_holdout,684141
15591,development,684217
15592,development,684233
15593,development,684241
15594,development,684305
15595,final_holdout,684407
15596,final_holdout,684441
15597,development,684480
15598,development,684632
15599,development,684663
15600,development,684744
15601,development,684854
15602,development,684868
15603,final_holdout,684936
15604,development,685015
15605,development,685069
15606,final_holdout,685085
15607,development,685191
15608,development,685224
15609,final_holdout,685294
15610,development,685412
15611,development,685458
15612,final_holdout,685474
15613,final_holdout,685611
15614,development,685615
15615,development,685623
15616,development,685697
15617,development,685843
15618,development,685910
15619,development,685964
15620,development,686018
15621,final_holdout,686038
15622,final_holdout,686078
15623,final_holdout,686268
15624,development,686312
15625,development,686370
15626,development,686384
15627,development,686399
15628,final_holdout,686549
15629,final_holdout,686584
15630,development,686766
15631,development,686838
15632,development,686854
15633,final_holdout,686871
15634,development,687050
15635,development,687244
15636,final_holdout,687384
15637,final_holdout,687411
15638,development,687446
15639,final_holdout,687600
15640,development,687720
15641,development,687777
15642,development,687781
15643,development,687792
15644,final_holdout,687823
15645,development,687835
15646,final_holdout,687861
15647,development,687975
15648,development,687981
15649,development,688175
15650,development,688284
15651,final_holdout,688437
15652,final_holdout,688525
15653,development,688571
15654,final_holdout,688592
15655,final_holdout,688608
15656,development,688665
15657,development,688722
15658,final_holdout,688843
15659,development,688849
15660,development,688911
15661,final_holdout,689017
15662,development,689038
15663,development,689050
15664,development,689135
15665,development,689190
15666,development,689231
15667,final_holdout,689346
15668,final_holdout,689418
15669,development,689527
15670,development,689574
15671,development,689650
15672,development,689759
15673,development,689900
15674,final_holdout,689921
15675,final_holdout,689956
15676,development,689990
15677,development,690133
15678,development,690168
15679,development,690192
15680,development,690225
15681,final_holdout,690240
15682,development,690298
15683,development,690365
15684,development,690600
15685,development,690669
15686,development,690711
15687,development,690733
15688,development,690783
15689,development,690867
15690,development,690882
15691,development,690884
15692,development,690932
15693,development,691069
15694,development,691088
15695,development,691202
15696,development,691207
15697,development,691212
15698,development,691257
15699,development,691428
15700,development,691444
15701,development,691640
15702,development,691748
15703,development,691761
15704,development,691782
15705,development,691834
15706,development,692426
15707,development,692477
15708,development,692603
15709,development,692652
15710,final_holdout,692753
15711,final_holdout,692850
15712,development,693058
15713,final_holdout,693061
15714,development,693082
15715,development,693085
15716,development,693145
15717,final_holdout,693161
15718,development,693294
15719,development,693441
15720,final_holdout,693452
15721,development,693488
15722,final_holdout,693501
15723,development,693565
15724,development,693569
15725,development,693606
15726,development,693902
15727,development,694006
15728,development,694010
15729,development,694019
15730,development,694225
15731,development,694384
15732,final_holdout,694634
15733,development,694673
15734,development,694677
15735,development,694698
15736,final_holdout,694871
15737,development,694872
15738,development,694976
15739,development,695183
15740,development,695201
15741,final_holdout,695270
15742,development,695432
15743,final_holdout,695503
15744,development,695584
15745,final_holdout,695643
15746,development,695651
15747,development,695735
15748,development,695739
15749,development,695759
15750,development,695799
15751,development,695916
15752,development,696072
15753,final_holdout,696132
15754,development,696234
15755,development,696324
15756,development,696415
15757,development,696430
15758,development,696501
15759,final_holdout,696789
15760,development,696807
15761,development,696826
15762,development,696937
15763,development,697045
15764,development,697101
15765,development,697352
15766,development,697433
15767,development,697474
15768,development,697674
15769,development,697705
15770,development,697948
15771,development,698016
15772,final_holdout,698347
15773,development,698351
15774,development,698399
15775,development,699417
15776,final_holdout,1033968
15777,development,1078701
15778,development,1082062
15779,development,1173473
15780,development,1197062
15781,development,1360878
15782,final_holdout,1380308
15783,development,1382719
15784,development,1438584
15785,development,1442215
15786,development,1482413
15787,development,1492408
15788,development,1526210
15789,development,1589066
15790,development,1591864
15791,development,1593730
15792,development,1601739
15793,development,1624025
15794,development,1661490
15795,development,1667087
15796,development,1684787
15797,development,1687996
15798,development,1723564
15799,development,1733160
15800,development,1747824
15801,development,1757548
15802,development,1774297
15803,development,1777223
15804,development,1782581
15805,final_holdout,1804143
15806,final_holdout,1808407
15807,development,1822731
15808,development,1832492
15809,development,1855583
15810,development,1879751
15811,development,1881062
15812,final_holdout,1901764
15813,development,1917311
15814,final_holdout,1925789
15815,development,1935155
15816,development,1935774
15817,final_holdout,1986180
15818,development,1991399
15819,development,2001461
15820,development,2008795
15821,final_holdout,2009279
15822,development,2024838
15823,development,2025354
15824,development,2025589
15825,development,2030241
15826,development,2032882
15827,development,2039810
15828,development,2043939
15829,final_holdout,2055671
15830,development,2057959
15831,development,2075945
15832,development,2082180
15833,development,2098108
15834,development,2111313
15835,development,2134578
15836,development,2142243
15837,development,2143922
15838,development,2150849
15839,development,2172709
15840,development,2189620
15841,development,2196923
15842,development,2201235
15843,development,2204941
15844,development,2205559
15845,development,2216442
15846,development,2224174
15847,development,2226202
15848,development,2231512
15849,development,2232340
15850,development,2235019
15851,development,2257853
15852,development,2260861
15853,final_holdout,2269148
15854,development,2278095
15855,development,2279403
15856,final_holdout,2285405
15857,development,2285527
15858,development,2288599
15859,final_holdout,2290604
15860,development,2305237
15861,final_holdout,2307237
15862,development,2310615
15863,development,2314761
15864,final_holdout,2317337
15865,development,2328759
15866,final_holdout,2333244
15867,development,2338290
15868,development,2339789
15869,development,2341830
15870,development,2355701
15871,development,2357019
15872,development,2391689
15873,development,2396471
15874,development,2396643
15875,development,2398169
15876,development,2400764
15877,final_holdout,2418277
15878,development,2423655
15879,development,2432655
15880,development,2433216
15881,development,2452111
15882,development,2459418
15883,development,2464683
15884,development,2471673
15885,development,2476409
15886,final_holdout,2481629
15887,development,2482085
15888,development,2484726
15889,final_holdout,2494306
15890,final_holdout,2499525
15891,development,2507993
15892,development,2509321
15893,development,2516939
15894,final_holdout,2517387
15895,development,2525964
15896,development,2527066
15897,development,2533609
15898,development,2542116
15899,final_holdout,2542803
15900,final_holdout,2544678
15901,development,2546595
15902,development,2556345
15903,development,2558893
15904,development,2560520
15905,development,2561811
15906,development,2570274
15907,development,2572145
15908,development,2588215
15909,development,2588655
15910,development,2590864
15911,development,2595457
15912,development,2595730
15913,development,2605337
15914,development,2612069
15915,development,2612342
15916,development,2615169
15917,development,2615956
15918,final_holdout,2622441
15919,development,2636552
15920,final_holdout,2641935
15921,development,2643240
15922,development,2646737
15923,development,2648271
15924,development,2650337
15925,development,2653689
15926,development,2654602
15927,development,2662152
15928,development,2668945
15929,development,2675393
15930,development,2677210
15931,final_holdout,2678380
15932,development,2680988
15933,development,2681782
15934,development,2684043
15935,development,2685863
15936,final_holdout,2689863
15937,development,26915
15938,development,35355
15939,development,42638
15940,development,43564
15941,development,54062
15942,development,63112
15943,final_holdout,66713
15944,development,70214
15945,development,76579
15946,development,88568
15947,final_holdout,96873
15948,development,105168
15949,development,107339
15950,development,113698
15951,final_holdout,113824
15952,development,117197
15953,development,126337
15954,development,128929
15955,development,132123
15956,final_holdout,134982
15957,final_holdout,140060
15958,development,140518
15959,development,143711
15960,development,144448
15961,development,146125
15962,development,146974
15963,development,153788
15964,final_holdout,160536
15965,development,164968
15966,development,165509
15967,development,173710
15968,development,173834
15969,development,174010
15970,development,176086
15971,development,188273
15972,development,189629
15973,development,191000
15974,development,195234
15975,development,197486
15976,development,200095
15977,development,202677
15978,development,205425
15979,final_holdout,227192
15980,final_holdout,233311
15981,development,233771
15982,development,234311
15983,development,238249
15984,final_holdout,242778
15985,development,242858
15986,development,245316
15987,development,245494
15988,final_holdout,245605
15989,development,246060
15990,final_holdout,248734
15991,development,250047
15992,development,255449
15993,development,259662
15994,final_holdout,265769
15995,development,266915
15996,development,269764
15997,final_holdout,270638
15998,development,275162
15999,final_holdout,280017
16000,development,281656
16001,final_holdout,282585
16002,final_holdout,283133
16003,development,286262
16004,development,286527
16005,development,288282
16006,development,290382
16007,development,297853
16008,development,300592
16009,development,305036
16010,development,305783
16011,development,306150
16012,development,311845
16013,development,313501
16014,development,324332
16015,development,328844
16016,development,328942
16017,development,329673
16018,development,330530
16019,development,333493
16020,development,333976
16021,final_holdout,334154
16022,development,336277
16023,development,336402
16024,development,338894
16025,development,339640
16026,development,339785
16027,development,342962
16028,final_holdout,343543
16029,development,344676
16030,development,347518
16031,development,348351
16032,development,348655
16033,development,356568
16034,final_holdout,357493
16035,development,359590
16036,development,363939
16037,development,365222
16038,development,365405
16039,final_holdout,365762
16040,development,368483
16041,development,369119
16042,final_holdout,374192
16043,development,374739
16044,final_holdout,378920
16045,development,379528
16046,development,384797
16047,development,387537
16048,development,387648
16049,development,388252
16050,development,388912
16051,development,388923
16052,development,390029
16053,development,391466
16054,development,392994
16055,development,394060
16056,development,396631
16057,development,397149
16058,development,397557
16059,development,397797
16060,development,398877
16061,development,401011
16062,development,401296
16063,final_holdout,402808
16064,development,404050
16065,development,404449
16066,development,406121
16067,development,406549
16068,development,407453
16069,development,407876
16070,development,411381
16071,development,412911
16072,development,413190
16073,development,413702
16074,development,416420
16075,development,417724
16076,development,418900
16077,development,419223
16078,development,420173
16079,development,425274
16080,development,425714
16081,development,427413
16082,development,431014
16083,development,434562
16084,development,434573
16085,development,434759
16086,development,435277
16087,final_holdout,438283
16088,development,440610
16089,development,441540
16090,development,441858
16091,development,442807
16092,development,442937
16093,final_holdout,443181
16094,development,444403
16095,development,444925
16096,development,445972
16097,development,446324
16098,development,446397
16099,development,465392
16100,development,465564
16101,development,465619
16102,final_holdout,465777
16103,development,466961
16104,development,467302
16105,final_holdout,467363
16106,final_holdout,468902
16107,final_holdout,469113
16108,development,469281
16109,development,469959
16110,development,470534
16111,development,471580
16112,development,472087
16113,development,472290
16114,development,472336
16115,final_holdout,472857
16116,development,473706
16117,development,473739
16118,development,473943
16119,development,475370
16120,development,475893
16121,development,478212
16122,development,478435
16123,development,478562
16124,final_holdout,479753
16125,development,480115
16126,development,482012
16127,development,482406
16128,final_holdout,482726
16129,development,483108
16130,development,483706
16131,development,484361
16132,development,485374
16133,development,485582
16134,final_holdout,485898
16135,development,485909
16136,development,486545
16137,development,486964
16138,final_holdout,487588
16139,development,487621
16140,development,490081
16141,development,490327
16142,development,490768
16143,development,491578
16144,development,491771
16145,final_holdout,493876
16146,development,493988
16147,final_holdout,494211
16148,development,495887
16149,development,499400
16150,development,499881
16151,development,500189
16152,development,500779
16153,final_holdout,501918
16154,development,501921
16155,development,502303
16156,development,502393
16157,development,502479
16158,development,502833
16159,development,503015
16160,development,504404
16161,development,504492
16162,final_holdout,505700
16163,development,505722
16164,development,505727
16165,development,506504
16166,development,506618
16167,development,507300
16168,development,507375
16169,final_holdout,507844
16170,development,508244
16171,development,508829
16172,development,509156
16173,development,509402
16174,final_holdout,510169
16175,development,510401
16176,development,510460
16177,development,510694
16178,development,515774
16179,development,515821
16180,development,516047
16181,development,519684
16182,development,521542
16183,development,522484
16184,development,522994
16185,development,523169
16186,development,524631
16187,development,525246
16188,development,525703
16189,development,526073
16190,development,528021
16191,development,528083
16192,development,528961
16193,development,529509
16194,final_holdout,529512
16195,development,530172
16196,development,530360
16197,final_holdout,530765
16198,development,531097
16199,development,532491
16200,development,533012
16201,development,533311
16202,development,534371
16203,development,535259
16204,development,537929
16205,development,538040
16206,final_holdout,538887
16207,development,539063
16208,development,539695
16209,development,539775
16210,development,539990
16211,development,541040
16212,development,541174
16213,development,543417
16214,development,543474
16215,development,543576
16216,final_holdout,544383
16217,development,544791
16218,final_holdout,545740
16219,development,545758
16220,development,546604
16221,final_holdout,547173
16222,development,547424
16223,development,548861
16224,development,548992
16225,development,548994
16226,final_holdout,549262
16227,development,549681
16228,development,549960
16229,final_holdout,550025
16230,development,550059
16231,development,550393
16232,development,551017
16233,development,551182
16234,development,551430
16235,development,552485
16236,development,552795
16237,development,553568
16238,final_holdout,553943
16239,development,554052
16240,development,554132
16241,development,554235
16242,final_holdout,554459
16243,development,554583
16244,final_holdout,554999
16245,development,555228
16246,development,555447
16247,development,556109
16248,development,556177
16249,final_holdout,556211
16250,development,556231
16251,development,556450
16252,development,556521
16253,development,556645
16254,development,556709
16255,development,556742
16256,development,557147
16257,development,557415
16258,development,557490
16259,development,558054
16260,development,558444
16261,development,558463
16262,final_holdout,559519
16263,development,559551
16264,development,559617
16265,development,559645
16266,development,559758
16267,final_holdout,559912
16268,development,560326
16269,final_holdout,560502
16270,final_holdout,560723
16271,final_holdout,560734
16272,development,560784
16273,development,560876
16274,development,560924
16275,development,560928
16276,development,561054
16277,final_holdout,561192
16278,development,561208
16279,final_holdout,561519
16280,development,561740
16281,development,561826
16282,final_holdout,563418
16283,development,563666
16284,development,563967
16285,development,563990
16286,development,564700
16287,final_holdout,564714
16288,development,564894
16289,development,565561
16290,final_holdout,565883
16291,final_holdout,566071
16292,development,566201
16293,development,566310
16294,development,566664
16295,final_holdout,567752
16296,development,567779
16297,development,567892
16298,development,567950
16299,development,568813
16300,final_holdout,569342
16301,development,569358
16302,final_holdout,569560
16303,development,569694
16304,development,569706
16305,development,570377
16306,development,570414
16307,development,570448
16308,development,570453
16309,development,570488
16310,development,570626
16311,final_holdout,571186
16312,development,571443
16313,development,571448
16314,development,571595
16315,final_holdout,571610
16316,development,571620
16317,development,571686
16318,development,571711
16319,development,571818
16320,development,571992
16321,development,572021
16322,development,572024
16323,development,572080
16324,final_holdout,572146
16325,development,572154
16326,development,572168
16327,development,572279
16328,development,572303
16329,development,572396
16330,development,572403
16331,development,572515
16332,final_holdout,572570
16333,development,572602
16334,development,572659
16335,development,572891
16336,development,572944
16337,development,573110
16338,development,573153
16339,development,573200
16340,development,573214
16341,development,573292
16342,development,573336
16343,development,573377
16344,development,573440
16345,development,573462
16346,development,573550
16347,development,573593
16348,development,573662
16349,development,573701
16350,development,573742
16351,development,573920
16352,development,574038
16353,development,574101
16354,development,574259
16355,development,574399
16356,development,574507
16357,development,574586
16358,final_holdout,574608
16359,development,574830
16360,development,574888
16361,final_holdout,574983
16362,development,575047
16363,final_holdout,575166
16364,development,575208
16365,development,575241
16366,development,575318
16367,final_holdout,575336
16368,final_holdout,575343
16369,development,575401
16370,development,575419
16371,development,575545
16372,development,575553
16373,development,575601
16374,development,575703
16375,development,575733
16376,development,575745
16377,development,575762
16378,development,575763
16379,development,575764
16380,development,576036
16381,development,576191
16382,development,576202
16383,development,576292
16384,development,576405
16385,final_holdout,576439
16386,development,576481
16387,development,576516
16388,development,576606
16389,development,576631
16390,development,576750
16391,final_holdout,576909
16392,final_holdout,576962
16393,development,577148
16394,final_holdout,577235
16395,development,577352
16396,development,577427
16397,development,577551
16398,development,577560
16399,development,577686
16400,development,577735
16401,final_holdout,577784
16402,development,577887
16403,development,577995
16404,development,578000
16405,final_holdout,578034
16406,final_holdout,578056
16407,development,578438
16408,development,578450
16409,final_holdout,578472
16410,development,578623
16411,development,578654
16412,development,578725
16413,development,578736
16414,final_holdout,578820
16415,development,579011
16416,development,579027
16417,development,579130
16418,final_holdout,579199
16419,development,579206
16420,development,579340
16421,development,579343
16422,development,579499
16423,final_holdout,579604
16424,final_holdout,579723
16425,development,580372
16426,final_holdout,580689
16427,development,580719
16428,development,580774
16429,development,580970
16430,development,581011
16431,development,581123
16432,final_holdout,581179
16433,development,581234
16434,development,581340
16435,development,581438
16436,development,581439
16437,development,581533
16438,development,581708
16439,development,581716
16440,final_holdout,581744
16441,development,581914
16442,development,582087
16443,development,582514
16444,development,582723
16445,development,582768
16446,development,582827
16447,development,582913
16448,development,582983
16449,development,583032
16450,development,583052
16451,development,583186
16452,development,583192
16453,development,583238
16454,development,583714
16455,development,583833
16456,development,583839
16457,development,583855
16458,final_holdout,583933
16459,development,584191
16460,development,584386
16461,development,584414
16462,development,584443
16463,development,584514
16464,development,584553
16465,development,584567
16466,development,584913
16467,development,584923
16468,development,585011
16469,development,585279
16470,final_holdout,585433
16471,development,585455
16472,development,585464
16473,development,585471
16474,development,585681
16475,development,585758
16476,development,585769
16477,final_holdout,585837
16478,development,586046
16479,development,586047
16480,development,586060
16481,development,586132
16482,development,586137
16483,development,586236
16484,development,586261
16485,final_holdout,586314
16486,development,586473
16487,development,586476
16488,development,586621
16489,development,586668
16490,development,586716
16491,development,586750
16492,development,586838
16493,development,586921
16494,development,586962
16495,final_holdout,586979
16496,development,587014
16497,development,587122
16498,final_holdout,587226
16499,development,587319
16500,development,587346
16501,development,587382
16502,development,587547
16503,development,587616
16504,development,587621
16505,final_holdout,587677
16506,development,587682
16507,final_holdout,587714
16508,development,587884
16509,development,587906
16510,development,587911
16511,development,588125
16512,final_holdout,588231
16513,development,588280
16514,development,588402
16515,development,588442
16516,final_holdout,588502
16517,development,588524
16518,development,588583
16519,development,588628
16520,development,588676
16521,development,588710
16522,development,588835
16523,development,588942
16524,development,589018
16525,development,589023
16526,development,589055
16527,development,589211
16528,development,589327
16529,development,589380
16530,final_holdout,589506
16531,development,589517
16532,development,589799
16533,development,589856
16534,final_holdout,589894
16535,development,589902
16536,final_holdout,590017
16537,development,590072
16538,development,590436
16539,development,590626
16540,final_holdout,590744
16541,final_holdout,590877
16542,development,590882
16543,development,590961
16544,development,591021
16545,development,591165
16546,development,591375
16547,development,591388
16548,development,591424
16549,development,591566
16550,development,591719
16551,final_holdout,591869
16552,development,591942
16553,development,591944
16554,development,591958
16555,final_holdout,591995
16556,development,592003
16557,development,592051
16558,development,592172
16559,final_holdout,592250
16560,final_holdout,592609
16561,development,592787
16562,development,592791
16563,development,592842
16564,development,592895
16565,development,592961
16566,final_holdout,592997
16567,final_holdout,593348
16568,development,593362
16569,development,593400
16570,development,593487
16571,development,593534
16572,development,593587
16573,development,593787
16574,development,593845
16575,development,593924
16576,development,594111
16577,final_holdout,594157
16578,development,594199
16579,development,594233
16580,development,594246
16581,development,594399
16582,development,594431
16583,final_holdout,594452
16584,development,594458
16585,development,594517
16586,development,594602
16587,final_holdout,594851
16588,development,594864
16589,development,594976
16590,development,595182
16591,development,595189
16592,final_holdout,595244
16593,development,595492
16594,development,595515
16595,development,595553
16596,development,595781
16597,development,595938
16598,development,596002
16599,development,596137
16600,development,596319
16601,final_holdout,596321
16602,development,596361
16603,development,596404
16604,development,596432
16605,development,596526
16606,development,596614
16607,development,596676
16608,development,596789
16609,development,596812
16610,development,596931
16611,development,597181
16612,development,597206
16613,development,597319
16614,final_holdout,597335
16615,development,597363
16616,final_holdout,597376
16617,development,597459
16618,development,597573
16619,development,597948
16620,development,598028
16621,development,598074
16622,development,598321
16623,development,598547
16624,development,598662
16625,final_holdout,598809
16626,final_holdout,598819
16627,final_holdout,598924
16628,development,598963
16629,final_holdout,598973
16630,development,599176
16631,final_holdout,599284
16632,development,599452
16633,development,599478
16634,development,599479
16635,development,599542
16636,development,599588
16637,development,599768
16638,development,599893
16639,development,599902
16640,final_holdout,599942
16641,development,599958
16642,development,600071
16643,development,600077
16644,final_holdout,600127
16645,development,600142
16646,development,600187
16647,development,600198
16648,development,600335
16649,development,600350
16650,development,600509
16651,development,600547
16652,development,600816
16653,development,600869
16654,development,600916
16655,development,600938
16656,development,600945
16657,development,601054
16658,final_holdout,601157
16659,development,601175
16660,development,601182
16661,final_holdout,601223
16662,final_holdout,601224
16663,development,601248
16664,development,601407
16665,development,601433
16666,development,601653
16667,final_holdout,601757
16668,development,601827
16669,final_holdout,601873
16670,development,602007
16671,development,602133
16672,development,602233
16673,development,602244
16674,development,602268
16675,final_holdout,602269
16676,development,602275
16677,development,602288
16678,development,602389
16679,development,602398
16680,development,602424
16681,final_holdout,602663
16682,development,602703
16683,development,602718
16684,final_holdout,602816
16685,development,602827
16686,development,602944
16687,development,603053
16688,development,603222
16689,development,603309
16690,development,603455
16691,development,603477
16692,development,603503
16693,development,603565
16694,final_holdout,603639
16695,final_holdout,604050
16696,development,604378
16697,final_holdout,604393
16698,development,604517
16699,development,604685
16700,development,604906
16701,development,605111
16702,development,605180
16703,development,605264
16704,development,605361
16705,final_holdout,605480
16706,development,605545
16707,development,605587
16708,development,605908
16709,development,606047
16710,development,606206
16711,development,606373
16712,development,606606
16713,development,606724
16714,final_holdout,606743
16715,development,606918
16716,development,607060
16717,development,607085
16718,development,607143
16719,development,607178
16720,development,607442
16721,development,607600
16722,development,607609
16723,development,607636
16724,development,607814
16725,development,607835
16726,development,607947
16727,final_holdout,608024
16728,development,608130
16729,development,608243
16730,development,608459
16731,development,608472
16732,final_holdout,608504
16733,development,608669
16734,final_holdout,608744
16735,development,608884
16736,development,608967
16737,final_holdout,609025
16738,development,609192
16739,development,609527
16740,development,609583
16741,development,609682
16742,development,609748
16743,development,610025
16744,development,610143
16745,development,610158
16746,development,610188
16747,development,610453
16748,development,610503
16749,development,610549
16750,development,610575
16751,development,610855
16752,development,610873
16753,final_holdout,610888
16754,development,610979
16755,development,611033
16756,development,611049
16757,development,611062
16758,development,611202
16759,final_holdout,611206
16760,final_holdout,611255
16761,development,611344
16762,development,611402
16763,final_holdout,611561
16764,final_holdout,611564
16765,development,611639
16766,development,612048
16767,development,612177
16768,development,612183
16769,development,612187
16770,development,612191
16771,development,612199
16772,development,943374
16773,development,965763
16774,development,991843
16775,final_holdout,1053702
16776,development,1073766
16777,final_holdout,1487084
16778,development,1529371
16779,final_holdout,1541906
16780,final_holdout,1561750
16781,development,1567505
16782,final_holdout,1622944
16783,final_holdout,1638548
16784,development,1667346
16785,development,1725109
16786,development,1762336
16787,development,1781834
16788,development,1837015
16789,development,1850818
16790,development,1861793
16791,development,1896088
16792,development,1902240
16793,development,1915408
16794,development,1924641
16795,development,1930644
16796,development,1951925
16797,development,1954230
16798,development,1976350
16799,development,1991903
16800,development,1993955
16801,development,1994610
16802,development,1995239
16803,final_holdout,1995532
16804,development,2028474
16805,development,2033951
16806,development,2046324
16807,development,2056643
16808,development,2080916
16809,development,2094849
16810,development,2109119
16811,final_holdout,2134237
16812,development,2134304
16813,development,2137413
16814,development,2138146
16815,development,2171834
16816,development,2187588
16817,development,2199455
16818,development,2252437
16819,development,2255516
16820,development,2274938
16821,development,2326597
16822,development,2331750
16823,development,2389754
16824,final_holdout,2408307
16825,development,2418732
16826,development,2435726
16827,final_holdout,2451726
16828,final_holdout,2474006
16829,development,2474995
16830,development,2485655
16831,development,2487990
16832,development,2505299
16833,final_holdout,2513333
16834,development,2518880
16835,final_holdout,2537898
16836,development,2541992
16837,development,2542645
16838,development,2562704
16839,development,2564333
16840,development,2569834
16841,development,2574909
16842,development,2588201
16843,development,2590189
16844,final_holdout,2598509
16845,development,2598961
16846,development,2604856
16847,final_holdout,2607824
16848,development,2608828
16849,final_holdout,2614546
16850,final_holdout,2615849
16851,development,2616950
16852,final_holdout,2617635
16853,final_holdout,2619025
16854,development,2623263
16855,development,2623960
16856,final_holdout,2625693
16857,development,2634238
16858,final_holdout,2641254
16859,final_holdout,2641364
16860,development,2657915
16861,development,2670012
16862,development,2698535
16863,development,25150
16864,development,27780
16865,development,29639
16866,development,29820
16867,development,35340
16868,development,35508
16869,development,64296
16870,final_holdout,70537
16871,development,83219
16872,final_holdout,121574
16873,final_holdout,128971
16874,development,135330
16875,final_holdout,144745
16876,development,148282
16877,development,156594
16878,development,158831
16879,development,165376
16880,development,167791
16881,development,170936
16882,development,171334
16883,development,182400
16884,development,185057
16885,development,186476
16886,final_holdout,188260
16887,final_holdout,188662
16888,final_holdout,193163
16889,development,197730
16890,final_holdout,198902
16891,development,231019
16892,development,231339
16893,development,234559
16894,development,237934
16895,development,244166
16896,development,244977
16897,development,247819
16898,final_holdout,248818
16899,development,250092
16900,development,256867
16901,development,261042
16902,final_holdout,266040
16903,development,267961
16904,development,272103
16905,final_holdout,274218
16906,development,278786
16907,development,285170
16908,development,289397
16909,development,291674
16910,final_holdout,293670
16911,development,293686
16912,development,303774
16913,development,308391
16914,development,321112
16915,development,324257
16916,development,329455
16917,development,335355
16918,final_holdout,338854
16919,development,342957
16920,development,349069
16921,development,350690
16922,development,353368
16923,final_holdout,353953
16924,final_holdout,359460
16925,final_holdout,366424
16926,development,368306
16927,development,372812
16928,final_holdout,380921
16929,final_holdout,382432
16930,development,382910
16931,development,383239
16932,development,389267
16933,development,393488
16934,development,404239
16935,development,407428
16936,development,410810
16937,development,411381
16938,development,413891
16939,development,417547
16940,development,420333
16941,development,421111
16942,final_holdout,424978
16943,development,426316
16944,final_holdout,426616
16945,development,431386
16946,final_holdout,437971
16947,development,441852
16948,development,443948
16949,development,444197
16950,development,444349
16951,development,446077
16952,development,446295
16953,development,447235
16954,final_holdout,464724
16955,final_holdout,467144
16956,development,469761
16957,development,469861
16958,development,471018
16959,development,474628
16960,development,474674
16961,development,475497
16962,final_holdout,478550
16963,development,478791
16964,final_holdout,479607
16965,final_holdout,480928
16966,final_holdout,481618
16967,development,485920
16968,development,486836
16969,development,487239
16970,development,487494
16971,development,488828
16972,final_holdout,490587
16973,development,490662
16974,development,492403
16975,final_holdout,494427
16976,development,494872
16977,development,496108
16978,development,497361
16979,development,497580
16980,final_holdout,502640
16981,development,502929
16982,final_holdout,503872
16983,development,504062
16984,final_holdout,504652
16985,development,504728
16986,final_holdout,505333
16987,development,505767
16988,development,505855
16989,development,510266
16990,development,511199
16991,development,511657
16992,development,513211
16993,final_holdout,513672
16994,development,515125
16995,development,516238
16996,final_holdout,516728
16997,development,518116
16998,development,519258
16999,development,519589
17000,development,520824
17001,development,522525
17002,final_holdout,523061
17003,development,524276
17004,development,524386
17005,final_holdout,525332
17006,final_holdout,526051
17007,final_holdout,527771
17008,final_holdout,529304
17009,development,531845
17010,final_holdout,532531
17011,development,538102
17012,development,540509
17013,development,541003
17014,final_holdout,541999
17015,development,542050
17016,development,542524
17017,final_holdout,543475
17018,development,543924
17019,development,543948
17020,development,544052
17021,development,544295
17022,development,546400
17023,development,547100
17024,development,547685
17025,development,548261
17026,development,548992
17027,development,549401
17028,development,550197
17029,development,550357
17030,development,550812
17031,development,551528
17032,final_holdout,551856
17033,development,552067
17034,final_holdout,554988
17035,final_holdout,555022
17036,development,555756
17037,final_holdout,557700
17038,final_holdout,558122
17039,development,558492
17040,development,559518
17041,final_holdout,559977
17042,development,560951
17043,development,561271
17044,development,561363
17045,development,561559
17046,development,561774
17047,final_holdout,562825
17048,final_holdout,563230
17049,development,565838
17050,development,566337
17051,development,566422
17052,development,566871
17053,development,569620
17054,development,571025
17055,development,571128
17056,development,571233
17057,development,571389
17058,development,571789
17059,development,571963
17060,development,572249
17061,development,573558
17062,development,574508
17063,development,574523
17064,development,574580
17065,development,574637
17066,final_holdout,575162
17067,development,575473
17068,final_holdout,575777
17069,development,576876
17070,development,577245
17071,development,577352
17072,development,577460
17073,development,577562
17074,development,578541
17075,development,578634
17076,development,578958
17077,development,581257
17078,development,581269
17079,development,581676
17080,development,582094
17081,development,583968
17082,development,584698
17083,development,585393
17084,development,585397
17085,development,585662
17086,final_holdout,587323
17087,development,588274
17088,development,588765
17089,development,589033
17090,development,589223
17091,final_holdout,589260
17092,final_holdout,589722
17093,development,589828
17094,final_holdout,591398
17095,development,592372
17096,development,592593
17097,development,592666
17098,final_holdout,593123
17099,development,593733
17100,development,594131
17101,development,594193
17102,development,594684
17103,development,595100
17104,development,595356
17105,final_holdout,595808
17106,development,595992
17107,final_holdout,596347
17108,development,596947
17109,development,597909
17110,development,599056
17111,final_holdout,599263
17112,final_holdout,599341
17113,development,599554
17114,development,599937
17115,development,600181
17116,development,600623
17117,development,600801
17118,development,600814
17119,development,600987
17120,development,601043
17121,development,601054
17122,development,601211
17123,development,601248
17124,development,601386
17125,development,602107
17126,development,602150
17127,development,602721
17128,development,603531
17129,development,603791
17130,development,603832
17131,development,604172
17132,development,604270
17133,development,604337
17134,development,604490
17135,final_holdout,604502
17136,development,604571
17137,development,604789
17138,development,605367
17139,development,605688
17140,development,606127
17141,development,606182
17142,development,606350
17143,development,607413
17144,development,607570
17145,development,608152
17146,development,609383
17147,development,609450
17148,development,609645
17149,final_holdout,610234
17150,development,610287
17151,final_holdout,610684
17152,development,610718
17153,development,610927
17154,development,611024
17155,development,611407
17156,final_holdout,611502
17157,development,611999
17158,development,612023
17159,development,612127
17160,development,612287
17161,development,612327
17162,final_holdout,612397
17163,development,612449
17164,development,612644
17165,development,612673
17166,development,612882
17167,development,613091
17168,development,613116
17169,development,613122
17170,development,613133
17171,development,613213
17172,development,613387
17173,development,613501
17174,final_holdout,613790
17175,development,614234
17176,development,614245
17177,development,614754
17178,final_holdout,614952
17179,development,615112
17180,development,615229
17181,final_holdout,615242
17182,development,616386
17183,development,616407
17184,development,616439
17185,development,616700
17186,development,616708
17187,development,616831
17188,development,616927
17189,development,617186
17190,development,617355
17191,development,617365
17192,development,617418
17193,development,617455
17194,development,617531
17195,development,617898
17196,final_holdout,618078
17197,final_holdout,618571
17198,development,618583
17199,development,618606
17200,development,618619
17201,development,618777
17202,final_holdout,618824
17203,development,618982
17204,development,619006
17205,final_holdout,619014
17206,final_holdout,619292
17207,development,619369
17208,development,619380
17209,development,619503
17210,development,619927
17211,development,619928
17212,development,620215
17213,development,620260
17214,development,620369
17215,development,620414
17216,development,620646
17217,final_holdout,620713
17218,final_holdout,620716
17219,development,620876
17220,final_holdout,620916
17221,development,620918
17222,development,620977
17223,final_holdout,621401
17224,final_holdout,621414
17225,final_holdout,621655
17226,final_holdout,621906
17227,development,622015
17228,development,622037
17229,development,622280
17230,development,622315
17231,development,622368
17232,development,622425
17233,development,622609
17234,development,622812
17235,development,622948
17236,final_holdout,623079
17237,development,623100
17238,final_holdout,623105
17239,development,623115
17240,final_holdout,623184
17241,development,623250
17242,development,623421
17243,final_holdout,623562
17244,final_holdout,623609
17245,final_holdout,623667
17246,development,623738
17247,development,623780
17248,development,623797
17249,development,623864
17250,final_holdout,623940
17251,final_holdout,624092
17252,development,624126
17253,final_holdout,624153
17254,development,624266
17255,development,624384
17256,development,624441
17257,development,624469
17258,final_holdout,624782
17259,development,625067
17260,final_holdout,625126
17261,development,625174
17262,development,625213
17263,development,625476
17264,development,625527
17265,final_holdout,625541
17266,final_holdout,625740
17267,development,625785
17268,development,625790
17269,development,625841
17270,development,625861
17271,development,625901
17272,development,625953
17273,final_holdout,625975
17274,final_holdout,626022
17275,development,626055
17276,development,626183
17277,development,626296
17278,development,626407
17279,final_holdout,626444
17280,development,626494
17281,development,626516
17282,development,626519
17283,development,626625
17284,development,626714
17285,final_holdout,626749
17286,final_holdout,626753
17287,development,626768
17288,development,626772
17289,development,626877
17290,final_holdout,626906
17291,development,626998
17292,development,627168
17293,development,627290
17294,development,627387
17295,development,627390
17296,final_holdout,627399
17297,final_holdout,627401
17298,development,627450
17299,development,627461
17300,development,627471
17301,development,627500
17302,development,627516
17303,final_holdout,627636
17304,development,627711
17305,development,627750
17306,development,627907
17307,development,627961
17308,development,628054
17309,development,628214
17310,development,628300
17311,development,628366
17312,development,628527
17313,final_holdout,628677
17314,final_holdout,628718
17315,development,628777
17316,final_holdout,628910
17317,final_holdout,628914
17318,final_holdout,628938
17319,development,628959
17320,development,629081
17321,development,629089
17322,development,629202
17323,development,629283
17324,development,629342
17325,development,629500
17326,development,629506
17327,development,629601
17328,final_holdout,629627
17329,final_holdout,629628
17330,development,629654
17331,development,629753
17332,development,629906
17333,development,630047
17334,development,630086
17335,development,630165
17336,final_holdout,630416
17337,development,630449
17338,development,630540
17339,final_holdout,630573
17340,development,630585
17341,development,630606
17342,development,630635
17343,final_holdout,630657
17344,development,630696
17345,development,630722
17346,development,630825
17347,development,630888
17348,development,630900
17349,development,630980
17350,development,631016
17351,development,631051
17352,development,631073
17353,final_holdout,631117
17354,final_holdout,631334
17355,final_holdout,631356
17356,final_holdout,631453
17357,development,631509
17358,development,631655
17359,development,631807
17360,development,632004
17361,final_holdout,632074
17362,development,632083
17363,final_holdout,632111
17364,development,632133
17365,final_holdout,632135
17366,development,632312
17367,development,632329
17368,development,632376
17369,development,632389
17370,development,632459
17371,development,632641
17372,development,632700
17373,final_holdout,632800
17374,development,632883
17375,development,632889
17376,final_holdout,632904
17377,development,632977
17378,development,633107
17379,development,633259
17380,development,633270
17381,development,633304
17382,development,633310
17383,development,633330
17384,final_holdout,633334
17385,development,633395
17386,development,633432
17387,development,633455
17388,development,633511
17389,development,633530
17390,development,633544
17391,final_holdout,633605
17392,development,633634
17393,final_holdout,633637
17394,development,633695
17395,development,633716
17396,development,633746
17397,development,633998
17398,development,634040
17399,development,634193
17400,development,634216
17401,development,634241
17402,development,634309
17403,development,634318
17404,development,634433
17405,final_holdout,634570
17406,final_holdout,634578
17407,development,634600
17408,development,634737
17409,development,634744
17410,development,634817
17411,development,634862
17412,final_holdout,634869
17413,development,635041
17414,development,635043
17415,development,635109
17416,final_holdout,635515
17417,development,996047
17418,development,1268772
17419,development,1410398
17420,development,1457691
17421,final_holdout,1500950
17422,development,1573624
17423,development,1618172
17424,development,1644328
17425,development,1661805
17426,development,1663815
17427,development,1664171
17428,development,1700371
17429,development,1763786
17430,development,1780737
17431,development,1789319
17432,final_holdout,1810414
17433,final_holdout,1828112
17434,development,1839181
17435,final_holdout,1861830
17436,development,1894419
17437,final_holdout,1908526
17438,development,2002664
17439,final_holdout,2026585
17440,development,2064873
17441,final_holdout,2139273
17442,development,2187588
17443,development,2198914
17444,development,2249143
17445,final_holdout,2329539
17446,development,2359504
17447,development,2364637
17448,development,2376512
17449,development,2391004
17450,development,2434339
17451,development,2455893
17452,development,2472178
17453,final_holdout,2478799
17454,development,2492827
17455,development,2520067
17456,development,2567038
17457,development,2569912
17458,development,2577893
17459,development,2595665
17460,final_holdout,2600862
17461,development,2603195
17462,development,2613219
17463,final_holdout,2620661
17464,development,2632165
17465,development,2642697
17466,final_holdout,2647314
17467,final_holdout,2662742
17468,development,28770
17469,development,47061
17470,final_holdout,60809
17471,final_holdout,62034
17472,development,67539
17473,development,67685
17474,development,70827
17475,development,76579
17476,development,80358
17477,development,89545
17478,development,108281
17479,development,108497
17480,development,110789
17481,development,121163
17482,development,124304
17483,final_holdout,124711
17484,development,126450
17485,final_holdout,128817
17486,development,131776
17487,development,134212
17488,development,135763
17489,development,142092
17490,development,158708
17491,development,159287
17492,final_holdout,161781
17493,development,162210
17494,development,164708
17495,development,171843
17496,development,173341
17497,development,175940
17498,development,177472
17499,development,189117
17500,development,190780
17501,development,191000
17502,development,195252
17503,final_holdout,195897
17504,development,196132
17505,development,202606
17506,development,231017
17507,development,232078
17508,development,233335
17509,development,233685
17510,development,236512
17511,development,239908
17512,development,241728
17513,development,243926
17514,development,250159
17515,development,253496
17516,development,255449
17517,final_holdout,269220
17518,final_holdout,270764
17519,development,270988
17520,development,274967
17521,final_holdout,284095
17522,development,285934
17523,development,286262
17524,development,286527
17525,final_holdout,296222
17526,development,298148
17527,development,299707
17528,development,302363
17529,development,307953
17530,development,310968
17531,development,318769
17532,development,318855
17533,development,322641
17534,development,332945
17535,development,333637
17536,development,333976
17537,development,336014
17538,development,341010
17539,development,342187
17540,final_holdout,344740
17541,development,345256
17542,development,345288
17543,development,346093
17544,development,348288
17545,development,355049
17546,development,355617
17547,development,356735
17548,development,360266
17549,development,364322
17550,development,369713
17551,development,369942
17552,development,372577
17553,development,378825
17554,development,381185
17555,development,381586
17556,development,381983
17557,development,387944
17558,development,390332
17559,final_holdout,391301
17560,development,396674
17561,final_holdout,398019
17562,development,398413
17563,development,401240
17564,development,402295
17565,final_holdout,404200
17566,final_holdout,404695
17567,development,405125
17568,development,407731
17569,final_holdout,408763
17570,final_holdout,410587
17571,development,410592
17572,final_holdout,411619
17573,development,418035
17574,development,418216
17575,development,423947
17576,final_holdout,425053
17577,final_holdout,425858
17578,final_holdout,432484
17579,development,434347
17580,development,434503
17581,development,436213
17582,development,436900
17583,development,441385
17584,development,441895
17585,final_holdout,442359
17586,development,443200
17587,development,443498
17588,development,445049
17589,final_holdout,447659
17590,development,464780
17591,final_holdout,464957
17592,final_holdout,465406
17593,development,466508
17594,development,466892
17595,final_holdout,469424
17596,development,470461
17597,development,472762
17598,development,472845
17599,final_holdout,474290
17600,development,476438
17601,development,476497
17602,development,479987
17603,development,480579
17604,development,481787
17605,development,481884
17606,development,482030
17607,development,483131
17608,development,483858
17609,development,490443
17610,development,491170
17611,development,491664
17612,development,494270
17613,development,495429
17614,development,496530
17615,development,500440
17616,development,502004
17617,development,502548
17618,development,506618
17619,final_holdout,507967
17620,development,509780
17621,development,510402
17622,development,510435
17623,development,515977
17624,final_holdout,517094
17625,development,520077
17626,development,520750
17627,development,520824
17628,development,521350
17629,final_holdout,521541
17630,final_holdout,522645
17631,development,523804
17632,development,523872
17633,final_holdout,525217
17634,development,525625
17635,development,529287
17636,development,529670
17637,final_holdout,530087
17638,final_holdout,532579
17639,final_holdout,532846
17640,development,536984
17641,development,540219
17642,development,542279
17643,development,543931
17644,final_holdout,545493
17645,development,546400
17646,development,547153
17647,development,548807
17648,development,549922
17649,development,550573
17650,development,551182
17651,development,551589
17652,final_holdout,552441
17653,development,554235
17654,final_holdout,554459
17655,final_holdout,554999
17656,development,555051
17657,development,556450
17658,development,557229
17659,final_holdout,558509
17660,development,559113
17661,final_holdout,560707
17662,development,560759
17663,development,560881
17664,final_holdout,560921
17665,development,561208
17666,development,561413
17667,development,563046
17668,development,563321
17669,development,563534
17670,development,564445
17671,final_holdout,564562
17672,development,564734
17673,development,565275
17674,development,565952
17675,development,566279
17676,development,566428
17677,development,567681
17678,development,567892
17679,development,569372
17680,final_holdout,569953
17681,development,570045
17682,final_holdout,570273
17683,development,570491
17684,development,570954
17685,development,572168
17686,development,572599
17687,development,573503
17688,final_holdout,573600
17689,development,574565
17690,final_holdout,575066
17691,final_holdout,575411
17692,final_holdout,575623
17693,development,578469
17694,development,579052
17695,development,579283
17696,final_holdout,580689
17697,development,580798
17698,development,581082
17699,development,581238
17700,development,581851
17701,final_holdout,581887
17702,development,582094
17703,development,583719
17704,development,584514
17705,final_holdout,584718
17706,development,585643
17707,development,585769
17708,development,585852
17709,development,586474
17710,development,587008
17711,development,587122
17712,development,587621
17713,development,587793
17714,development,588058
17715,final_holdout,588474
17716,development,589856
17717,development,590837
17718,development,591523
17719,final_holdout,591761
17720,development,592047
17721,development,592338
17722,development,592843
17723,development,592951
17724,development,593038
17725,development,593896
17726,final_holdout,594629
17727,development,596326
17728,final_holdout,596855
17729,development,597166
17730,development,597252
17731,development,597732
17732,development,598573
17733,final_holdout,599059
17734,development,599215
17735,development,599429
17736,development,600267
17737,development,600766
17738,development,600898
17739,development,601567
17740,development,601599
17741,development,602150
17742,development,602707
17743,development,602745
17744,development,602830
17745,development,603108
17746,development,603179
17747,development,603700
17748,development,604057
17749,final_holdout,605125
17750,development,605129
17751,development,605294
17752,development,605541
17753,development,605545
17754,development,605836
17755,development,608488
17756,development,608669
17757,development,608853
17758,final_holdout,609605
17759,development,610275
17760,development,610287
17761,development,610373
17762,development,610672
17763,development,610904
17764,development,611162
17765,final_holdout,611405
17766,development,611961
17767,development,611971
17768,development,612157
17769,development,613644
17770,development,613953
17771,final_holdout,614181
17772,development,614300
17773,development,614737
17774,development,615429
17775,development,616407
17776,development,617309
17777,development,617888
17778,development,619168
17779,development,620343
17780,development,620519
17781,development,620536
17782,final_holdout,620782
17783,development,621380
17784,development,622129
17785,development,622315
17786,development,622890
17787,development,623002
17788,development,623467
17789,development,623757
17790,development,623889
17791,development,623989
17792,development,624126
17793,development,624222
17794,final_holdout,625614
17795,development,625785
17796,final_holdout,625797
17797,development,626998
17798,development,627283
17799,development,627312
17800,development,627500
17801,development,627935
17802,development,628054
17803,development,628480
17804,final_holdout,628717
17805,development,628741
17806,development,628766
17807,final_holdout,629014
17808,development,629101
17809,development,629400
17810,development,629535
17811,development,629642
17812,final_holdout,629852
17813,development,629862
17814,development,630105
17815,development,630106
17816,development,630519
17817,development,630541
17818,development,631113
17819,development,631807
17820,development,631888
17821,development,632626
17822,development,632635
17823,development,632950
17824,development,633824
17825,final_holdout,633868
17826,development,633914
17827,final_holdout,633995
17828,development,634094
17829,final_holdout,634367
17830,development,634552
17831,final_holdout,634721
17832,development,634776
17833,final_holdout,634879
17834,final_holdout,634940
17835,development,635325
17836,final_holdout,635552
17837,development,635564
17838,development,635720
17839,development,635953
17840,development,636124
17841,development,636443
17842,development,636467
17843,final_holdout,636996
17844,development,637123
17845,development,637292
17846,development,637401
17847,final_holdout,637528
17848,development,637624
17849,development,638018
17850,development,638257
17851,final_holdout,638604
17852,development,638970
17853,final_holdout,639012
17854,development,639194
17855,final_holdout,639243
17856,development,639253
17857,development,640109
17858,development,640307
17859,development,640439
17860,development,640658
17861,development,641116
17862,development,641195
17863,development,641200
17864,development,641566
17865,final_holdout,641569
17866,development,641629
17867,development,641817
17868,development,641881
17869,development,641899
17870,development,642066
17871,final_holdout,642342
17872,development,642396
17873,development,642512
17874,development,642591
17875,development,642627
17876,development,642656
17877,development,642839
17878,development,643077
17879,development,643118
17880,development,643168
17881,final_holdout,643200
17882,final_holdout,643267
17883,development,643270
17884,development,643309
17885,final_holdout,643404
17886,final_holdout,643416
17887,final_holdout,643434
17888,development,643457
17889,development,643481
17890,development,643484
17891,development,643510
17892,development,643514
17893,final_holdout,643531
17894,development,643644
17895,development,643705
17896,final_holdout,643770
17897,final_holdout,643771
17898,development,644072
17899,development,644113
17900,final_holdout,644246
17901,final_holdout,644480
17902,development,644514
17903,development,644742
17904,development,644794
17905,final_holdout,644905
17906,development,645126
17907,development,645170
17908,development,645319
17909,development,645451
17910,final_holdout,645462
17911,development,645542
17912,development,645557
17913,development,645831
17914,final_holdout,645847
17915,development,645889
17916,development,646005
17917,development,646040
17918,final_holdout,646070
17919,final_holdout,646071
17920,final_holdout,646097
17921,development,646109
17922,development,646184
17923,development,646197
17924,final_holdout,646361
17925,final_holdout,646363
17926,development,646459
17927,development,646502
17928,development,646520
17929,development,646547
17930,final_holdout,646581
17931,development,646815
17932,final_holdout,646841
17933,development,646903
17934,development,646998
17935,development,647043
17936,development,647083
17937,development,647148
17938,development,647179
17939,development,647184
17940,development,647358
17941,development,647432
17942,development,647466
17943,final_holdout,647645
17944,development,647865
17945,development,647888
17946,final_holdout,647916
17947,final_holdout,647919
17948,development,647983
17949,development,647988
17950,development,648001
17951,final_holdout,648058
17952,development,648090
17953,development,648091
17954,development,648136
17955,development,648285
17956,development,648354
17957,development,648369
17958,final_holdout,648370
17959,development,648422
17960,development,648436
17961,development,648469
17962,development,648518
17963,development,648652
17964,development,648654
17965,development,648687
17966,final_holdout,648787
17967,development,648834
17968,development,648843
17969,development,648852
17970,development,648902
17971,final_holdout,648942
17972,development,649001
17973,development,649069
17974,development,649171
17975,development,649200
17976,final_holdout,649215
17977,development,649248
17978,development,649255
17979,development,649310
17980,development,649339
17981,development,649343
17982,development,649506
17983,development,649637
17984,final_holdout,649667
17985,development,649713
17986,development,649718
17987,development,649720
17988,development,649738
17989,development,649783
17990,final_holdout,649843
17991,final_holdout,649861
17992,final_holdout,649935
17993,final_holdout,649943
17994,development,650027
17995,final_holdout,650105
17996,development,650145
17997,development,650164
17998,development,650330
17999,development,650341
18000,final_holdout,650471
18001,development,650504
18002,development,650533
18003,development,650575
18004,final_holdout,650592
18005,final_holdout,650666
18006,development,650734
18007,development,650752
18008,development,650770
18009,final_holdout,650816
18010,development,650849
18011,development,650856
18012,development,650926
18013,development,650927
18014,development,650950
18015,final_holdout,650987
18016,development,651015
18017,development,651155
18018,final_holdout,651245
18019,final_holdout,651337
18020,development,651533
18021,development,651534
18022,development,651635
18023,development,651648
18024,development,651734
18025,development,651766
18026,development,651828
18027,development,651850
18028,development,651930
18029,final_holdout,651933
18030,development,651935
18031,development,651950
18032,development,651995
18033,development,652054
18034,final_holdout,652285
18035,development,652287
18036,development,652302
18037,development,652442
18038,development,652460
18039,development,652476
18040,development,652501
18041,final_holdout,652861
18042,development,652880
18043,development,652894
18044,development,652902
18045,final_holdout,652971
18046,development,653090
18047,development,653168
18048,development,653177
18049,development,653210
18050,development,653248
18051,development,653326
18052,development,653352
18053,development,653360
18054,development,653440
18055,development,653506
18056,development,653587
18057,development,653608
18058,development,653661
18059,development,653665
18060,development,653688
18061,development,653718
18062,development,653801
18063,development,653887
18064,development,653998
18065,development,654031
18066,final_holdout,654095
18067,development,654125
18068,development,654198
18069,development,654213
18070,development,654240
18071,development,654325
18072,development,654397
18073,development,654485
18074,development,654547
18075,development,654668
18076,final_holdout,654676
18077,development,654755
18078,development,654801
18079,development,654822
18080,final_holdout,654876
18081,development,654891
18082,development,654925
18083,development,654933
18084,development,655051
18085,development,655242
18086,development,655396
18087,development,655468
18088,development,655484
18089,development,655498
18090,development,655558
18091,development,655609
18092,development,655680
18093,final_holdout,655764
18094,development,655794
18095,development,655865
18096,final_holdout,655869
18097,development,655924
18098,development,655973
18099,development,656010
18100,final_holdout,656057
18101,development,656068
18102,development,656134
18103,development,656347
18104,development,656446
18105,development,656553
18106,development,656578
18107,development,656815
18108,development,656854
18109,development,656906
18110,development,656929
18111,development,656954
18112,development,657002
18113,final_holdout,657062
18114,final_holdout,657128
18115,development,657194
18116,development,657196
18117,development,657209
18118,development,657210
18119,development,657226
18120,development,657319
18121,development,674253
18122,development,674430
18123,development,674457
18124,development,674720
18125,development,674747
18126,final_holdout,674808
18127,development,674853
18128,development,674882
18129,development,674889
18130,development,674941
18131,development,675162
18132,development,675365
18133,development,675374
18134,development,675441
18135,development,675442
18136,development,675450
18137,development,675495
18138,development,675537
18139,development,675663
18140,final_holdout,675773
18141,development,675840
18142,development,675853
18143,final_holdout,676025
18144,development,676084
18145,development,676150
18146,development,676333
18147,development,676482
18148,development,676611
18149,development,676676
18150,development,676722
18151,development,676724
18152,development,676805
18153,development,676812
18154,development,676834
18155,development,677018
18156,development,677040
18157,development,677049
18158,development,677189
18159,development,677197
18160,development,677232
18161,development,677250
18162,development,677457
18163,development,677459
18164,development,677507
18165,development,677631
18166,development,677711
18167,development,677741
18168,development,677772
18169,development,677897
18170,development,677900
18171,final_holdout,677947
18172,development,678015
18173,final_holdout,678026
18174,development,678194
18175,final_holdout,678267
18176,final_holdout,678341
18177,development,678393
18178,development,678419
18179,final_holdout,678508
18180,development,678538
18181,development,678613
18182,final_holdout,678701
18183,development,678715
18184,development,678852
18185,development,678860
18186,development,678929
18187,development,678970
18188,development,679114
18189,final_holdout,679207
18190,development,679539
18191,development,679541
18192,development,679569
18193,development,679631
18194,development,679801
18195,development,680133
18196,final_holdout,680267
18197,development,680442
18198,development,680483
18199,development,680614
18200,development,680644
18201,development,680765
18202,final_holdout,680804
18203,development,680894
18204,development,681001
18205,development,681095
18206,development,681200
18207,development,681302
18208,development,681327
18209,development,681369
18210,development,681379
18211,development,681416
18212,development,681759
18213,development,681852
18214,development,681861
18215,development,682217
18216,development,682239
18217,development,682259
18218,development,682355
18219,development,682554
18220,development,682673
18221,final_holdout,682717
18222,development,682758
18223,development,683079
18224,final_holdout,683170
18225,development,683246
18226,development,683270
18227,development,683492
18228,development,683640
18229,development,683728
18230,development,684050
18231,development,684064
18232,development,684225
18233,final_holdout,684357
18234,development,684473
18235,final_holdout,684504
18236,final_holdout,684511
18237,development,684532
18238,development,684567
18239,development,684610
18240,development,684617
18241,development,684669
18242,development,684825
18243,development,684905
18244,final_holdout,684907
18245,development,684944
18246,development,684967
18247,development,685060
18248,development,685152
18249,development,685176
18250,development,685199
18251,development,685236
18252,development,685284
18253,development,685287
18254,final_holdout,685292
18255,development,685370
18256,development,685487
18257,development,685499
18258,development,685517
18259,development,685557
18260,development,685668
18261,development,685804
18262,development,685950
18263,development,686051
18264,development,686058
18265,final_holdout,686110
18266,development,686287
18267,final_holdout,686365
18268,development,686447
18269,final_holdout,686476
18270,development,686525
18271,development,686564
18272,final_holdout,686593
18273,development,686708
18274,development,686753
18275,development,686872
18276,development,686913
18277,development,687023
18278,final_holdout,687194
18279,development,687242
18280,development,687310
18281,final_holdout,687370
18282,development,687498
18283,final_holdout,687563
18284,final_holdout,687574
18285,development,687757
18286,development,687766
18287,development,687772
18288,development,687844
18289,development,687945
18290,development,688118
18291,final_holdout,688133
18292,development,688287
18293,final_holdout,688310
18294,final_holdout,688404
18295,development,688451
18296,development,688662
18297,final_holdout,688683
18298,development,688742
18299,final_holdout,688763
18300,final_holdout,688870
18301,development,688924
18302,development,688974
18303,development,689161
18304,development,689217
18305,development,689250
18306,final_holdout,689288
18307,development,689309
18308,development,689370
18309,development,689389
18310,development,689763
18311,development,689786
18312,development,689840
18313,development,689983
18314,development,690016
18315,development,690095
18316,development,690241
18317,development,690298
18318,development,690370
18319,development,690439
18320,development,690507
18321,development,690525
18322,development,690553
18323,development,690586
18324,development,690724
18325,final_holdout,690736
18326,development,690763
18327,final_holdout,690917
18328,development,691078
18329,development,691189
18330,final_holdout,691218
18331,development,691248
18332,development,691536
18333,final_holdout,691701
18334,final_holdout,691790
18335,development,691875
18336,final_holdout,691978
18337,final_holdout,692012
18338,final_holdout,692354
18339,development,692534
18340,development,692646
18341,development,692723
18342,development,692924
18343,development,692928
18344,development,692991
18345,development,693069
18346,development,693221
18347,development,693235
18348,development,693308
18349,development,693416
18350,development,693478
18351,development,693640
18352,development,693910
18353,development,693959
18354,development,694132
18355,final_holdout,694152
18356,development,694218
18357,development,694246
18358,final_holdout,694304
18359,development,694361
18360,final_holdout,694457
18361,development,694571
18362,development,694579
18363,development,694589
18364,final_holdout,694680
18365,final_holdout,694684
18366,development,694735
18367,development,694779
18368,final_holdout,694854
18369,development,695094
18370,final_holdout,695122
18371,development,695435
18372,development,695638
18373,development,695644
18374,development,695653
18375,development,695668
18376,development,695855
18377,development,695919
18378,development,695921
18379,final_holdout,695932
18380,development,695944
18381,development,696044
18382,development,696128
18383,development,696192
18384,final_holdout,696325
18385,development,696361
18386,final_holdout,696485
18387,development,696577
18388,final_holdout,697041
18389,development,697113
18390,development,697253
18391,development,697460
18392,development,697461
18393,development,697482
18394,final_holdout,697658
18395,development,697781
18396,development,698011
18397,development,698024
18398,development,698092
18399,development,698300
18400,development,698355
18401,development,698413
18402,development,698417
18403,final_holdout,698598
18404,development,698717
18405,development,699038
18406,development,699134
18407,development,699135
18408,final_holdout,699136
18409,development,699138
18410,development,699140
18411,development,699141
18412,development,699142
18413,development,699170
18414,development,699440
18415,development,1040037
18416,final_holdout,1334225
18417,final_holdout,1354095
18418,development,1429504
18419,development,1483814
18420,development,1490624
18421,development,1497822
18422,development,1664171
18423,development,1674799
18424,development,1679610
18425,final_holdout,1797068
18426,development,1841850
18427,development,1878648
18428,development,1895288
18429,development,1910737
18430,development,1943214
18431,development,2004220
18432,development,2024200
18433,development,2050998
18434,development,2065756
18435,development,2067969
18436,development,2072671
18437,development,2080916
18438,development,2137785
18439,development,2151019
18440,development,2173643
18441,development,2192061
18442,development,2204389
18443,development,2211797
18444,development,2221654
18445,final_holdout,2229389
18446,development,2230251
18447,development,2257400
18448,development,2258124
18449,development,2259662
18450,final_holdout,2281441
18451,final_holdout,2286544
18452,development,2289071
18453,development,2290886
18454,development,2297016
18455,development,2338535
18456,development,2340230
18457,final_holdout,2352407
18458,development,2355274
18459,development,2391303
18460,development,2410632
18461,development,2427886
18462,development,2436584
18463,development,2437591
18464,development,2442423
18465,development,2453691
18466,development,2464118
18467,development,2484189
18468,development,2498614
18469,development,2533383
18470,development,2535666
18471,development,2538792
18472,development,2542182
18473,development,2550960
18474,development,2579558
18475,development,2592973
18476,final_holdout,2599179
18477,development,2622627
18478,final_holdout,2626779
18479,development,2627992
18480,final_holdout,2637000
18481,development,2639115
18482,development,2644404
18483,development,2654928
18484,development,2663195
18485,development,2681277
18486,final_holdout,2686053
18487,development,2686712
18488,development,33915
18489,development,35544
18490,development,35860
18491,final_holdout,36385
18492,development,37298
18493,development,42668
18494,development,43273
18495,development,43430
18496,development,50263
18497,development,53197
18498,development,53709
18499,development,55450
18500,development,58549
18501,development,60519
18502,development,65656
18503,development,68208
18504,development,71275
18505,development,71578
18506,development,72693
18507,development,74113
18508,development,77998
18509,development,80745
18510,development,80886
18511,final_holdout,82556
18512,development,82817
18513,development,84051
18514,development,86538
18515,development,87152
18516,final_holdout,89895
18517,development,91164
18518,development,96729
18519,development,99993
18520,development,101306
18521,development,107162
18522,development,108330
18523,final_holdout,110085
18524,development,110116
18525,development,111775
18526,development,115373
18527,development,118532
18528,development,118668
18529,development,119353
18530,development,125996
18531,development,126088
18532,development,128142
18533,development,128791
18534,development,130403
18535,development,131272
18536,development,134260
18537,development,134578
18538,development,135075
18539,final_holdout,139949
18540,development,140866
18541,final_holdout,140907
18542,development,142339
18543,development,143350
18544,development,144747
18545,development,146455
18546,development,146679
18547,final_holdout,147168
18548,final_holdout,149680
18549,development,149693
18550,development,150763
18551,development,151465
18552,development,153110
18553,development,153785
18554,development,155511
18555,final_holdout,157308
18556,final_holdout,160193
18557,development,161658
18558,development,165617
18559,final_holdout,165806
18560,development,166327
18561,development,166421
18562,development,167557
18563,development,167759
18564,development,169490
18565,final_holdout,169555
18566,development,169858
18567,development,170165
18568,development,174436
18569,development,174805
18570,development,180974
18571,development,181508
18572,final_holdout,181992
18573,development,182468
18574,final_holdout,184129
18575,final_holdout,185496
18576,development,186380
18577,development,189720
18578,development,190653
18579,development,191998
18580,development,193193
18581,development,193834
18582,development,198257
18583,development,199244
18584,development,199446
18585,development,200773
18586,development,202487
18587,development,203050
18588,development,203707
18589,development,227401
18590,development,228703
18591,development,230279
18592,development,230684
18593,development,232675
18594,final_holdout,232764
18595,development,234609
18596,final_holdout,234661
18597,development,234727
18598,development,236844
18599,development,237401
18600,final_holdout,237953
18601,development,238901
18602,final_holdout,239540
18603,development,239748
18604,development,240024
18605,development,241166
18606,development,241700
18607,development,243600
18608,development,243657
18609,development,244114
18610,development,244816
18611,final_holdout,244918
18612,development,246112
18613,development,247666
18614,development,247856
18615,development,249362
18616,development,249570
18617,development,252041
18618,development,252095
18619,development,254044
18620,development,254162
18621,development,254325
18622,development,254463
18623,development,255344
18624,development,261335
18625,development,263697
18626,development,265112
18627,development,265855
18628,development,266559
18629,development,266858
18630,final_holdout,267602
18631,final_holdout,269243
18632,development,269593
18633,development,269677
18634,final_holdout,271168
18635,development,273605
18636,final_holdout,275151
18637,development,276314
18638,development,276846
18639,development,277044
18640,development,281651
18641,final_holdout,282879
18642,development,283050
18643,development,283055
18644,development,283230
18645,final_holdout,283348
18646,development,285391
18647,development,285996
18648,development,286422
18649,development,287099
18650,development,289618
18651,final_holdout,290252
18652,development,291159
18653,development,291960
18654,development,294679
18655,final_holdout,299237
18656,final_holdout,300264
18657,development,301298
18658,development,302924
18659,development,303288
18660,development,303595
18661,development,307689
18662,development,308363
18663,development,309048
18664,development,313975
18665,development,314507
18666,development,314548
18667,development,315945
18668,development,318241
18669,final_holdout,319563
18670,final_holdout,319884
18671,development,320251
18672,development,320764
18673,final_holdout,322106
18674,development,322985
18675,development,323809
18676,development,324305
18677,development,324447
18678,development,327650
18679,development,327797
18680,development,328476
18681,development,331318
18682,development,331883
18683,development,332668
18684,development,333346
18685,development,333832
18686,development,334134
18687,development,334224
18688,final_holdout,335242
18689,development,336258
18690,development,336362
18691,development,337189
18692,final_holdout,338089
18693,development,338373
18694,development,340496
18695,final_holdout,340850
18696,development,342125
18697,development,342208
18698,final_holdout,342475
18699,final_holdout,343053
18700,development,343913
18701,final_holdout,345064
18702,development,346207
18703,final_holdout,346853
18704,development,348159
18705,development,348986
18706,development,349359
18707,development,349908
18708,development,350660
18709,development,351034
18710,development,351378
18711,development,351500
18712,final_holdout,353018
18713,development,353221
18714,final_holdout,354171
18715,development,354173
18716,development,354992
18717,development,355143
18718,development,355663
18719,development,355738
18720,development,357219
18721,development,357297
18722,development,358808
18723,development,359156
18724,development,359417
18725,development,359640
18726,final_holdout,359883
18727,development,360024
18728,development,360726
18729,development,361837
18730,development,362668
18731,final_holdout,363749
18732,development,366492
18733,development,366649
18734,development,367696
18735,development,368507
18736,final_holdout,368886
18737,development,369811
18738,development,370312
18739,final_holdout,371169
18740,development,371787
18741,development,371810
18742,development,373135
18743,final_holdout,373613
18744,development,376109
18745,development,377046
18746,development,377244
18747,development,377274
18748,development,378884
18749,development,378950
18750,development,379234
18751,development,379558
18752,final_holdout,381365
18753,development,382086
18754,development,382160
18755,development,383018
18756,development,383316
18757,development,383541
18758,development,383558
18759,development,383748
18760,development,383907
18761,final_holdout,383946
18762,development,384866
18763,development,385578
18764,development,387174
18765,development,387447
18766,development,387635
18767,development,388323
18768,final_holdout,389759
18769,development,389773
18770,development,390400
18771,development,390440
18772,development,391343
18773,development,391613
18774,development,391630
18775,development,391822
18776,final_holdout,391891
18777,final_holdout,392691
18778,development,393918
18779,development,393934
18780,final_holdout,394347
18781,final_holdout,394937
18782,development,395367
18783,final_holdout,395463
18784,development,395588
18785,development,396679
18786,development,396739
18787,development,397310
18788,development,398040
18789,development,398118
18790,development,398656
18791,development,398862
18792,development,399895
18793,development,400004
18794,development,400010
18795,development,400087
18796,development,400632
18797,development,401812
18798,development,402531
18799,final_holdout,403158
18800,development,404135
18801,development,404147
18802,development,404170
18803,development,404559
18804,development,405219
18805,development,405314
18806,development,405889
18807,development,407371
18808,development,407670
18809,development,407681
18810,final_holdout,407818
18811,development,407968
18812,development,408372
18813,development,408651
18814,development,408753
18815,development,409663
18816,development,410874
18817,development,411013
18818,development,411553
18819,development,412025
18820,final_holdout,412102
18821,development,412263
18822,final_holdout,412307
18823,development,413705
18824,final_holdout,414258
18825,development,415952
18826,development,415988
18827,development,416229
18828,development,416696
18829,development,416725
18830,development,418634
18831,development,418998
18832,development,419228
18833,development,419565
18834,development,419791
18835,final_holdout,419946
18836,development,420096
18837,development,420673
18838,development,420699
18839,final_holdout,420720
18840,development,420894
18841,final_holdout,422061
18842,final_holdout,422087
18843,development,422280
18844,development,422340
18845,development,423601
18846,development,423985
18847,development,424544
18848,development,425748
18849,development,425755
18850,final_holdout,425997
18851,final_holdout,426074
18852,development,426465
18853,development,427348
18854,development,428142
18855,development,428641
18856,development,428932
18857,development,428979
18858,development,429162
18859,development,430554
18860,development,430870
18861,final_holdout,431251
18862,development,431268
18863,development,432222
18864,final_holdout,432532
18865,final_holdout,434298
18866,final_holdout,434476
18867,development,435043
18868,final_holdout,435258
18869,development,437246
18870,development,437752
18871,development,437872
18872,development,438323
18873,final_holdout,438452
18874,development,439002
18875,final_holdout,440632
18876,development,440825
18877,development,440851
18878,development,440911
18879,development,441954
18880,development,442436
18881,development,443563
18882,development,443696
18883,development,443950
18884,development,443989
18885,final_holdout,446440
18886,development,447036
18887,development,447127
18888,final_holdout,464785
18889,final_holdout,465175
18890,development,465312
18891,development,465430
18892,development,465719
18893,development,466203
18894,development,466329
18895,development,466599
18896,development,466828
18897,final_holdout,467416
18898,final_holdout,467506
18899,final_holdout,467700
18900,final_holdout,467725
18901,development,467854
18902,development,468497
18903,development,468908
18904,development,469154
18905,development,469743
18906,development,470786
18907,development,471977
18908,development,472602
18909,development,472810
18910,development,473102
18911,development,473162
18912,development,473789
18913,final_holdout,474677
18914,development,475681
18915,development,476194
18916,final_holdout,476845
18917,development,476946
18918,development,477185
18919,development,477812
18920,final_holdout,478279
18921,final_holdout,478337
18922,final_holdout,478432
18923,development,478660
18924,development,478685
18925,development,479057
18926,development,479356
18927,development,479764
18928,development,479860
18929,final_holdout,479922
18930,development,480014
18931,final_holdout,480181
18932,development,480199
18933,development,480937
18934,development,480960
18935,development,480981
18936,final_holdout,480984
18937,development,481227
18938,development,481367
18939,development,481453
18940,development,482071
18941,development,482187
18942,final_holdout,482264
18943,development,482268
18944,development,482275
18945,development,482513
18946,development,483620
18947,development,483743
18948,development,483872
18949,development,483997
18950,development,484165
18951,final_holdout,484242
18952,development,484458
18953,development,484556
18954,development,484780
18955,development,484790
18956,development,484947
18957,development,485528
18958,development,485544
18959,final_holdout,485768
18960,development,486007
18961,development,486145
18962,final_holdout,487168
18963,final_holdout,487271
18964,development,487636
18965,final_holdout,488386
18966,development,488675
18967,development,488968
18968,development,489443
18969,development,490082
18970,development,490156
18971,development,490195
18972,development,490284
18973,development,491004
18974,final_holdout,491503
18975,development,491636
18976,development,494164
18977,development,494165
18978,development,494340
18979,development,494443
18980,final_holdout,494622
18981,development,494866
18982,development,494903
18983,development,495621
18984,development,495776
18985,development,496470
18986,development,496491
18987,development,496561
18988,final_holdout,496657
18989,development,496671
18990,final_holdout,497102
18991,development,497139
18992,development,497180
18993,final_holdout,497211
18994,final_holdout,497226
18995,final_holdout,497410
18996,development,497855
18997,development,497897
18998,final_holdout,498269
18999,development,498554
19000,development,498578
19001,development,498636
19002,development,499244
19003,development,499354
19004,final_holdout,499372
19005,development,499993
19006,development,500230
19007,development,500652
19008,final_holdout,501493
19009,development,501755
19010,development,501869
19011,development,502512
19012,development,502531
19013,development,502900
19014,development,502973
19015,development,503544
19016,final_holdout,503668
19017,development,504157
19018,development,504162
19019,development,504190
19020,development,504200
19021,final_holdout,504231
19022,development,504243
19023,development,504533
19024,development,504737
19025,development,504824
19026,final_holdout,504956
19027,final_holdout,505002
19028,development,505199
19029,development,505315
19030,final_holdout,505333
19031,development,505488
19032,development,505508
19033,development,506321
19034,development,506412
19035,development,506930
19036,development,507034
19037,development,508068
19038,development,508288
19039,development,508572
19040,development,508749
19041,development,508830
19042,development,508927
19043,development,510027
19044,development,510186
19045,development,510335
19046,development,510693
19047,final_holdout,510759
19048,development,510883
19049,development,511340
19050,development,511762
19051,development,511990
19052,development,512961
19053,development,513172
19054,development,513266
19055,development,513268
19056,development,513428
19057,development,514096
19058,development,514580
19059,final_holdout,514675
19060,development,514756
19061,development,514903
19062,final_holdout,514913
19063,development,514969
19064,development,515070
19065,development,515844
19066,development,515938
19067,development,516435
19068,development,517062
19069,development,517195
19070,development,517269
19071,development,517349
19072,final_holdout,517362
19073,development,517486
19074,development,517569
19075,final_holdout,517850
19076,development,518288
19077,development,518385
19078,development,518412
19079,final_holdout,518771
19080,development,518831
19081,final_holdout,519155
19082,development,519472
19083,development,519510
19084,development,519540
19085,development,519715
19086,development,519936
19087,development,519969
19088,development,520073
19089,development,520082
19090,development,520097
19091,development,520187
19092,development,520360
19093,development,520544
19094,final_holdout,520711
19095,development,520857
19096,development,521109
19097,development,521377
19098,development,521526
19099,development,522023
19100,development,522433
19101,development,522479
19102,development,522718
19103,development,522743
19104,development,522850
19105,final_holdout,522859
19106,development,522862
19107,development,522923
19108,development,523142
19109,development,523335
19110,development,523700
19111,development,523833
19112,development,523841
19113,development,523940
19114,development,524227
19115,development,524361
19116,development,524377
19117,development,524431
19118,development,524466
19119,development,524825
19120,development,524984
19121,development,525412
19122,development,525469
19123,development,525490
19124,development,525512
19125,development,525557
19126,development,525624
19127,development,525632
19128,development,525700
19129,development,526060
19130,development,526151
19131,development,526303
19132,development,526417
19133,final_holdout,526527
19134,development,526549
19135,development,526551
19136,development,526559
19137,final_holdout,526589
19138,development,526761
19139,final_holdout,526818
19140,development,526819
19141,development,526896
19142,development,526927
19143,development,526980
19144,development,527225
19145,final_holdout,527601
19146,development,527622
19147,development,527685
19148,development,527744
19149,development,527927
19150,development,527991
19151,development,528075
19152,development,528264
19153,development,528270
19154,development,528302
19155,development,528351
19156,development,528424
19157,final_holdout,528509
19158,final_holdout,528517
19159,development,528662
19160,development,528713
19161,development,528734
19162,development,528782
19163,final_holdout,528992
19164,development,529030
19165,development,529097
19166,development,529175
19167,development,529240
19168,final_holdout,529297
19169,development,529349
19170,development,529366
19171,development,529381
19172,development,529412
19173,development,529486
19174,development,529493
19175,development,529561
19176,development,529563
19177,final_holdout,529565
19178,final_holdout,529566
19179,development,529567
19180,final_holdout,529569
19181,final_holdout,529572
19182,development,529644
19183,development,529689
19184,development,529762
19185,development,529834
19186,development,529864
19187,development,529870
19188,development,529871
19189,development,529991
19190,development,530057
19191,development,530296
19192,development,530344
19193,final_holdout,530445
19194,development,530558
19195,development,530567
19196,development,530676
19197,development,530736
19198,development,530802
19199,final_holdout,530852
19200,development,530853
19201,final_holdout,530862
19202,final_holdout,530944
19203,development,531077
19204,development,531124
19205,final_holdout,531182
19206,development,531190
19207,development,531270
19208,development,531294
19209,final_holdout,531397
19210,development,531448
19211,development,531629
19212,development,531709
19213,development,531791
19214,development,531894
19215,development,531905
19216,final_holdout,532049
19217,development,532050
19218,development,532062
19219,development,532428
19220,development,532436
19221,final_holdout,532464
19222,development,532575
19223,development,532578
19224,final_holdout,532579
19225,final_holdout,532589
19226,development,532608
19227,development,532627
19228,final_holdout,532703
19229,final_holdout,532715
19230,development,532968
19231,development,533016
19232,development,533044
19233,development,533134
19234,development,533172
19235,development,533198
19236,development,533201
19237,development,533321
19238,development,533348
19239,development,533485
19240,development,533535
19241,development,533614
19242,development,533709
19243,development,533929
19244,development,533997
19245,development,534014
19246,final_holdout,534037
19247,development,534064
19248,development,534234
19249,development,534346
19250,final_holdout,534431
19251,development,534602
19252,final_holdout,534609
19253,final_holdout,534750
19254,development,534784
19255,final_holdout,534792
19256,development,534854
19257,development,534856
19258,development,534892
19259,development,534913
19260,development,534952
19261,development,534958
19262,development,534962
19263,development,534989
19264,development,535037
19265,development,535052
19266,development,535228
19267,final_holdout,535276
19268,development,535324
19269,development,535390
19270,development,535460
19271,final_holdout,535628
19272,development,535662
19273,final_holdout,535804
19274,development,536038
19275,final_holdout,536046
19276,development,536103
19277,development,536125
19278,development,536147
19279,development,536178
19280,development,536214
19281,final_holdout,536455
19282,development,536556
19283,development,536591
19284,development,536593
19285,development,536681
19286,development,536698
19287,final_holdout,536843
19288,development,536906
19289,development,536930
19290,development,536950
19291,development,537028
19292,development,537133
19293,development,537335
19294,development,537394
19295,development,537515
19296,development,537645
19297,development,537656
19298,development,537672
19299,development,537674
19300,development,537683
19301,development,537687
19302,final_holdout,537700
19303,development,537728
19304,development,537955
19305,development,537980
19306,development,537995
19307,development,538045
19308,development,538051
19309,development,538202
19310,development,538916
19311,development,538941
19312,development,538949
19313,development,539117
19314,final_holdout,539219
19315,development,539241
19316,development,539308
19317,development,539332
19318,development,539359
19319,development,539364
19320,development,539401
19321,development,539440
19322,development,539468
19323,final_holdout,539497
19324,development,539514
19325,development,539759
19326,final_holdout,539774
19327,development,539886
19328,development,539896
19329,development,539922
19330,final_holdout,539953
19331,development,539963
19332,final_holdout,539994
19333,development,540054
19334,development,540147
19335,final_holdout,540155
19336,development,540160
19337,development,540209
19338,development,540224
19339,development,540549
19340,development,540577
19341,final_holdout,540581
19342,final_holdout,540713
19343,final_holdout,540727
19344,development,540800
19345,development,540801
19346,development,540997
19347,development,541101
19348,development,541327
19349,development,541349
19350,development,541369
19351,development,541418
19352,final_holdout,541521
19353,development,541579
19354,development,541753
19355,development,541781
19356,development,541923
19357,final_holdout,541999
19358,final_holdout,542003
19359,development,542020
19360,development,542026
19361,development,542100
19362,final_holdout,542356
19363,development,542386
19364,development,542506
19365,development,542536
19366,development,542550
19367,development,542635
19368,development,542646
19369,final_holdout,542653
19370,development,542657
19371,development,542987
19372,development,543010
19373,development,543019
19374,development,543054
19375,development,543113
19376,development,543155
19377,development,543295
19378,development,543384
19379,development,543415
19380,final_holdout,543436
19381,development,543447
19382,development,543536
19383,development,543599
19384,development,543643
19385,development,543785
19386,final_holdout,543798
19387,final_holdout,543818
19388,development,544021
19389,final_holdout,544055
19390,development,544098
19391,development,544173
19392,development,544195
19393,development,544212
19394,final_holdout,544249
19395,final_holdout,544279
19396,development,544295
19397,development,544313
19398,development,544479
19399,development,544530
19400,development,544543
19401,development,544651
19402,development,544697
19403,development,544847
19404,development,544850
19405,development,544880
19406,development,544894
19407,final_holdout,544930
19408,development,544963
19409,development,544991
19410,final_holdout,545048
19411,development,545080
19412,development,545229
19413,development,545377
19414,development,545379
19415,development,545384
19416,development,545485
19417,development,545604
19418,final_holdout,545720
19419,development,545751
19420,development,545791
19421,development,545909
19422,development,545918
19423,development,545944
19424,development,545951
19425,development,546048
19426,development,546141
19427,development,546215
19428,development,546262
19429,development,546329
19430,development,546348
19431,development,546396
19432,development,546408
19433,development,546412
19434,development,546431
19435,development,546439
19436,development,546464
19437,final_holdout,546563
19438,development,546583
19439,development,546682
19440,final_holdout,546780
19441,development,546868
19442,development,546912
19443,development,546925
19444,development,546932
19445,development,547014
19446,development,547128
19447,final_holdout,547228
19448,final_holdout,547302
19449,development,547399
19450,development,547400
19451,development,547534
19452,final_holdout,547581
19453,final_holdout,547876
19454,development,547884
19455,development,547953
19456,development,548043
19457,development,548057
19458,development,548087
19459,development,548095
19460,final_holdout,548099
19461,final_holdout,548180
19462,final_holdout,548219
19463,development,548312
19464,final_holdout,548352
19465,development,548415
19466,development,548459
19467,development,548521
19468,development,548547
19469,development,548573
19470,development,548608
19471,development,548741
19472,development,548759
19473,development,548764
19474,development,548819
19475,final_holdout,548857
19476,development,548893
19477,development,548926
19478,development,548938
19479,development,548948
19480,final_holdout,548969
19481,development,549014
19482,development,549056
19483,final_holdout,549065
19484,development,549093
19485,development,549149
19486,development,549239
19487,development,549311
19488,final_holdout,549343
19489,development,549369
19490,development,549370
19491,development,549410
19492,development,549420
19493,development,549504
19494,final_holdout,549505
19495,development,549513
19496,development,549517
19497,development,549537
19498,development,549596
19499,final_holdout,549626
19500,development,549670
19501,final_holdout,549706
19502,final_holdout,549751
19503,development,549790
19504,development,549792
19505,development,549825
19506,development,549898
19507,development,549904
19508,development,550024
19509,development,550026
19510,development,550095
19511,development,550123
19512,development,550246
19513,development,550272
19514,development,550287
19515,development,550435
19516,development,550470
19517,development,550495
19518,final_holdout,550610
19519,development,550617
19520,development,550651
19521,development,550736
19522,development,550763
19523,development,550787
19524,development,550792
19525,final_holdout,550797
19526,final_holdout,550802
19527,development,550813
19528,final_holdout,550853
19529,development,550866
19530,development,550909
19531,final_holdout,550933
19532,final_holdout,550961
19533,development,551027
19534,development,551052
19535,development,551058
19536,development,551061
19537,development,551134
19538,development,551137
19539,development,551142
19540,final_holdout,551156
19541,development,551190
19542,development,551212
19543,development,551258
19544,development,551287
19545,development,551311
19546,final_holdout,551397
19547,development,551482
19548,development,551495
19549,development,551528
19550,development,551583
19551,development,551602
19552,final_holdout,551688
19553,development,551730
19554,development,551764
19555,development,551791
19556,development,551796
19557,development,551805
19558,final_holdout,552057
19559,final_holdout,552142
19560,development,552228
19561,development,552284
19562,final_holdout,552320
19563,development,552374
19564,development,552395
19565,development,552450
19566,development,552491
19567,development,552560
19568,development,552567
19569,development,552580
19570,development,552648
19571,development,552708
19572,development,552721
19573,final_holdout,552740
19574,development,552834
19575,development,552987
19576,development,553017
19577,development,553100
19578,development,553104
19579,development,553131
19580,development,553155
19581,development,553220
19582,development,553262
19583,development,553325
19584,development,553404
19585,development,553425
19586,final_holdout,553500
19587,development,553528
19588,development,553649
19589,development,553655
19590,development,553727
19591,development,553781
19592,development,553813
19593,development,553831
19594,final_holdout,553834
19595,development,553841
19596,final_holdout,553878
19597,final_holdout,553963
19598,final_holdout,554038
19599,development,554044
19600,development,554166
19601,development,554236
19602,development,554256
19603,development,554289
19604,development,554331
19605,development,554365
19606,development,554372
19607,development,554435
19608,development,554476
19609,development,554558
19610,development,554592
19611,final_holdout,554620
19612,development,554664
19613,development,554748
19614,development,554761
19615,development,554813
19616,development,554852
19617,development,554888
19618,final_holdout,554908
19619,development,554919
19620,development,554923
19621,development,554940
19622,final_holdout,554946
19623,development,555144
19624,development,555168
19625,development,555178
19626,development,555250
19627,development,555349
19628,development,555444
19629,final_holdout,555503
19630,development,555609
19631,final_holdout,555619
19632,final_holdout,555709
19633,development,555786
19634,development,556004
19635,final_holdout,556022
19636,development,556121
19637,development,556126
19638,development,556133
19639,development,556153
19640,development,556210
19641,final_holdout,556251
19642,development,556302
19643,development,556351
19644,development,556391
19645,development,556404
19646,development,556408
19647,development,556429
19648,development,556440
19649,final_holdout,556492
19650,development,556498
19651,development,556540
19652,development,556542
19653,final_holdout,556567
19654,development,556659
19655,final_holdout,556783
19656,development,556880
19657,final_holdout,556911
19658,final_holdout,556924
19659,development,556931
19660,development,556945
19661,development,556970
19662,development,557053
19663,development,557089
19664,development,557129
19665,development,557177
19666,development,557203
19667,development,557314
19668,final_holdout,557345
19669,development,557388
19670,development,557445
19671,development,557469
19672,development,557542
19673,development,557586
19674,development,557710
19675,development,557735
19676,development,557773
19677,development,557787
19678,development,557792
19679,development,557811
19680,development,557840
19681,final_holdout,557877
19682,final_holdout,557891
19683,development,557908
19684,development,558018
19685,development,558098
19686,development,558104
19687,final_holdout,558199
19688,final_holdout,558208
19689,development,558244
19690,development,558262
19691,final_holdout,558280
19692,development,558404
19693,development,558489
19694,development,558503
19695,final_holdout,558558
19696,development,558597
19697,development,558628
19698,development,558692
19699,development,558760
19700,development,558770
19701,development,558772
19702,development,558776
19703,final_holdout,558801
19704,final_holdout,558807
19705,development,558851
19706,development,558854
19707,development,558907
19708,development,558915
19709,development,558963
19710,final_holdout,559004
19711,development,559058
19712,development,559062
19713,final_holdout,559155
19714,development,559325
19715,development,559335
19716,development,559397
19717,development,559405
19718,development,559423
19719,development,559440
19720,development,559449
19721,development,559451
19722,development,559454
19723,final_holdout,559496
19724,development,559589
19725,development,559594
19726,development,559609
19727,final_holdout,559642
19728,development,559688
19729,development,559760
19730,final_holdout,559768
19731,final_holdout,559770
19732,development,559785
19733,development,559856
19734,development,559991
19735,development,560010
19736,development,560022
19737,development,560046
19738,final_holdout,560067
19739,final_holdout,560072
19740,development,560182
19741,development,560199
19742,development,560207
19743,final_holdout,560404
19744,development,560410
19745,development,560425
19746,development,560431
19747,final_holdout,560496
19748,final_holdout,560585
19749,development,928248
19750,final_holdout,962951
19751,development,988019
19752,development,999174
19753,final_holdout,1026777
19754,final_holdout,1034674
19755,development,1054876
19756,development,1073767
19757,development,1090738
19758,final_holdout,1097354
19759,final_holdout,1118284
19760,development,1337055
19761,development,1347198
19762,development,1397662
19763,final_holdout,1436558
19764,development,1440072
19765,development,1442706
19766,development,1444520
19767,development,1464952
19768,development,1500410
19769,development,1510285
19770,development,1531287
19771,final_holdout,1532840
19772,development,1534560
19773,development,1536138
19774,development,1554143
19775,development,1558539
19776,final_holdout,1562320
19777,development,1614181
19778,development,1627071
19779,final_holdout,1651020
19780,development,1668504
19781,development,1689730
19782,development,1699445
19783,development,1720712
19784,development,1742834
19785,development,1761013
19786,development,1766303
19787,development,1772429
19788,development,1784775
19789,development,1788974
19790,final_holdout,1809578
19791,development,1813486
19792,development,1821249
19793,development,1833107
19794,development,1836988
19795,final_holdout,1839012
19796,final_holdout,1844150
19797,development,1846751
19798,development,1861445
19799,development,1867563
19800,development,1870830
19801,development,1878918
19802,development,1882255
19803,development,1896915
19804,development,1904916
19805,development,1905259
19806,development,1907755
19807,development,1913435
19808,final_holdout,1917796
19809,development,1919940
19810,development,1930949
19811,development,1934810
19812,development,1936679
19813,development,1966591
19814,development,1974271
19815,development,1990127
19816,development,1997164
19817,development,2000491
19818,final_holdout,2001665
19819,development,2012900
19820,development,2031252
19821,final_holdout,2034533
19822,final_holdout,2045440
19823,final_holdout,2045818
19824,development,2051035
19825,development,2054019
19826,development,2057105
19827,development,2060467
19828,development,2068918
19829,final_holdout,2087100
19830,development,2090053
19831,development,2108821
19832,development,2139037
19833,development,2140087
19834,development,2141085
19835,development,2142853
19836,development,2143065
19837,development,2156733
19838,development,2158399
19839,development,2182255
19840,development,2189002
19841,development,2195318
19842,development,2195971
19843,development,2197511
19844,development,2231810
19845,development,2252905
19846,development,2254252
19847,development,2272874
19848,development,2280739
19849,development,2281483
19850,final_holdout,2288454
19851,development,2327494
19852,development,2338255
19853,development,2338422
19854,development,2341415
19855,final_holdout,2343293
19856,final_holdout,2346679
19857,development,2348120
19858,development,2352280
19859,development,2354732
19860,development,2362169
19861,final_holdout,2364565
19862,final_holdout,2367887
19863,development,2375526
19864,development,2381745
19865,development,2383921
19866,development,2387054
19867,development,2389267
19868,final_holdout,2392327
19869,development,2395804
19870,development,2407762
19871,development,2413191
19872,development,2419926
19873,development,2424750
19874,development,2434017
19875,final_holdout,2436089
19876,final_holdout,2436873
19877,development,2439239
19878,development,2441910
19879,development,2445410
19880,final_holdout,2457147
19881,development,2474925
19882,development,2479413
19883,development,2481646
19884,final_holdout,2488251
19885,development,2496748
19886,final_holdout,2507271
19887,development,2508403
19888,development,2510667
19889,development,2514431
19890,development,2514949
19891,development,2521655
19892,development,2522335
19893,development,2525062
19894,development,2532320
19895,development,2532323
19896,final_holdout,2532840
19897,development,2533504
19898,development,2546095
19899,development,2552831
19900,development,2553363
19901,development,2560595
19902,development,2567054
19903,development,2567288
19904,development,2567561
19905,development,2568893
19906,development,2578992
19907,development,2578996
19908,development,2586748
19909,development,2590999
19910,development,2599162
19911,development,2600887
19912,development,2604212
19913,development,2613930
19914,development,2617541
19915,development,2623196
19916,development,2623427
19917,development,2639410
19918,development,2642994
19919,development,2643574
19920,development,2646317
19921,development,2647043
19922,final_holdout,2650929
19923,development,2654409
19924,development,2657781
19925,development,2658271
19926,development,2672734
19927,development,2676920
19928,development,2678429
19929,development,2684993
19930,development,2685154
19931,development,2686074
19932,final_holdout,2686866
19933,development,2686875
19934,development,2687045
19935,development,2688202
19936,development,2691740
19937,development,26247
19938,final_holdout,29335
19939,development,29769
19940,development,32221
19941,final_holdout,33600
19942,final_holdout,34731
19943,development,42616
19944,development,43958
19945,development,47924
19946,development,50487
19947,development,51485
19948,development,51576
19949,development,53166
19950,development,53626
19951,development,54882
19952,development,55013
19953,development,55419
19954,development,57844
19955,final_holdout,58077
19956,development,58640
19957,development,63295
19958,development,64388
19959,final_holdout,66451
19960,development,68107
19961,development,69346
19962,development,70495
19963,development,71252
19964,development,72864
19965,development,77744
19966,final_holdout,77746
19967,development,79261
19968,development,81536
19969,final_holdout,86669
19970,final_holdout,88781
19971,development,90901
19972,final_holdout,91629
19973,development,95746
19974,final_holdout,100064
19975,development,100788
19976,development,101217
19977,development,101420
19978,development,102028
19979,development,102343
19980,development,104213
19981,development,105629
19982,development,107028
19983,final_holdout,107084
19984,development,110881
19985,final_holdout,111678
19986,final_holdout,113565
19987,development,114500
19988,development,116290
19989,development,116499
19990,development,116529
19991,development,116631
19992,development,116808
19993,final_holdout,117232
19994,development,118050
19995,development,124379
19996,final_holdout,126074
19997,development,127642
19998,development,130658
19999,development,132453
20000,development,133019
20001,development,133185
20002,development,133718
20003,final_holdout,134847
20004,development,136894
20005,development,137903
20006,development,139190
20007,development,139278
20008,final_holdout,139701
20009,development,141648
20010,development,144562
20011,development,144959
20012,development,146738
20013,development,148328
20014,development,152587
20015,development,152887
20016,final_holdout,154057
20017,final_holdout,154059
20018,development,154191
20019,development,155298
20020,development,156171
20021,development,157647
20022,development,160310
20023,final_holdout,160934
20024,final_holdout,160946
20025,final_holdout,162809
20026,development,163120
20027,development,168229
20028,development,169908
20029,final_holdout,170030
20030,final_holdout,170943
20031,development,171304
20032,final_holdout,171549
20033,development,171692
20034,development,173412
20035,development,174468
20036,development,175453
20037,final_holdout,177568
20038,development,178118
20039,development,180974
20040,final_holdout,184473
20041,development,184627
20042,development,184720
20043,development,187199
20044,final_holdout,188524
20045,final_holdout,190910
20046,development,192680
20047,development,198691
20048,final_holdout,199361
20049,final_holdout,200278
20050,development,202713
20051,development,206342
20052,final_holdout,206599
20053,development,227254
20054,development,228695
20055,development,229417
20056,development,231024
20057,development,231320
20058,development,231606
20059,development,232347
20060,development,232660
20061,final_holdout,232764
20062,development,232856
20063,development,233087
20064,development,234068
20065,development,235131
20066,development,235670
20067,final_holdout,235706
20068,final_holdout,235978
20069,final_holdout,237387
20070,development,238150
20071,development,241039
20072,development,242491
20073,development,243396
20074,development,244205
20075,development,245283
20076,development,248882
20077,development,249750
20078,development,251405
20079,development,251965
20080,development,253516
20081,final_holdout,253767
20082,development,254446
20083,development,255310
20084,development,256905
20085,development,257887
20086,development,257970
20087,final_holdout,261205
20088,development,261525
20089,development,262403
20090,development,264164
20091,development,265268
20092,final_holdout,265978
20093,development,268153
20094,development,269245
20095,final_holdout,269508
20096,development,271274
20097,development,272623
20098,final_holdout,273442
20099,final_holdout,273782
20100,development,274443
20101,development,276388
20102,development,276808
20103,development,278955
20104,development,279085
20105,development,279750
20106,development,281638
20107,development,282385
20108,development,282975
20109,development,283953
20110,development,284036
20111,development,284395
20112,development,284636
20113,development,286442
20114,development,287079
20115,development,289221
20116,development,289304
20117,development,289826
20118,development,290521
20119,development,291237
20120,development,291516
20121,development,291745
20122,development,293317
20123,final_holdout,295255
20124,development,299281
20125,development,299886
20126,final_holdout,302071
20127,final_holdout,302566
20128,development,303937
20129,final_holdout,304240
20130,development,304589
20131,development,305858
20132,development,307245
20133,development,307676
20134,development,309150
20135,development,309893
20136,development,310646
20137,final_holdout,311151
20138,development,312760
20139,development,313206
20140,final_holdout,313700
20141,development,314776
20142,development,315808
20143,development,316061
20144,development,316098
20145,final_holdout,316541
20146,final_holdout,318627
20147,development,319578
20148,development,320437
20149,final_holdout,321486
20150,development,321969
20151,development,323480
20152,development,323984
20153,development,324331
20154,final_holdout,324672
20155,development,325368
20156,final_holdout,325750
20157,development,326056
20158,development,329655
20159,development,330192
20160,development,330347
20161,development,330723
20162,development,331039
20163,development,331417
20164,development,333710
20165,development,334476
20166,development,334669
20167,development,335476
20168,final_holdout,335562
20169,development,335582
20170,development,335644
20171,development,335726
20172,development,338536
20173,development,338806
20174,development,338975
20175,final_holdout,340647
20176,development,341096
20177,final_holdout,341361
20178,development,341470
20179,final_holdout,341839
20180,final_holdout,342155
20181,development,342953
20182,development,343419
20183,development,343658
20184,development,343828
20185,development,344787
20186,development,347484
20187,final_holdout,347809
20188,development,348717
20189,final_holdout,348783
20190,final_holdout,349219
20191,development,349247
20192,development,349676
20193,final_holdout,351170
20194,final_holdout,351505
20195,development,353790
20196,development,354550
20197,development,355293
20198,development,355335
20199,development,356397
20200,development,357851
20201,development,359149
20202,development,360581
20203,final_holdout,360747
20204,development,360986
20205,development,361837
20206,final_holdout,363273
20207,development,363738
20208,development,364790
20209,development,364974
20210,development,367510
20211,development,367605
20212,development,368315
20213,development,368935
20214,final_holdout,369208
20215,final_holdout,371133
20216,development,371247
20217,development,371869
20218,development,372262
20219,development,377705
20220,development,379070
20221,development,379843
20222,final_holdout,380435
20223,development,380710
20224,development,381058
20225,final_holdout,381365
20226,final_holdout,381414
20227,development,381959
20228,development,382156
20229,final_holdout,382738
20230,development,383517
20231,final_holdout,384227
20232,development,385033
20233,final_holdout,385195
20234,development,385209
20235,development,385547
20236,development,387507
20237,development,388754
20238,development,389208
20239,development,391187
20240,development,392210
20241,development,392427
20242,development,392692
20243,development,393526
20244,development,393698
20245,development,393827
20246,development,394218
20247,development,394239
20248,development,395107
20249,development,395373
20250,development,395696
20251,development,395814
20252,final_holdout,396502
20253,development,397292
20254,development,397470
20255,development,397506
20256,development,399863
20257,development,400145
20258,development,400266
20259,final_holdout,401824
20260,development,401866
20261,development,402458
20262,development,402662
20263,development,404536
20264,development,404631
20265,development,405314
20266,development,406254
20267,development,409040
20268,development,409276
20269,development,410838
20270,development,411939
20271,final_holdout,412697
20272,development,413137
20273,development,413747
20274,development,413950
20275,development,415724
20276,development,416304
20277,development,416696
20278,final_holdout,417135
20279,development,417414
20280,development,417663
20281,development,418007
20282,development,418340
20283,development,419024
20284,development,419565
20285,development,419990
20286,development,420867
20287,development,421070
20288,development,422006
20289,development,424171
20290,development,424437
20291,development,425218
20292,development,426137
20293,development,426768
20294,development,427802
20295,development,428195
20296,development,429832
20297,development,432336
20298,development,432474
20299,final_holdout,432592
20300,development,432703
20301,development,434617
20302,development,436044
20303,development,438063
20304,development,438313
20305,development,438644
20306,development,439053
20307,final_holdout,439203
20308,development,440851
20309,development,441606
20310,development,442432
20311,development,442670
20312,development,443753
20313,development,443954
20314,development,444266
20315,development,444619
20316,development,444697
20317,development,444856
20318,development,445410
20319,development,445776
20320,development,446628
20321,development,447459
20322,final_holdout,464616
20323,development,464981
20324,development,465009
20325,development,465893
20326,development,465900
20327,development,466425
20328,development,466807
20329,development,467243
20330,development,467504
20331,development,467524
20332,development,467685
20333,final_holdout,467901
20334,final_holdout,468947
20335,development,470001
20336,development,470037
20337,development,470461
20338,development,470870
20339,development,471973
20340,development,473081
20341,development,473491
20342,development,473896
20343,final_holdout,474126
20344,development,474949
20345,development,475253
20346,final_holdout,475699
20347,final_holdout,476520
20348,development,478332
20349,development,478583
20350,development,479828
20351,development,479845
20352,development,480025
20353,development,481092
20354,development,481314
20355,final_holdout,483626
20356,development,483724
20357,development,484125
20358,final_holdout,484242
20359,development,484312
20360,development,484475
20361,development,484574
20362,development,485671
20363,development,485885
20364,development,486511
20365,development,486551
20366,development,486948
20367,development,487002
20368,development,488136
20369,development,488324
20370,final_holdout,488394
20371,development,489087
20372,development,489146
20373,development,489560
20374,development,490449
20375,development,490505
20376,final_holdout,491606
20377,development,491756
20378,development,492557
20379,development,492851
20380,development,493539
20381,development,494046
20382,development,494143
20383,final_holdout,494335
20384,development,494495
20385,development,494975
20386,development,495948
20387,development,496801
20388,development,497349
20389,development,498031
20390,final_holdout,498898
20391,final_holdout,498972
20392,final_holdout,499386
20393,final_holdout,499564
20394,development,500067
20395,development,500099
20396,development,500137
20397,final_holdout,500772
20398,development,501336
20399,final_holdout,501425
20400,final_holdout,501871
20401,development,501922
20402,development,502249
20403,final_holdout,502361
20404,development,502517
20405,development,502531
20406,development,502696
20407,development,502779
20408,development,503352
20409,development,503477
20410,development,503684
20411,development,503764
20412,development,504076
20413,development,504105
20414,development,504300
20415,final_holdout,504321
20416,development,504834
20417,final_holdout,504956
20418,development,505047
20419,development,505153
20420,development,505410
20421,development,505501
20422,development,506289
20423,development,506309
20424,development,506498
20425,development,506550
20426,development,506783
20427,development,507010
20428,development,507084
20429,development,507941
20430,development,508059
20431,final_holdout,508210
20432,development,508274
20433,development,508295
20434,development,508326
20435,development,508388
20436,final_holdout,508469
20437,development,508627
20438,development,508630
20439,final_holdout,508713
20440,development,508804
20441,development,508942
20442,final_holdout,509407
20443,development,509940
20444,development,510534
20445,development,512123
20446,development,512335
20447,development,512859
20448,development,513228
20449,development,514558
20450,final_holdout,514913
20451,development,515285
20452,development,515536
20453,development,515574
20454,final_holdout,515833
20455,development,515857
20456,final_holdout,515859
20457,final_holdout,515888
20458,development,516095
20459,final_holdout,516620
20460,development,516770
20461,development,517349
20462,final_holdout,517481
20463,final_holdout,517731
20464,final_holdout,518364
20465,development,518544
20466,development,518930
20467,development,518937
20468,development,520061
20469,development,520249
20470,development,521109
20471,development,521255
20472,development,521329
20473,development,521788
20474,development,522007
20475,final_holdout,522082
20476,development,522257
20477,final_holdout,522428
20478,development,522740
20479,development,522862
20480,development,522881
20481,development,523599
20482,development,523680
20483,development,523971
20484,development,524384
20485,development,524407
20486,final_holdout,524845
20487,development,524938
20488,final_holdout,524974
20489,development,524996
20490,final_holdout,526601
20491,final_holdout,527148
20492,development,527494
20493,final_holdout,527565
20494,development,527619
20495,final_holdout,527713
20496,development,527775
20497,development,528506
20498,development,528559
20499,development,529197
20500,final_holdout,529201
20501,development,529211
20502,development,529309
20503,development,529490
20504,development,529684
20505,final_holdout,529723
20506,development,529862
20507,development,530043
20508,development,530159
20509,final_holdout,530852
20510,development,530940
20511,development,531953
20512,development,532121
20513,final_holdout,532741
20514,final_holdout,532895
20515,development,533523
20516,development,533975
20517,development,535131
20518,development,535529
20519,development,535671
20520,development,536103
20521,development,536331
20522,development,536711
20523,development,537028
20524,development,537133
20525,development,537328
20526,development,537942
20527,development,539945
20528,development,540503
20529,development,540637
20530,development,541768
20531,development,541783
20532,development,542423
20533,development,542550
20534,development,543607
20535,development,543763
20536,final_holdout,543953
20537,development,544021
20538,final_holdout,544090
20539,development,544092
20540,development,544155
20541,development,544207
20542,development,544289
20543,development,544745
20544,development,545119
20545,development,545916
20546,development,545944
20547,development,546065
20548,final_holdout,546480
20549,final_holdout,546547
20550,development,546643
20551,development,546934
20552,final_holdout,547154
20553,development,547393
20554,development,547773
20555,development,548508
20556,development,548547
20557,development,548666
20558,development,548693
20559,final_holdout,548722
20560,development,549300
20561,development,549397
20562,final_holdout,549523
20563,development,549648
20564,final_holdout,550359
20565,development,550477
20566,development,550556
20567,final_holdout,551245
20568,development,551277
20569,final_holdout,551299
20570,final_holdout,551354
20571,development,551399
20572,final_holdout,551557
20573,development,551745
20574,development,551812
20575,development,552104
20576,development,553187
20577,development,553283
20578,development,553364
20579,development,553427
20580,development,554257
20581,development,554276
20582,development,554470
20583,development,554586
20584,development,554846
20585,development,555440
20586,final_holdout,555498
20587,development,555786
20588,development,555855
20589,development,555895
20590,development,556639
20591,development,556646
20592,development,557012
20593,development,557020
20594,development,557040
20595,development,557044
20596,development,557054
20597,development,557232
20598,development,557385
20599,development,557395
20600,development,557481
20601,development,557545
20602,development,557655
20603,final_holdout,557661
20604,development,557735
20605,development,557766
20606,development,558090
20607,final_holdout,558205
20608,development,558284
20609,development,558301
20610,development,558345
20611,development,558484
20612,final_holdout,558635
20613,development,558893
20614,development,558970
20615,development,559067
20616,development,559428
20617,development,559754
20618,development,559813
20619,development,559863
20620,development,559902
20621,development,559979
20622,development,559999
20623,development,560329
20624,final_holdout,560401
20625,development,560410
20626,development,560592
20627,development,560659
20628,development,560703
20629,final_holdout,560727
20630,development,560934
20631,development,560946
20632,final_holdout,560949
20633,development,561031
20634,development,561068
20635,final_holdout,561268
20636,development,561386
20637,development,561542
20638,development,561714
20639,development,561865
20640,development,561867
20641,development,561868
20642,development,561873
20643,development,561874
20644,development,561878
20645,development,561879
20646,development,561880
20647,development,561889
20648,development,561929
20649,development,561930
20650,development,561976
20651,development,562377
20652,development,562448
20653,development,562460
20654,development,562763
20655,development,562920
20656,development,563014
20657,development,563019
20658,development,563020
20659,development,563051
20660,development,563196
20661,development,563299
20662,development,563636
20663,development,563742
20664,final_holdout,563783
20665,development,563787
20666,development,564119
20667,development,564262
20668,development,564437
20669,development,564702
20670,development,564770
20671,development,564821
20672,development,564981
20673,final_holdout,565469
20674,development,565587
20675,development,565653
20676,development,565698
20677,development,565849
20678,development,565990
20679,development,565997
20680,development,566009
20681,development,566135
20682,development,566172
20683,development,566270
20684,development,566465
20685,final_holdout,566817
20686,development,566823
20687,development,566863
20688,development,566973
20689,development,567165
20690,development,567222
20691,development,567223
20692,development,567312
20693,final_holdout,567676
20694,development,567880
20695,development,567888
20696,development,567901
20697,final_holdout,568084
20698,development,568132
20699,development,568153
20700,development,568184
20701,development,568204
20702,development,568207
20703,development,568234
20704,development,568333
20705,development,568381
20706,final_holdout,568444
20707,final_holdout,568450
20708,final_holdout,568551
20709,development,568592
20710,development,568602
20711,development,568644
20712,development,568763
20713,development,568767
20714,development,568774
20715,development,568910
20716,development,568987
20717,development,568998
20718,development,569016
20719,development,569107
20720,development,569132
20721,final_holdout,569167
20722,final_holdout,569474
20723,final_holdout,569507
20724,final_holdout,569566
20725,development,569609
20726,development,569625
20727,development,569712
20728,development,569807
20729,final_holdout,569994
20730,development,570004
20731,final_holdout,570023
20732,development,570061
20733,development,570213
20734,development,570280
20735,development,570428
20736,development,570455
20737,development,570515
20738,final_holdout,570517
20739,final_holdout,570550
20740,development,570689
20741,development,570717
20742,development,570732
20743,final_holdout,570807
20744,development,570878
20745,development,570978
20746,development,571019
20747,development,571022
20748,development,571117
20749,final_holdout,571355
20750,development,571363
20751,development,571490
20752,development,571575
20753,development,571612
20754,development,571622
20755,final_holdout,571630
20756,development,571638
20757,development,571650
20758,development,571757
20759,development,571800
20760,final_holdout,571802
20761,final_holdout,571828
20762,development,571831
20763,development,571844
20764,development,571859
20765,development,571862
20766,development,571893
20767,development,571926
20768,development,571927
20769,development,571973
20770,development,572003
20771,development,572011
20772,development,572036
20773,development,572047
20774,development,572053
20775,development,572071
20776,development,572076
20777,final_holdout,572116
20778,development,572124
20779,development,572125
20780,development,572179
20781,development,572199
20782,development,572209
20783,development,572213
20784,final_holdout,572250
20785,final_holdout,572265
20786,development,572270
20787,final_holdout,572274
20788,development,572304
20789,development,572346
20790,development,572397
20791,development,572410
20792,final_holdout,572493
20793,development,572505
20794,development,572532
20795,development,572554
20796,final_holdout,572560
20797,development,572584
20798,development,572588
20799,development,572589
20800,development,572634
20801,development,572702
20802,development,572718
20803,development,572769
20804,development,572783
20805,development,572816
20806,development,572845
20807,development,572860
20808,development,572871
20809,final_holdout,573007
20810,development,573093
20811,development,573150
20812,development,573152
20813,development,573166
20814,development,573173
20815,development,573199
20816,development,573224
20817,development,573245
20818,development,573280
20819,development,573291
20820,development,573317
20821,final_holdout,573434
20822,development,573467
20823,development,573481
20824,development,573639
20825,development,573674
20826,final_holdout,573678
20827,development,573696
20828,development,573697
20829,final_holdout,573704
20830,development,573766
20831,development,573860
20832,development,573864
20833,development,573900
20834,development,573901
20835,development,573951
20836,development,574056
20837,development,574070
20838,development,574078
20839,development,574207
20840,development,574245
20841,development,574282
20842,development,574283
20843,final_holdout,574315
20844,development,574382
20845,development,574418
20846,development,574446
20847,final_holdout,574470
20848,development,574534
20849,final_holdout,574551
20850,development,574570
20851,final_holdout,574664
20852,development,574681
20853,development,574683
20854,development,574695
20855,development,574722
20856,final_holdout,574732
20857,development,574735
20858,development,574815
20859,development,574820
20860,development,574845
20861,development,574856
20862,development,574871
20863,development,574874
20864,development,574919
20865,development,574955
20866,development,575003
20867,development,575039
20868,development,575186
20869,development,575265
20870,development,575282
20871,final_holdout,575372
20872,development,575459
20873,development,575512
20874,development,575678
20875,development,575797
20876,development,575822
20877,development,575875
20878,final_holdout,575919
20879,final_holdout,575956
20880,development,576032
20881,development,576088
20882,development,576097
20883,development,576107
20884,development,576205
20885,development,576229
20886,development,576281
20887,final_holdout,576390
20888,development,576399
20889,development,576417
20890,development,576423
20891,development,576431
20892,development,576433
20893,development,576466
20894,development,576512
20895,development,576518
20896,development,576568
20897,development,576672
20898,development,576704
20899,final_holdout,576765
20900,development,576780
20901,final_holdout,576789
20902,development,576791
20903,development,576813
20904,final_holdout,576856
20905,development,576888
20906,development,576921
20907,final_holdout,576972
20908,development,577042
20909,development,577149
20910,development,577222
20911,development,577389
20912,development,577396
20913,development,577404
20914,development,577454
20915,development,577476
20916,development,577533
20917,development,577605
20918,development,577607
20919,development,577640
20920,development,577763
20921,development,577764
20922,development,577797
20923,final_holdout,577867
20924,development,577922
20925,development,577959
20926,development,577999
20927,development,578050
20928,development,578199
20929,final_holdout,578208
20930,development,578276
20931,development,578281
20932,development,578492
20933,development,578497
20934,final_holdout,578519
20935,development,578547
20936,development,578550
20937,development,578561
20938,development,578599
20939,development,578744
20940,development,579038
20941,development,579064
20942,development,579069
20943,final_holdout,579115
20944,development,579176
20945,development,579257
20946,development,579278
20947,development,579354
20948,development,579415
20949,development,579416
20950,development,579482
20951,development,579506
20952,development,579526
20953,final_holdout,579557
20954,development,579685
20955,development,579737
20956,development,580317
20957,development,580342
20958,development,580380
20959,final_holdout,580477
20960,development,580484
20961,final_holdout,580555
20962,development,580657
20963,final_holdout,580702
20964,development,580709
20965,development,580743
20966,development,580779
20967,development,580824
20968,development,580842
20969,development,580867
20970,development,581034
20971,development,581135
20972,development,581219
20973,development,581253
20974,development,581261
20975,final_holdout,581307
20976,development,581332
20977,development,581341
20978,development,581342
20979,development,581410
20980,final_holdout,581412
20981,final_holdout,581486
20982,development,581490
20983,development,581523
20984,final_holdout,581532
20985,development,581563
20986,development,581574
20987,development,581614
20988,final_holdout,581616
20989,development,581656
20990,development,581700
20991,development,581769
20992,development,581770
20993,final_holdout,581787
20994,development,581796
20995,development,581810
20996,final_holdout,581836
20997,development,581838
20998,final_holdout,582003
20999,development,582063
21000,development,582080
21001,development,582108
21002,development,582125
21003,development,582235
21004,development,582275
21005,development,582282
21006,development,582311
21007,development,582364
21008,development,582392
21009,final_holdout,582494
21010,development,582510
21011,development,582562
21012,development,582629
21013,final_holdout,582677
21014,final_holdout,582705
21015,development,582790
21016,development,582950
21017,development,582992
21018,development,583051
21019,development,583070
21020,development,583121
21021,development,583128
21022,final_holdout,583131
21023,development,583149
21024,development,583202
21025,development,583232
21026,development,583236
21027,final_holdout,583286
21028,final_holdout,583381
21029,development,583526
21030,final_holdout,583599
21031,development,583741
21032,development,583824
21033,development,583867
21034,development,583966
21035,development,583993
21036,final_holdout,584040
21037,development,584078
21038,development,584111
21039,final_holdout,584210
21040,development,584214
21041,development,584225
21042,final_holdout,584362
21043,development,584446
21044,development,584468
21045,development,584546
21046,development,584550
21047,development,584594
21048,development,584601
21049,development,584687
21050,development,584771
21051,development,584806
21052,development,585033
21053,development,585050
21054,development,585093
21055,development,585128
21056,development,585149
21057,development,585162
21058,development,585166
21059,development,585222
21060,development,585230
21061,development,585290
21062,development,585301
21063,development,585305
21064,development,585383
21065,development,585409
21066,development,585449
21067,development,585466
21068,development,585484
21069,development,585574
21070,development,585615
21071,final_holdout,585659
21072,development,585724
21073,development,585731
21074,development,585825
21075,final_holdout,585942
21076,development,585965
21077,development,586034
21078,development,586080
21079,development,586224
21080,development,586233
21081,development,586246
21082,development,586251
21083,final_holdout,586259
21084,final_holdout,586281
21085,development,586428
21086,development,586446
21087,final_holdout,586468
21088,development,586477
21089,development,586483
21090,development,586518
21091,development,586543
21092,development,586594
21093,final_holdout,586642
21094,development,586705
21095,final_holdout,586719
21096,development,586753
21097,development,586758
21098,final_holdout,586781
21099,development,586784
21100,final_holdout,586808
21101,development,586851
21102,development,586855
21103,development,586891
21104,development,586906
21105,development,586925
21106,development,586935
21107,development,586957
21108,development,586974
21109,development,587126
21110,development,587178
21111,development,587195
21112,development,587286
21113,development,587294
21114,development,587308
21115,final_holdout,587324
21116,development,587334
21117,development,587369
21118,development,587435
21119,final_holdout,587451
21120,development,587456
21121,development,587462
21122,final_holdout,587594
21123,development,587611
21124,development,587619
21125,development,587685
21126,final_holdout,587690
21127,development,587783
21128,development,587848
21129,development,587859
21130,development,587868
21131,development,587881
21132,development,587976
21133,development,588052
21134,development,588128
21135,final_holdout,588131
21136,development,588156
21137,development,588175
21138,development,588236
21139,development,588261
21140,final_holdout,588560
21141,development,588597
21142,development,588672
21143,final_holdout,588914
21144,development,588925
21145,final_holdout,588971
21146,development,589003
21147,final_holdout,589014
21148,development,589099
21149,development,589178
21150,development,589196
21151,development,589263
21152,development,589295
21153,development,589303
21154,development,589326
21155,development,589409
21156,development,589441
21157,development,589474
21158,development,589490
21159,development,589559
21160,development,589578
21161,development,589583
21162,final_holdout,589587
21163,development,589594
21164,development,589605
21165,development,589707
21166,development,589749
21167,development,589782
21168,development,589828
21169,development,589843
21170,development,589860
21171,final_holdout,589948
21172,development,590128
21173,development,590188
21174,final_holdout,590189
21175,development,590226
21176,final_holdout,590241
21177,final_holdout,590289
21178,development,590328
21179,final_holdout,590403
21180,final_holdout,590461
21181,development,590462
21182,development,590499
21183,final_holdout,590548
21184,development,590701
21185,development,590707
21186,development,590714
21187,development,590749
21188,development,590824
21189,final_holdout,590849
21190,development,590907
21191,final_holdout,590980
21192,final_holdout,590989
21193,development,591008
21194,development,591055
21195,development,591078
21196,development,591219
21197,development,591343
21198,final_holdout,591394
21199,final_holdout,591403
21200,development,591412
21201,development,591516
21202,development,591581
21203,development,591613
21204,development,591655
21205,final_holdout,591685
21206,development,591692
21207,development,591695
21208,development,591735
21209,development,591765
21210,development,591872
21211,development,591893
21212,final_holdout,591940
21213,development,591975
21214,final_holdout,592002
21215,final_holdout,592007
21216,development,592014
21217,development,592092
21218,development,592142
21219,final_holdout,592168
21220,development,592203
21221,development,592206
21222,development,592259
21223,final_holdout,592370
21224,development,592373
21225,development,592437
21226,development,592450
21227,development,592476
21228,development,592538
21229,development,592550
21230,development,592607
21231,development,592616
21232,development,592631
21233,development,592634
21234,final_holdout,592640
21235,final_holdout,592689
21236,final_holdout,592763
21237,development,592781
21238,development,592789
21239,development,592810
21240,development,592856
21241,development,592924
21242,development,593022
21243,development,593104
21244,development,593139
21245,development,593206
21246,development,593272
21247,development,593320
21248,development,593459
21249,development,593492
21250,development,593535
21251,development,593585
21252,development,593617
21253,development,593670
21254,development,593671
21255,development,593681
21256,development,593755
21257,development,593780
21258,final_holdout,593823
21259,development,593904
21260,development,593953
21261,final_holdout,593970
21262,development,594044
21263,development,594076
21264,final_holdout,594119
21265,development,594139
21266,development,594162
21267,final_holdout,594184
21268,development,594205
21269,development,594250
21270,development,594280
21271,development,594291
21272,development,594319
21273,development,594326
21274,development,594342
21275,development,594359
21276,development,594360
21277,development,594376
21278,development,594395
21279,development,594404
21280,final_holdout,594406
21281,development,594454
21282,development,594470
21283,development,594505
21284,final_holdout,594506
21285,development,594510
21286,development,594546
21287,development,594547
21288,development,594558
21289,development,594576
21290,development,594596
21291,final_holdout,594615
21292,development,594643
21293,development,594800
21294,development,594814
21295,development,594815
21296,development,594823
21297,development,594855
21298,development,594894
21299,development,594956
21300,development,594996
21301,final_holdout,595023
21302,final_holdout,595106
21303,development,595119
21304,development,595150
21305,development,595164
21306,development,595230
21307,development,595235
21308,development,595246
21309,final_holdout,595330
21310,development,595354
21311,final_holdout,595381
21312,development,595386
21313,development,595401
21314,final_holdout,595428
21315,development,595477
21316,development,595483
21317,development,595593
21318,development,595649
21319,development,595655
21320,development,595676
21321,development,595735
21322,development,595746
21323,final_holdout,595752
21324,development,595769
21325,development,595773
21326,development,595840
21327,development,595842
21328,development,595847
21329,development,595868
21330,development,595895
21331,development,595915
21332,final_holdout,595935
21333,final_holdout,595978
21334,development,596027
21335,development,596029
21336,development,596049
21337,development,596125
21338,development,596146
21339,development,596147
21340,development,596231
21341,development,596266
21342,final_holdout,596296
21343,development,596368
21344,development,596369
21345,final_holdout,596406
21346,final_holdout,596490
21347,development,596521
21348,development,596593
21349,development,596624
21350,development,596646
21351,development,596687
21352,development,596691
21353,development,596739
21354,development,596754
21355,development,596756
21356,development,596828
21357,development,596829
21358,final_holdout,596858
21359,development,596860
21360,final_holdout,596938
21361,development,596981
21362,development,596982
21363,development,597074
21364,final_holdout,597098
21365,development,597199
21366,development,597204
21367,development,597238
21368,development,597241
21369,development,597293
21370,development,597415
21371,development,597485
21372,development,597627
21373,development,597715
21374,development,597737
21375,development,597747
21376,final_holdout,597787
21377,development,597791
21378,development,597797
21379,development,597817
21380,development,597819
21381,development,597906
21382,development,597912
21383,development,598001
21384,development,598032
21385,development,598077
21386,development,598213
21387,development,598215
21388,development,598235
21389,development,598279
21390,development,598285
21391,development,598294
21392,development,598299
21393,development,598306
21394,development,598308
21395,development,598376
21396,final_holdout,598385
21397,development,598478
21398,development,598480
21399,development,598498
21400,final_holdout,598543
21401,development,598555
21402,development,598649
21403,development,598666
21404,development,598706
21405,development,598752
21406,development,598757
21407,final_holdout,598761
21408,development,598835
21409,development,598887
21410,development,598962
21411,final_holdout,598966
21412,development,598983
21413,development,599094
21414,final_holdout,599104
21415,development,599114
21416,development,599168
21417,development,599199
21418,development,599245
21419,development,599289
21420,development,599297
21421,development,599315
21422,development,599370
21423,development,599445
21424,development,599468
21425,development,599559
21426,development,599568
21427,final_holdout,599570
21428,final_holdout,599587
21429,development,599595
21430,development,599663
21431,development,599683
21432,development,599718
21433,development,599783
21434,development,599795
21435,development,599805
21436,development,599816
21437,final_holdout,599857
21438,final_holdout,599907
21439,development,599957
21440,development,599994
21441,final_holdout,600175
21442,development,600224
21443,development,600243
21444,development,600367
21445,development,600436
21446,development,600515
21447,development,600542
21448,development,600558
21449,development,600615
21450,development,600676
21451,final_holdout,600682
21452,development,600746
21453,development,600808
21454,development,600860
21455,development,600944
21456,development,600947
21457,development,600991
21458,development,601021
21459,development,601040
21460,development,601042
21461,development,601074
21462,development,601080
21463,development,601099
21464,development,601104
21465,development,601105
21466,development,601180
21467,development,601184
21468,development,601213
21469,development,601217
21470,development,601271
21471,final_holdout,601388
21472,development,601389
21473,final_holdout,601390
21474,development,601399
21475,development,601430
21476,final_holdout,601439
21477,development,601583
21478,development,601681
21479,development,601745
21480,development,601761
21481,development,601783
21482,final_holdout,601788
21483,development,601808
21484,final_holdout,601952
21485,development,602053
21486,development,602097
21487,development,602099
21488,development,602111
21489,development,602312
21490,development,602320
21491,final_holdout,602344
21492,final_holdout,602406
21493,development,602451
21494,development,602468
21495,development,602469
21496,final_holdout,602502
21497,development,602511
21498,development,602516
21499,development,602569
21500,development,602577
21501,development,602592
21502,development,602600
21503,development,602669
21504,final_holdout,602713
21505,development,602719
21506,development,602734
21507,development,602777
21508,development,602792
21509,development,602811
21510,development,602837
21511,development,602895
21512,development,602948
21513,development,602994
21514,development,603030
21515,development,603059
21516,development,603111
21517,development,603148
21518,final_holdout,603155
21519,development,603170
21520,development,603199
21521,development,603216
21522,development,603220
21523,final_holdout,603231
21524,final_holdout,603260
21525,development,603300
21526,development,603327
21527,development,603341
21528,development,603389
21529,development,603423
21530,final_holdout,603437
21531,development,603529
21532,development,603576
21533,development,603597
21534,final_holdout,603600
21535,development,603611
21536,final_holdout,603651
21537,final_holdout,603733
21538,development,603819
21539,development,603848
21540,development,603931
21541,development,604087
21542,development,604142
21543,development,604184
21544,development,604228
21545,development,604258
21546,development,604379
21547,final_holdout,604416
21548,development,604427
21549,development,604478
21550,development,604514
21551,development,604581
21552,development,604583
21553,development,604606
21554,final_holdout,604633
21555,development,604635
21556,development,604700
21557,development,604741
21558,final_holdout,604755
21559,development,604766
21560,development,604799
21561,final_holdout,604817
21562,development,604828
21563,development,604879
21564,development,604918
21565,development,604945
21566,development,605012
21567,development,605048
21568,final_holdout,605069
21569,development,605091
21570,development,605195
21571,final_holdout,605265
21572,final_holdout,605269
21573,development,605372
21574,development,605394
21575,development,605409
21576,development,605459
21577,final_holdout,605538
21578,development,605571
21579,development,605589
21580,final_holdout,605598
21581,development,605621
21582,development,605666
21583,development,605756
21584,development,605886
21585,development,605905
21586,development,605921
21587,development,605940
21588,development,605954
21589,final_holdout,605974
21590,development,605988
21591,development,605993
21592,development,606002
21593,development,606006
21594,development,606062
21595,development,606079
21596,development,606104
21597,development,606167
21598,development,606304
21599,development,606386
21600,development,606407
21601,development,606425
21602,development,606428
21603,development,606436
21604,development,606444
21605,development,606459
21606,development,606496
21607,final_holdout,606612
21608,final_holdout,606711
21609,development,606712
21610,final_holdout,606817
21611,development,606835
21612,development,606903
21613,development,606930
21614,development,606939
21615,development,606966
21616,development,606990
21617,final_holdout,606998
21618,development,607011
21619,development,607047
21620,development,607052
21621,development,607068
21622,development,607118
21623,development,607134
21624,development,607135
21625,final_holdout,607200
21626,development,607247
21627,development,607407
21628,development,607473
21629,final_holdout,607533
21630,development,607538
21631,development,607577
21632,development,607586
21633,development,607650
21634,development,607696
21635,development,607794
21636,development,607866
21637,development,607938
21638,development,607979
21639,development,608008
21640,development,608043
21641,final_holdout,608111
21642,development,608144
21643,development,608169
21644,development,608196
21645,final_holdout,608198
21646,development,608231
21647,development,608248
21648,development,608280
21649,development,608349
21650,development,608356
21651,development,608421
21652,development,608422
21653,final_holdout,608477
21654,development,608681
21655,development,608698
21656,development,608737
21657,development,608747
21658,development,608753
21659,development,608827
21660,development,608864
21661,development,608866
21662,development,608909
21663,development,608913
21664,final_holdout,608966
21665,development,608997
21666,development,609097
21667,development,609184
21668,development,609220
21669,development,609221
21670,development,609229
21671,development,609244
21672,development,609277
21673,development,609396
21674,development,609416
21675,final_holdout,609435
21676,development,609439
21677,development,609460
21678,final_holdout,609513
21679,development,609537
21680,final_holdout,609558
21681,development,609743
21682,development,609777
21683,development,609831
21684,development,609882
21685,development,609908
21686,development,609985
21687,development,610097
21688,final_holdout,610099
21689,development,610172
21690,development,610225
21691,development,610244
21692,development,610258
21693,development,610266
21694,final_holdout,610278
21695,final_holdout,610292
21696,final_holdout,610312
21697,development,610324
21698,development,610400
21699,development,610455
21700,development,610517
21701,final_holdout,610577
21702,development,610637
21703,development,610643
21704,development,610687
21705,development,610746
21706,final_holdout,610774
21707,development,610814
21708,development,610831
21709,development,610932
21710,development,610933
21711,development,611039
21712,development,611126
21713,final_holdout,611226
21714,development,611245
21715,final_holdout,611309
21716,development,611396
21717,development,898594
21718,development,973364
21719,development,984347
21720,development,985062
21721,development,988019
21722,final_holdout,990155
21723,development,1064492
21724,development,1065824
21725,final_holdout,1100143
21726,development,1253440
21727,development,1319999
21728,development,1359554
21729,development,1390051
21730,development,1397617
21731,development,1399314
21732,development,1417707
21733,development,1420537
21734,development,1428865
21735,development,1455474
21736,development,1482413
21737,final_holdout,1492571
21738,development,1494577
21739,development,1504653
21740,development,1512332
21741,development,1513001
21742,development,1515509
21743,development,1527616
21744,development,1541472
21745,development,1559964
21746,development,1621041
21747,development,1634278
21748,development,1636725
21749,final_holdout,1641344
21750,final_holdout,1644647
21751,final_holdout,1694120
21752,development,1759799
21753,development,1852968
21754,development,1859038
21755,development,1864086
21756,development,1866233
21757,development,1876636
21758,development,1910049
21759,development,1913166
21760,development,1917335
21761,final_holdout,1935735
21762,development,1943681
21763,development,1945945
21764,development,1948159
21765,development,1949484
21766,final_holdout,1950923
21767,development,1951127
21768,development,1954147
21769,development,1962128
21770,development,1980822
21771,development,1981053
21772,development,1982166
21773,development,1983921
21774,development,1992145
21775,final_holdout,2053381
21776,development,2056416
21777,final_holdout,2056486
21778,development,2071595
21779,development,2088982
21780,final_holdout,2104123
21781,development,2105230
21782,development,2112291
21783,development,2128283
21784,development,2137171
21785,development,2143739
21786,development,2145940
21787,development,2146277
21788,development,2148540
21789,development,2149735
21790,development,2162410
21791,development,2170320
21792,final_holdout,2173721
21793,final_holdout,2177720
21794,development,2178466
21795,development,2180710
21796,development,2182333
21797,development,2188084
21798,development,2191588
21799,development,2193185
21800,development,2195853
21801,development,2197175
21802,development,2218693
21803,development,2226620
21804,development,2237223
21805,final_holdout,2238148
21806,development,2238424
21807,development,2239746
21808,final_holdout,2243505
21809,development,2250842
21810,development,2252765
21811,development,2261138
21812,final_holdout,2286312
21813,development,2286574
21814,development,2290267
21815,development,2290883
21816,development,2299682
21817,development,2304417
21818,final_holdout,2312279
21819,final_holdout,2323944
21820,final_holdout,2326475
21821,development,2337889
21822,development,2340746
21823,development,2343337
21824,development,2344957
21825,development,2345900
21826,final_holdout,2356196
21827,development,2357629
21828,development,2360322
21829,final_holdout,2364160
21830,final_holdout,2364905
21831,final_holdout,2372788
21832,final_holdout,2374002
21833,development,2379512
21834,development,2383780
21835,final_holdout,2387725
21836,development,2390547
21837,development,2393230
21838,development,2393261
21839,development,2396381
21840,development,2411773
21841,development,2412152
21842,final_holdout,2414552
21843,final_holdout,2415436
21844,development,2417433
21845,development,2423002
21846,development,2435795
21847,development,2437051
21848,development,2440301
21849,development,2445085
21850,final_holdout,2449737
21851,development,2449819
21852,development,2452606
21853,development,2454653
21854,development,2454878
21855,development,2463282
21856,development,2465105
21857,development,2465589
21858,final_holdout,2468232
21859,development,2469321
21860,final_holdout,2469688
21861,development,2472033
21862,development,2472132
21863,final_holdout,2487982
21864,development,2499949
21865,development,2500149
21866,final_holdout,2503063
21867,development,2523035
21868,development,2523751
21869,final_holdout,2524572
21870,final_holdout,2526537
21871,development,2534165
21872,development,2539666
21873,development,2540424
21874,final_holdout,2542431
21875,development,2543208
21876,final_holdout,2545923
21877,development,2548055
21878,final_holdout,2555225
21879,development,2558713
21880,development,2563095
21881,development,2567571
21882,development,2572441
21883,final_holdout,2579401
21884,development,2580196
21885,final_holdout,2580545
21886,development,2588467
21887,development,2595641
21888,development,2596621
21889,development,2602264
21890,development,2611986
21891,development,2613746
21892,development,2614277
21893,final_holdout,2619184
21894,development,2621734
21895,development,2623496
21896,development,2625545
21897,development,2630284
21898,final_holdout,2633052
21899,development,2634868
21900,development,2639319
21901,development,2641236
21902,development,2642994
21903,development,2650555
21904,development,2655370
21905,development,2663131
21906,development,2678993
21907,development,2680380
21908,development,2683857
21909,development,2686536
21910,development,2686609
21911,development,2687045
21912,development,2687176
21913,development,2687989
21914,development,2688202
21915,final_holdout,2692632
21916,final_holdout,2694680
21917,development,2697921
21918,development,2698125
21919,development,26211
21920,development,27189
21921,final_holdout,27683
21922,development,28808
21923,development,28897
21924,development,30531
21925,development,34293
21926,development,36347
21927,final_holdout,39882
21928,final_holdout,41489
21929,development,42746
21930,development,46148
21931,development,48635
21932,development,53136
21933,development,53709
21934,development,54867
21935,development,63958
21936,development,67986
21937,final_holdout,72114
21938,final_holdout,74521
21939,development,74524
21940,development,77845
21941,development,77998
21942,development,79683
21943,development,82201
21944,development,83603
21945,development,84299
21946,final_holdout,85874
21947,development,99670
21948,development,101634
21949,final_holdout,104316
21950,development,108207
21951,final_holdout,108822
21952,development,108949
21953,development,110529
21954,development,116621
21955,development,117510
21956,development,117550
21957,development,124018
21958,final_holdout,128132
21959,development,128968
21960,final_holdout,130992
21961,final_holdout,131538
21962,development,132157
21963,development,132477
21964,final_holdout,133104
21965,development,133322
21966,final_holdout,134847
21967,development,134851
21968,final_holdout,136054
21969,final_holdout,136944
21970,development,140108
21971,final_holdout,141430
21972,development,150121
21973,development,152626
21974,development,153611
21975,development,155158
21976,development,156788
21977,development,160262
21978,development,160472
21979,development,163332
21980,development,163962
21981,development,167106
21982,development,178179
21983,final_holdout,179081
21984,development,181719
21985,development,183429
21986,development,190418
21987,development,190930
21988,development,191590
21989,development,195515
21990,development,197538
21991,development,203568
21992,development,227297
21993,development,228138
21994,development,228258
21995,development,228729
21996,development,232286
21997,development,234796
21998,development,237182
21999,development,237370
22000,development,239345
22001,development,242254
22002,final_holdout,242998
22003,development,244961
22004,final_holdout,247940
22005,development,251375
22006,development,255878
22007,development,256740
22008,development,257104
22009,development,258737
22010,development,260062
22011,development,261265
22012,final_holdout,264298
22013,development,266536
22014,final_holdout,268649
22015,development,268845
22016,development,269730
22017,development,272701
22018,final_holdout,276265
22019,development,277577
22020,final_holdout,278155
22021,development,279755
22022,development,282806
22023,development,286484
22024,development,293454
22025,development,295741
22026,development,296904
22027,final_holdout,297014
22028,development,304500
22029,final_holdout,305876
22030,development,305918
22031,final_holdout,313243
22032,development,313756
22033,development,315025
22034,final_holdout,315850
22035,final_holdout,316327
22036,development,316772
22037,development,317394
22038,development,318068
22039,development,319042
22040,development,321096
22041,development,324948
22042,development,325089
22043,final_holdout,327616
22044,development,329895
22045,development,331107
22046,development,332237
22047,development,334224
22048,development,336163
22049,development,337615
22050,development,337940
22051,final_holdout,338958
22052,final_holdout,339728
22053,development,339824
22054,development,339855
22055,development,341044
22056,final_holdout,342089
22057,development,342125
22058,development,342234
22059,development,342303
22060,final_holdout,344409
22061,development,344451
22062,development,345442
22063,development,345455
22064,development,348378
22065,development,348855
22066,development,351181
22067,development,353979
22068,development,354988
22069,development,356371
22070,development,362661
22071,development,365860
22072,development,367510
22073,development,367898
22074,development,368675
22075,development,371168
22076,final_holdout,378809
22077,development,379042
22078,final_holdout,379107
22079,development,379769
22080,final_holdout,381365
22081,final_holdout,382857
22082,development,383778
22083,development,383921
22084,development,388697
22085,final_holdout,389759
22086,development,389773
22087,development,391114
22088,development,392207
22089,development,395188
22090,final_holdout,395758
22091,development,395814
22092,development,398439
22093,development,399863
22094,development,400252
22095,development,402200
22096,final_holdout,402449
22097,development,402502
22098,development,402806
22099,development,404170
22100,development,405192
22101,final_holdout,405775
22102,development,405963
22103,development,407500
22104,development,408105
22105,development,408353
22106,development,409651
22107,development,409949
22108,development,410199
22109,development,410666
22110,development,411939
22111,development,412387
22112,development,412695
22113,development,413200
22114,final_holdout,414258
22115,development,416302
22116,development,417184
22117,development,417805
22118,development,418218
22119,development,419284
22120,final_holdout,420042
22121,development,421179
22122,development,422250
22123,development,422530
22124,development,422626
22125,development,422697
22126,development,423648
22127,development,425332
22128,development,428068
22129,development,429015
22130,development,430516
22131,development,430625
22132,development,431987
22133,development,435446
22134,development,436481
22135,development,436590
22136,development,437529
22137,development,438796
22138,development,439433
22139,development,439633
22140,development,439896
22141,development,440559
22142,final_holdout,441073
22143,development,442753
22144,development,443007
22145,development,444574
22146,development,444718
22147,development,445605
22148,development,445818
22149,final_holdout,445947
22150,final_holdout,465175
22151,development,465421
22152,development,466347
22153,development,466576
22154,development,467582
22155,development,468730
22156,final_holdout,469977
22157,development,470619
22158,development,472120
22159,development,472341
22160,development,472810
22161,final_holdout,474677
22162,development,475811
22163,development,476912
22164,development,477069
22165,development,477588
22166,development,477812
22167,development,477833
22168,development,478073
22169,development,479061
22170,development,481210
22171,development,482445
22172,final_holdout,482843
22173,development,483389
22174,development,483975
22175,development,484075
22176,development,484223
22177,final_holdout,484675
22178,development,485312
22179,development,485780
22180,final_holdout,487168
22181,development,487314
22182,final_holdout,488386
22183,development,488524
22184,final_holdout,488758
22185,development,489137
22186,development,490154
22187,development,491011
22188,development,491486
22189,development,491548
22190,development,492088
22191,development,493760
22192,development,494433
22193,development,494818
22194,development,495580
22195,development,495618
22196,development,496590
22197,development,498006
22198,development,498266
22199,development,498636
22200,development,498828
22201,development,499813
22202,final_holdout,501302
22203,development,501421
22204,development,502150
22205,development,502501
22206,development,502993
22207,development,503154
22208,development,503183
22209,development,505017
22210,development,505131
22211,development,505826
22212,final_holdout,506038
22213,development,506674
22214,final_holdout,507577
22215,development,509292
22216,final_holdout,509407
22217,development,509866
22218,development,510142
22219,development,510420
22220,development,510693
22221,final_holdout,511350
22222,development,511912
22223,final_holdout,512236
22224,development,513701
22225,development,515965
22226,development,516634
22227,development,516770
22228,development,516894
22229,development,517274
22230,final_holdout,517277
22231,development,518210
22232,development,518359
22233,development,521377
22234,development,524296
22235,development,525874
22236,development,526303
22237,development,526821
22238,development,527744
22239,development,528538
22240,development,528713
22241,development,529458
22242,development,530196
22243,development,532062
22244,development,532413
22245,development,532575
22246,development,533140
22247,development,533141
22248,development,533198
22249,development,533217
22250,development,534318
22251,development,536636
22252,development,537322
22253,development,537703
22254,development,537938
22255,development,539401
22256,development,539444
22257,development,539922
22258,development,540909
22259,development,541281
22260,development,541327
22261,development,542287
22262,development,542557
22263,development,543686
22264,development,544108
22265,development,544140
22266,development,544271
22267,development,544593
22268,development,545119
22269,development,545637
22270,final_holdout,545741
22271,development,546071
22272,development,546394
22273,development,546627
22274,development,546961
22275,development,547128
22276,development,547413
22277,development,547506
22278,development,547569
22279,development,547680
22280,development,547884
22281,development,548424
22282,development,548573
22283,development,548926
22284,development,549792
22285,development,550003
22286,development,550038
22287,final_holdout,550097
22288,development,550246
22289,development,550498
22290,development,550903
22291,development,550925
22292,development,551636
22293,development,552284
22294,development,552395
22295,development,552648
22296,development,553032
22297,development,553160
22298,development,554881
22299,development,555691
22300,development,555929
22301,development,556126
22302,development,556140
22303,final_holdout,556492
22304,development,557469
22305,development,557650
22306,final_holdout,557708
22307,development,557894
22308,development,558105
22309,final_holdout,558121
22310,development,558244
22311,development,558284
22312,development,558404
22313,development,559449
22314,development,559876
22315,development,560168
22316,development,560399
22317,final_holdout,560496
22318,development,560595
22319,final_holdout,560685
22320,development,561009
22321,final_holdout,561215
22322,development,561799
22323,development,562064
22324,development,562917
22325,development,563823
22326,development,564632
22327,development,565109
22328,development,565348
22329,development,565373
22330,final_holdout,565469
22331,final_holdout,565526
22332,development,566460
22333,development,567629
22334,development,567681
22335,development,567859
22336,development,567873
22337,development,568954
22338,development,569065
22339,development,569729
22340,development,569783
22341,development,570264
22342,development,571050
22343,development,571190
22344,development,571316
22345,development,571612
22346,development,571815
22347,development,571844
22348,final_holdout,571962
22349,development,572154
22350,development,572367
22351,development,572395
22352,final_holdout,572716
22353,development,572804
22354,development,572832
22355,development,572870
22356,development,573549
22357,development,574028
22358,development,574605
22359,final_holdout,574663
22360,development,574671
22361,development,574815
22362,final_holdout,576159
22363,development,577142
22364,development,577600
22365,development,578022
22366,final_holdout,578258
22367,final_holdout,578754
22368,development,578764
22369,final_holdout,579081
22370,development,579376
22371,final_holdout,580425
22372,development,581065
22373,development,581520
22374,development,581598
22375,development,581772
22376,development,582553
22377,development,582629
22378,development,583056
22379,development,583138
22380,final_holdout,584184
22381,development,584571
22382,development,584842
22383,development,584884
22384,development,584990
22385,development,585454
22386,development,585921
22387,development,586351
22388,development,586506
22389,development,586543
22390,development,586592
22391,final_holdout,586917
22392,development,587195
22393,development,587600
22394,development,587696
22395,development,588107
22396,development,588145
22397,development,588436
22398,development,588913
22399,development,589016
22400,development,589029
22401,development,589449
22402,development,589454
22403,final_holdout,589469
22404,development,589548
22405,development,589565
22406,development,589798
22407,final_holdout,590018
22408,development,590508
22409,development,590543
22410,final_holdout,590548
22411,final_holdout,590604
22412,development,590970
22413,development,591111
22414,development,591132
22415,development,591318
22416,final_holdout,591550
22417,development,591946
22418,development,592422
22419,final_holdout,592632
22420,development,592766
22421,final_holdout,592939
22422,development,593206
22423,development,593220
22424,development,593617
22425,development,594136
22426,development,594258
22427,final_holdout,594374
22428,final_holdout,594636
22429,development,594909
22430,development,595186
22431,final_holdout,595428
22432,development,595895
22433,final_holdout,595935
22434,final_holdout,595978
22435,development,596243
22436,development,596482
22437,development,596601
22438,final_holdout,596663
22439,development,596699
22440,development,596953
22441,development,597234
22442,development,597359
22443,development,597378
22444,development,597386
22445,development,597426
22446,development,597495
22447,development,597662
22448,development,597761
22449,development,598113
22450,development,598300
22451,development,598353
22452,development,598571
22453,development,598642
22454,development,598713
22455,development,599048
22456,final_holdout,599105
22457,development,599117
22458,development,599398
22459,development,599740
22460,development,599812
22461,development,600292
22462,development,600388
22463,final_holdout,600397
22464,development,600702
22465,development,600893
22466,development,601155
22467,final_holdout,601266
22468,development,601345
22469,development,601375
22470,development,601560
22471,development,601735
22472,development,602571
22473,development,602672
22474,final_holdout,602681
22475,development,602818
22476,development,602854
22477,development,602862
22478,development,603111
22479,development,603163
22480,development,603319
22481,development,603483
22482,development,603539
22483,final_holdout,603694
22484,development,603848
22485,development,603972
22486,development,604174
22487,development,604234
22488,final_holdout,604293
22489,development,604326
22490,development,604338
22491,development,604698
22492,development,604969
22493,development,605312
22494,final_holdout,605370
22495,development,605475
22496,development,605493
22497,development,605522
22498,development,606713
22499,final_holdout,606870
22500,development,606911
22501,development,606935
22502,development,606967
22503,development,606976
22504,development,606977
22505,development,607453
22506,final_holdout,607702
22507,development,607896
22508,development,607899
22509,final_holdout,608111
22510,development,608727
22511,development,608864
22512,development,608891
22513,development,609171
22514,development,609347
22515,development,609868
22516,development,609891
22517,development,610094
22518,development,610267
22519,final_holdout,610272
22520,development,610273
22521,development,610771
22522,development,610775
22523,final_holdout,610778
22524,development,610992
22525,development,611185
22526,development,611245
22527,final_holdout,611350
22528,development,611427
22529,final_holdout,611517
22530,development,611542
22531,final_holdout,611595
22532,final_holdout,611635
22533,development,611714
22534,development,611763
22535,final_holdout,611798
22536,development,611813
22537,final_holdout,611855
22538,development,611905
22539,development,612248
22540,final_holdout,612506
22541,development,612528
22542,development,612530
22543,development,612535
22544,development,612538
22545,development,612539
22546,final_holdout,612540
22547,development,612542
22548,final_holdout,612543
22549,development,612545
22550,development,612547
22551,final_holdout,612549
22552,development,612598
22553,development,612607
22554,final_holdout,612638
22555,final_holdout,612740
22556,development,612743
22557,development,612880
22558,development,612982
22559,development,613013
22560,development,613152
22561,development,613226
22562,development,613255
22563,development,613281
22564,development,613417
22565,development,613447
22566,development,613459
22567,development,613461
22568,development,613464
22569,final_holdout,613574
22570,development,613593
22571,development,613630
22572,development,613676
22573,development,613677
22574,final_holdout,613717
22575,development,613865
22576,development,613900
22577,development,613928
22578,development,613952
22579,development,614059
22580,development,614083
22581,development,614163
22582,development,614172
22583,final_holdout,614181
22584,development,614381
22585,final_holdout,614599
22586,development,614730
22587,development,614733
22588,development,614764
22589,development,614801
22590,development,614812
22591,development,614887
22592,development,614973
22593,development,614994
22594,development,615225
22595,final_holdout,615241
22596,development,615426
22597,development,615429
22598,development,615439
22599,development,616383
22600,development,616453
22601,development,616613
22602,development,616646
22603,development,616688
22604,development,616789
22605,development,616794
22606,development,616909
22607,development,616913
22608,development,617010
22609,development,617014
22610,development,617018
22611,development,617053
22612,development,617130
22613,final_holdout,617201
22614,development,617318
22615,final_holdout,617343
22616,development,617358
22617,development,617382
22618,development,617437
22619,final_holdout,617534
22620,development,617535
22621,development,617540
22622,development,617543
22623,development,617564
22624,development,617638
22625,development,617678
22626,development,617734
22627,development,617740
22628,development,617751
22629,development,617805
22630,development,617829
22631,development,617868
22632,development,617945
22633,development,617965
22634,development,617976
22635,final_holdout,617998
22636,development,618004
22637,final_holdout,618005
22638,development,618015
22639,development,618124
22640,development,618216
22641,development,618279
22642,development,618280
22643,development,618293
22644,development,618390
22645,development,618397
22646,development,618412
22647,development,618513
22648,development,618519
22649,development,618590
22650,development,618662
22651,development,618665
22652,development,618667
22653,development,618744
22654,development,618843
22655,development,618875
22656,final_holdout,618903
22657,development,618914
22658,development,618925
22659,development,618942
22660,development,619001
22661,development,619112
22662,development,619118
22663,development,619341
22664,development,619410
22665,development,619461
22666,development,619921
22667,development,619974
22668,development,620004
22669,development,620081
22670,final_holdout,620112
22671,development,620200
22672,development,620277
22673,final_holdout,620320
22674,development,620399
22675,development,620423
22676,development,620473
22677,development,620498
22678,development,620801
22679,final_holdout,620819
22680,development,620933
22681,development,621345
22682,development,621370
22683,development,621433
22684,final_holdout,621436
22685,development,621441
22686,development,621464
22687,development,621475
22688,development,621531
22689,development,621580
22690,development,621682
22691,development,621690
22692,final_holdout,621696
22693,final_holdout,621698
22694,final_holdout,621722
22695,development,621741
22696,final_holdout,621881
22697,development,621909
22698,development,621952
22699,development,621971
22700,development,621998
22701,development,622096
22702,development,622130
22703,development,622218
22704,development,622278
22705,final_holdout,622374
22706,development,622392
22707,development,622430
22708,development,622442
22709,development,622639
22710,development,622686
22711,development,622701
22712,development,622859
22713,development,622918
22714,development,622935
22715,development,622976
22716,development,623138
22717,development,623180
22718,development,623263
22719,development,623314
22720,development,623352
22721,final_holdout,623366
22722,final_holdout,623419
22723,development,623433
22724,development,623438
22725,development,623456
22726,development,623474
22727,development,623496
22728,development,623537
22729,final_holdout,623542
22730,development,623554
22731,final_holdout,623568
22732,development,623579
22733,final_holdout,623687
22734,development,623786
22735,development,623924
22736,final_holdout,623948
22737,development,624014
22738,development,624152
22739,final_holdout,624178
22740,final_holdout,624187
22741,final_holdout,624197
22742,development,624259
22743,development,624344
22744,development,624376
22745,development,624499
22746,development,624556
22747,final_holdout,624586
22748,development,624591
22749,final_holdout,624718
22750,final_holdout,624751
22751,development,624763
22752,development,624772
22753,development,624773
22754,final_holdout,624946
22755,development,624967
22756,development,624975
22757,final_holdout,624981
22758,development,625004
22759,development,625034
22760,final_holdout,625073
22761,development,625075
22762,final_holdout,625182
22763,final_holdout,625191
22764,development,625291
22765,development,625303
22766,development,625306
22767,development,625349
22768,development,625361
22769,development,625394
22770,development,625406
22771,development,625500
22772,development,625536
22773,development,625548
22774,final_holdout,625566
22775,final_holdout,625588
22776,development,625609
22777,development,625642
22778,final_holdout,625753
22779,development,625793
22780,development,625794
22781,development,625800
22782,final_holdout,625812
22783,development,625828
22784,development,625977
22785,development,625995
22786,development,626103
22787,development,626128
22788,development,626198
22789,development,626231
22790,development,626259
22791,development,626320
22792,development,626326
22793,final_holdout,626349
22794,development,626403
22795,final_holdout,626419
22796,development,626448
22797,development,626469
22798,development,626473
22799,final_holdout,626530
22800,development,626537
22801,development,626539
22802,development,626644
22803,development,626692
22804,development,626700
22805,development,626765
22806,development,626777
22807,development,626778
22808,development,626801
22809,development,626828
22810,development,626878
22811,development,626881
22812,development,626890
22813,development,626987
22814,development,627022
22815,development,627026
22816,development,627061
22817,final_holdout,627067
22818,development,627126
22819,development,627145
22820,development,627176
22821,development,627238
22822,final_holdout,627247
22823,development,627280
22824,development,627307
22825,development,627366
22826,development,627417
22827,final_holdout,627442
22828,development,627468
22829,development,627521
22830,final_holdout,627524
22831,development,627569
22832,development,627595
22833,development,627620
22834,final_holdout,627622
22835,development,627679
22836,development,627692
22837,development,627717
22838,development,627727
22839,development,627751
22840,development,627808
22841,development,627840
22842,development,627847
22843,development,627860
22844,development,627886
22845,final_holdout,628004
22846,development,628034
22847,development,628038
22848,development,628058
22849,development,628098
22850,development,628110
22851,development,628114
22852,development,628117
22853,final_holdout,628140
22854,development,628141
22855,development,628143
22856,development,628152
22857,development,628174
22858,final_holdout,628307
22859,final_holdout,628323
22860,development,628361
22861,development,628370
22862,final_holdout,628443
22863,development,628476
22864,final_holdout,628561
22865,final_holdout,628720
22866,final_holdout,628725
22867,final_holdout,628803
22868,development,628837
22869,development,628841
22870,final_holdout,628846
22871,development,628925
22872,final_holdout,628972
22873,development,628978
22874,development,628995
22875,development,629022
22876,development,629096
22877,development,629119
22878,development,629120
22879,development,629163
22880,development,629182
22881,final_holdout,629231
22882,development,629244
22883,development,629267
22884,development,629291
22885,development,629303
22886,development,629386
22887,development,629414
22888,final_holdout,629459
22889,development,629522
22890,development,629540
22891,development,629541
22892,development,629603
22893,development,629613
22894,final_holdout,629655
22895,development,629692
22896,development,629693
22897,development,629739
22898,final_holdout,629762
22899,final_holdout,629767
22900,development,629867
22901,final_holdout,629873
22902,development,629879
22903,development,629881
22904,development,629918
22905,development,629928
22906,development,629938
22907,development,629993
22908,final_holdout,630013
22909,final_holdout,630015
22910,final_holdout,630038
22911,development,630045
22912,development,630083
22913,final_holdout,630129
22914,development,630168
22915,final_holdout,630177
22916,development,630264
22917,development,630269
22918,development,630326
22919,final_holdout,630426
22920,development,630435
22921,development,630452
22922,development,630479
22923,development,630488
22924,development,630491
22925,development,630574
22926,final_holdout,630634
22927,development,630653
22928,development,630654
22929,development,630655
22930,final_holdout,630671
22931,development,630734
22932,development,630748
22933,development,630759
22934,development,630804
22935,development,630812
22936,final_holdout,630830
22937,development,630854
22938,development,630859
22939,development,630867
22940,development,630868
22941,development,630891
22942,development,630912
22943,development,630924
22944,development,630937
22945,development,630966
22946,final_holdout,631023
22947,final_holdout,631075
22948,final_holdout,631083
22949,development,631099
22950,development,631104
22951,development,631111
22952,development,631135
22953,final_holdout,631235
22954,development,631247
22955,development,631300
22956,development,631311
22957,development,631327
22958,development,631467
22959,development,631473
22960,development,631524
22961,final_holdout,631654
22962,final_holdout,631673
22963,development,631680
22964,final_holdout,631701
22965,final_holdout,631719
22966,development,631765
22967,development,631853
22968,development,631860
22969,development,631880
22970,final_holdout,631884
22971,final_holdout,631913
22972,development,631925
22973,development,632019
22974,development,632044
22975,final_holdout,632078
22976,development,632114
22977,development,632124
22978,development,632143
22979,development,632258
22980,development,632306
22981,development,632316
22982,final_holdout,632339
22983,development,632363
22984,development,632379
22985,development,632380
22986,development,632402
22987,development,632513
22988,final_holdout,632544
22989,development,632588
22990,development,632620
22991,development,632623
22992,development,632691
22993,development,632698
22994,development,632705
22995,final_holdout,632759
22996,development,632801
22997,development,632840
22998,development,632848
22999,development,632895
23000,development,632923
23001,development,632927
23002,development,632929
23003,development,632947
23004,development,632958
23005,development,632991
23006,development,633047
23007,development,633077
23008,development,633100
23009,development,633157
23010,final_holdout,633179
23011,development,633205
23012,development,633207
23013,final_holdout,633219
23014,development,633221
23015,development,633238
23016,development,633292
23017,development,633297
23018,development,633303
23019,final_holdout,633305
23020,development,633319
23021,final_holdout,633328
23022,development,633388
23023,development,633397
23024,final_holdout,633403
23025,development,633411
23026,final_holdout,633504
23027,development,633505
23028,development,633558
23029,final_holdout,633625
23030,final_holdout,633676
23031,development,633691
23032,development,633717
23033,development,633732
23034,final_holdout,633745
23035,development,633756
23036,development,633773
23037,development,633840
23038,final_holdout,633881
23039,development,633884
23040,final_holdout,633924
23041,development,633983
23042,development,634057
23043,development,634070
23044,development,634099
23045,development,634111
23046,development,634114
23047,development,634139
23048,development,634155
23049,development,634165
23050,development,634187
23051,development,634200
23052,final_holdout,634209
23053,development,634245
23054,development,634252
23055,development,634254
23056,development,634260
23057,development,634279
23058,development,634292
23059,development,634343
23060,development,634349
23061,final_holdout,634426
23062,development,634427
23063,development,634429
23064,development,634430
23065,development,634431
23066,final_holdout,634435
23067,final_holdout,634479
23068,development,634500
23069,development,634536
23070,development,634539
23071,development,634616
23072,development,634635
23073,development,634636
23074,development,634638
23075,development,634682
23076,final_holdout,634701
23077,development,634774
23078,development,634784
23079,development,634820
23080,development,634859
23081,final_holdout,634918
23082,development,634919
23083,final_holdout,634924
23084,development,634946
23085,development,634999
23086,development,635034
23087,development,635046
23088,development,635079
23089,final_holdout,635124
23090,development,1006742
23091,development,1017773
23092,development,1045091
23093,final_holdout,1072259
23094,development,1340760
23095,development,1398489
23096,development,1425806
23097,development,1465407
23098,development,1498823
23099,development,1514245
23100,final_holdout,1526059
23101,development,1528232
23102,final_holdout,1548052
23103,final_holdout,1578222
23104,development,1588621
23105,final_holdout,1615392
23106,final_holdout,1627052
23107,development,1641117
23108,development,1683803
23109,development,1738364
23110,development,1744817
23111,development,1757662
23112,development,1768223
23113,development,1799963
23114,development,1821249
23115,development,1875728
23116,development,1884024
23117,final_holdout,1892879
23118,development,1919240
23119,development,1928947
23120,development,1933534
23121,development,1939193
23122,development,1961652
23123,development,1962128
23124,final_holdout,1984169
23125,final_holdout,1999952
23126,development,2010245
23127,final_holdout,2022750
23128,development,2025233
23129,final_holdout,2055321
23130,development,2058815
23131,final_holdout,2074627
23132,development,2095576
23133,final_holdout,2097046
23134,development,2114529
23135,development,2131008
23136,development,2156172
23137,development,2161710
23138,final_holdout,2164266
23139,development,2176759
23140,development,2186992
23141,development,2222615
23142,development,2238019
23143,development,2242595
23144,development,2242732
23145,final_holdout,2244285
23146,development,2256318
23147,development,2257112
23148,final_holdout,2264054
23149,development,2265419
23150,development,2270880
23151,development,2299808
23152,development,2303413
23153,development,2306016
23154,development,2322813
23155,development,2327494
23156,development,2336654
23157,development,2337362
23158,development,2345438
23159,development,2355214
23160,final_holdout,2360071
23161,development,2383307
23162,development,2410519
23163,final_holdout,2413895
23164,development,2426332
23165,development,2437930
23166,development,2448082
23167,development,2463282
23168,development,2480886
23169,development,2481482
23170,development,2492219
23171,development,2492787
23172,development,2494338
23173,final_holdout,2503799
23174,final_holdout,2516163
23175,final_holdout,2523915
23176,development,2525633
23177,development,2532785
23178,development,2540424
23179,development,2543637
23180,development,2545629
23181,development,2554552
23182,development,2558365
23183,final_holdout,2561313
23184,development,2561862
23185,development,2564619
23186,development,2569942
23187,development,2570929
23188,development,2575119
23189,development,2581536
23190,development,2581654
23191,development,2583997
23192,development,2585330
23193,development,2589352
23194,development,2590531
23195,development,2595058
23196,final_holdout,2604975
23197,final_holdout,2606636
23198,final_holdout,2606890
23199,development,2609955
23200,final_holdout,2616978
23201,development,2619719
23202,final_holdout,2620930
23203,development,2625021
23204,development,2630284
23205,development,2634654
23206,development,2652268
23207,development,2653007
23208,development,2659650
23209,development,2661827
23210,development,2666213
23211,development,2666831
23212,development,2667478
23213,development,2674773
23214,development,2675061
23215,development,2681270
23216,development,2684417
23217,development,2689210
23218,development,2697630
23219,final_holdout,2697885
23220,development,31296
23221,development,35796
23222,final_holdout,40857
23223,development,40878
23224,final_holdout,42552
23225,development,43958
23226,development,45423
23227,development,47861
23228,development,52275
23229,final_holdout,56637
23230,development,56667
23231,development,58884
23232,development,63112
23233,development,64427
23234,development,64777
23235,development,66892
23236,final_holdout,71159
23237,development,74165
23238,development,75107
23239,development,77692
23240,development,77995
23241,development,79610
23242,development,80438
23243,development,82201
23244,development,84604
23245,development,85241
23246,development,87264
23247,development,87322
23248,development,91801
23249,development,94749
23250,development,101217
23251,final_holdout,102854
23252,development,105125
23253,development,105939
23254,development,107455
23255,development,108949
23256,development,109577
23257,final_holdout,110820
23258,development,113702
23259,development,116529
23260,development,119310
23261,final_holdout,119865
23262,development,125063
23263,development,129907
23264,development,130409
23265,development,131597
23266,development,132475
23267,final_holdout,135280
23268,final_holdout,136944
23269,final_holdout,139206
23270,final_holdout,142310
23271,final_holdout,143755
23272,development,144959
23273,final_holdout,149178
23274,final_holdout,149964
23275,development,150282
23276,development,152524
23277,development,152917
23278,development,155938
23279,development,157225
23280,development,159906
23281,final_holdout,159947
23282,development,164148
23283,final_holdout,166123
23284,development,166607
23285,development,169596
23286,development,170874
23287,development,171692
23288,final_holdout,172493
23289,development,173412
23290,development,177492
23291,development,184720
23292,development,185994
23293,development,191504
23294,final_holdout,194163
23295,development,195246
23296,final_holdout,195552
23297,development,197188
23298,development,197536
23299,development,199009
23300,development,204117
23301,development,226955
23302,development,228633
23303,final_holdout,229498
23304,development,230947
23305,development,232173
23306,final_holdout,234661
23307,development,235768
23308,development,235971
23309,final_holdout,236090
23310,development,237891
23311,development,242636
23312,development,249357
23313,development,251166
23314,development,253633
23315,final_holdout,253763
23316,development,258245
23317,development,258509
23318,final_holdout,258978
23319,development,261863
23320,development,262025
23321,final_holdout,262394
23322,development,263862
23323,final_holdout,264589
23324,final_holdout,265497
23325,development,268823
23326,final_holdout,269584
23327,development,270421
23328,development,275127
23329,final_holdout,276265
23330,development,276337
23331,development,278380
23332,development,279440
23333,development,279653
23334,development,281134
23335,development,282849
23336,development,283402
23337,development,286778
23338,development,287079
23339,development,287258
23340,development,289247
23341,development,289618
23342,development,289676
23343,development,294112
23344,final_holdout,294219
23345,development,294920
23346,development,294929
23347,final_holdout,295893
23348,development,297218
23349,development,297341
23350,development,301074
23351,final_holdout,301561
23352,final_holdout,305064
23353,development,305659
23354,development,310205
23355,development,312231
23356,final_holdout,312960
23357,development,315795
23358,development,316082
23359,development,318139
23360,development,318147
23361,development,319073
23362,development,320133
23363,development,320612
23364,development,322499
23365,development,324331
23366,final_holdout,325750
23367,development,328797
23368,development,329095
23369,development,329895
23370,development,331789
23371,development,332237
23372,development,333993
23373,development,334224
23374,development,335095
23375,final_holdout,337000
23376,final_holdout,338689
23377,development,338806
23378,development,339519
23379,final_holdout,340831
23380,development,341093
23381,development,341457
23382,final_holdout,341629
23383,development,343709
23384,final_holdout,345271
23385,development,347197
23386,development,348108
23387,development,348324
23388,development,348906
23389,development,349515
23390,final_holdout,349777
23391,development,351147
23392,development,354698
23393,development,354713
23394,development,355293
23395,development,364066
23396,final_holdout,366140
23397,development,367151
23398,development,369242
23399,development,369450
23400,development,369644
23401,development,370735
23402,development,372345
23403,development,372509
23404,development,372511
23405,development,374353
23406,development,375527
23407,final_holdout,378705
23408,development,378946
23409,final_holdout,379278
23410,development,379311
23411,development,379563
23412,development,380952
23413,final_holdout,381257
23414,final_holdout,381414
23415,development,381428
23416,development,381529
23417,development,383445
23418,development,383602
23419,development,383629
23420,final_holdout,384107
23421,development,386121
23422,development,386389
23423,development,386956
23424,development,389853
23425,development,390070
23426,final_holdout,393141
23427,final_holdout,395758
23428,development,396683
23429,final_holdout,396834
23430,final_holdout,396907
23431,development,397219
23432,development,397292
23433,development,397671
23434,development,398550
23435,development,398630
23436,development,399429
23437,final_holdout,402695
23438,development,405193
23439,final_holdout,407232
23440,final_holdout,408499
23441,final_holdout,410407
23442,development,410883
23443,development,411304
23444,development,411688
23445,development,412353
23446,development,413180
23447,development,413709
23448,development,413949
23449,development,416199
23450,development,416407
23451,final_holdout,418201
23452,development,419059
23453,final_holdout,419081
23454,development,420834
23455,development,421070
23456,final_holdout,423210
23457,development,423488
23458,development,423781
23459,final_holdout,426410
23460,development,427256
23461,development,427485
23462,development,429832
23463,development,431139
23464,final_holdout,434476
23465,development,435294
23466,development,438063
23467,development,438644
23468,development,439950
23469,development,439995
23470,final_holdout,440818
23471,development,441165
23472,development,441421
23473,development,442199
23474,development,442347
23475,final_holdout,442563
23476,development,442725
23477,development,442802
23478,development,443151
23479,development,443514
23480,development,443696
23481,development,444011
23482,development,444619
23483,development,444907
23484,final_holdout,445686
23485,development,465009
23486,development,465078
23487,development,465121
23488,development,465294
23489,development,466120
23490,development,466807
23491,development,466987
23492,final_holdout,467363
23493,development,469499
23494,development,471284
23495,development,474667
23496,final_holdout,475015
23497,development,476401
23498,development,476629
23499,development,477833
23500,final_holdout,479939
23501,development,480303
23502,development,481240
23503,development,481717
23504,development,482644
23505,development,483037
23506,final_holdout,483656
23507,development,484010
23508,development,484594
23509,development,485228
23510,final_holdout,486087
23511,development,486964
23512,development,488525
23513,final_holdout,489553
23514,development,490297
23515,development,491077
23516,final_holdout,491126
23517,development,491756
23518,development,491863
23519,development,491959
23520,development,492024
23521,development,492557
23522,development,493793
23523,development,494046
23524,development,494184
23525,final_holdout,496493
23526,development,497415
23527,final_holdout,498442
23528,development,499244
23529,development,499404
23530,final_holdout,500068
23531,final_holdout,500618
23532,development,501444
23533,development,501897
23534,final_holdout,502011
23535,development,504270
23536,development,505773
23537,development,506705
23538,development,507031
23539,final_holdout,507311
23540,development,507743
23541,final_holdout,507935
23542,development,508626
23543,development,509536
23544,development,510762
23545,development,511246
23546,development,511309
23547,final_holdout,511350
23548,final_holdout,511981
23549,development,513272
23550,development,513422
23551,development,513428
23552,development,514078
23553,development,514556
23554,development,516602
23555,development,517551
23556,development,519115
23557,development,520265
23558,development,521115
23559,development,521153
23560,development,521255
23561,final_holdout,522082
23562,development,523017
23563,development,523249
23564,final_holdout,524827
23565,development,525523
23566,development,526721
23567,development,526819
23568,development,527619
23569,development,529693
23570,development,529991
23571,final_holdout,530148
23572,final_holdout,531018
23573,development,531871
23574,development,532254
23575,development,533418
23576,development,534018
23577,development,534112
23578,development,534457
23579,final_holdout,535542
23580,development,535671
23581,development,535997
23582,development,536351
23583,development,536475
23584,development,536963
23585,development,537322
23586,development,537606
23587,development,537811
23588,development,539308
23589,development,539945
23590,development,540723
23591,development,541532
23592,development,541921
23593,final_holdout,542202
23594,development,543010
23595,development,543432
23596,final_holdout,544141
23597,development,544745
23598,development,545164
23599,final_holdout,545962
23600,final_holdout,546547
23601,development,546645
23602,final_holdout,547347
23603,development,549219
23604,development,549321
23605,final_holdout,549523
23606,final_holdout,549847
23607,development,550420
23608,development,550703
23609,final_holdout,552173
23610,final_holdout,552832
23611,development,553031
23612,final_holdout,553284
23613,development,553813
23614,final_holdout,554063
23615,final_holdout,554525
23616,development,555049
23617,development,555827
23618,development,556126
23619,development,557085
23620,development,557290
23621,development,557792
23622,development,557830
23623,development,558044
23624,development,558342
23625,final_holdout,558764
23626,development,560047
23627,development,560645
23628,development,560765
23629,development,561231
23630,development,561311
23631,development,562064
23632,development,562754
23633,development,562990
23634,development,563108
23635,development,563414
23636,development,564243
23637,development,564617
23638,development,564770
23639,development,564821
23640,development,564933
23641,development,565017
23642,development,566823
23643,development,567213
23644,development,568987
23645,development,568998
23646,development,569034
23647,development,569080
23648,development,569108
23649,final_holdout,569876
23650,development,570004
23651,development,570213
23652,development,570280
23653,development,570689
23654,development,571074
23655,development,571950
23656,development,572071
23657,development,572074
23658,development,572213
23659,final_holdout,572265
23660,final_holdout,573007
23661,development,573481
23662,development,573583
23663,development,574527
23664,development,574695
23665,development,575069
23666,development,575112
23667,development,575302
23668,development,575685
23669,final_holdout,577032
23670,development,577429
23671,development,577533
23672,development,578152
23673,development,578495
23674,development,578847
23675,development,579221
23676,final_holdout,579660
23677,development,579686
23678,final_holdout,580459
23679,development,580834
23680,final_holdout,580845
23681,development,580926
23682,development,581219
23683,development,581253
23684,development,581659
23685,development,581779
23686,development,582034
23687,development,582117
23688,development,582141
23689,development,582266
23690,development,582332
23691,development,582530
23692,development,582653
23693,development,582670
23694,development,583056
23695,final_holdout,583318
23696,development,583487
23697,final_holdout,584362
23698,final_holdout,584515
23699,development,584673
23700,final_holdout,585224
23701,development,585261
23702,development,585284
23703,development,585503
23704,development,585572
23705,development,585724
23706,development,585825
23707,final_holdout,585958
23708,development,586811
23709,development,586906
23710,development,587509
23711,final_holdout,587571
23712,development,587654
23713,development,587706
23714,development,588128
23715,development,588628
23716,development,589080
23717,final_holdout,589162
23718,final_holdout,589332
23719,development,589389
23720,development,589441
23721,development,589828
23722,development,590120
23723,development,590462
23724,development,590543
23725,development,590818
23726,final_holdout,591525
23727,development,591581
23728,development,591655
23729,development,591746
23730,development,591946
23731,development,592218
23732,development,592295
23733,development,592558
23734,final_holdout,592939
23735,development,593136
23736,development,593563
23737,development,593722
23738,development,593796
23739,final_holdout,594065
23740,final_holdout,594122
23741,development,594229
23742,development,594258
23743,final_holdout,594406
23744,final_holdout,594615
23745,final_holdout,594636
23746,development,595246
23747,development,595262
23748,development,595676
23749,development,595721
23750,development,595943
23751,development,596203
23752,development,596243
23753,development,596253
23754,development,596464
23755,development,596758
23756,final_holdout,596805
23757,final_holdout,597740
23758,development,597937
23759,development,598308
23760,development,598540
23761,development,598559
23762,development,598757
23763,development,599297
23764,final_holdout,599865
23765,development,600071
23766,development,600405
23767,development,600773
23768,development,600893
23769,development,601008
23770,development,601180
23771,development,601235
23772,development,601271
23773,development,601680
23774,final_holdout,601820
23775,final_holdout,602502
23776,development,602594
23777,development,603423
23778,development,603648
23779,development,603931
23780,development,604567
23781,final_holdout,604614
23782,development,604907
23783,development,605091
23784,development,605180
23785,development,605228
23786,development,605394
23787,development,605682
23788,development,606257
23789,development,606428
23790,development,606805
23791,development,606904
23792,final_holdout,607243
23793,development,607303
23794,development,607501
23795,development,607679
23796,development,607700
23797,development,607733
23798,development,607866
23799,development,608248
23800,development,609142
23801,development,609240
23802,development,611603
23803,development,612842
23804,final_holdout,613165
23805,development,613330
23806,development,613634
23807,development,613899
23808,final_holdout,613966
23809,development,614059
23810,development,614984
23811,development,615266
23812,development,615299
23813,development,615301
23814,final_holdout,615302
23815,final_holdout,615306
23816,final_holdout,615328
23817,development,615340
23818,final_holdout,615342
23819,development,615356
23820,development,616517
23821,development,616912
23822,development,617010
23823,final_holdout,617119
23824,development,617130
23825,development,617150
23826,development,617332
23827,development,617436
23828,final_holdout,617580
23829,development,617783
23830,development,617922
23831,development,618252
23832,development,618663
23833,development,619204
23834,final_holdout,619292
23835,final_holdout,619321
23836,development,619502
23837,development,620094
23838,final_holdout,620112
23839,development,620269
23840,development,620349
23841,development,620431
23842,development,620740
23843,development,620750
23844,final_holdout,620810
23845,development,620824
23846,development,622029
23847,development,622275
23848,development,622362
23849,development,622481
23850,development,622760
23851,development,622910
23852,development,622934
23853,development,622967
23854,development,623166
23855,final_holdout,623230
23856,development,623471
23857,development,623589
23858,development,623765
23859,development,623917
23860,development,623955
23861,final_holdout,624282
23862,development,624864
23863,development,624970
23864,development,625245
23865,development,625330
23866,final_holdout,625515
23867,development,625609
23868,final_holdout,625743
23869,final_holdout,625802
23870,development,625838
23871,development,626033
23872,final_holdout,626349
23873,development,626416
23874,development,626454
23875,final_holdout,626477
23876,development,626514
23877,development,626539
23878,development,626552
23879,development,626579
23880,final_holdout,627365
23881,development,627379
23882,final_holdout,627829
23883,development,628054
23884,development,628149
23885,final_holdout,628157
23886,final_holdout,628308
23887,final_holdout,628363
23888,final_holdout,628383
23889,final_holdout,628521
23890,development,628888
23891,development,628964
23892,final_holdout,629029
23893,development,629182
23894,development,629394
23895,development,629491
23896,development,629522
23897,development,629594
23898,development,629686
23899,final_holdout,629818
23900,final_holdout,629907
23901,development,629922
23902,final_holdout,629944
23903,final_holdout,630109
23904,development,630158
23905,development,630168
23906,development,630186
23907,development,630745
23908,development,630835
23909,development,630905
23910,development,630910
23911,development,630992
23912,final_holdout,631075
23913,development,631193
23914,development,631438
23915,development,631524
23916,final_holdout,631658
23917,development,631681
23918,development,631715
23919,development,631740
23920,development,631772
23921,development,631837
23922,development,631924
23923,final_holdout,632074
23924,final_holdout,632179
23925,development,632290
23926,development,632458
23927,development,632556
23928,development,632597
23929,final_holdout,632634
23930,final_holdout,632826
23931,development,632836
23932,development,633079
23933,development,633516
23934,development,633555
23935,development,633568
23936,development,633628
23937,development,633867
23938,development,633931
23939,development,634088
23940,development,634114
23941,development,634512
23942,development,634526
23943,development,634601
23944,final_holdout,634749
23945,development,634888
23946,final_holdout,634943
23947,development,635079
23948,development,635165
23949,final_holdout,635184
23950,final_holdout,635410
23951,final_holdout,635746
23952,development,635751
23953,development,635795
23954,final_holdout,635903
23955,development,635985
23956,development,636314
23957,development,636375
23958,development,636400
23959,development,636407
23960,final_holdout,636408
23961,development,636469
23962,development,636492
23963,development,636547
23964,final_holdout,636565
23965,development,636634
23966,development,636653
23967,development,636656
23968,development,636704
23969,development,636783
23970,development,636830
23971,development,636832
23972,development,637004
23973,development,637089
23974,final_holdout,637358
23975,development,637509
23976,development,637514
23977,development,637563
23978,development,637582
23979,development,637708
23980,final_holdout,637788
23981,development,637800
23982,development,637906
23983,development,637939
23984,development,637980
23985,development,638034
23986,development,638388
23987,development,638411
23988,development,638498
23989,development,638515
23990,development,638625
23991,development,638655
23992,development,638677
23993,final_holdout,638831
23994,development,639028
23995,development,639231
23996,development,639234
23997,development,639238
23998,development,639522
23999,final_holdout,639919
24000,development,639993
24001,final_holdout,640098
24002,development,640278
24003,development,640329
24004,development,640429
24005,development,640552
24006,development,640584
24007,development,640711
24008,development,640752
24009,final_holdout,640848
24010,development,640892
24011,development,640913
24012,development,640927
24013,development,641028
24014,development,641085
24015,development,641137
24016,development,641275
24017,development,641309
24018,development,641311
24019,development,641363
24020,final_holdout,641401
24021,development,641404
24022,development,641433
24023,development,641461
24024,development,641470
24025,development,641547
24026,development,641804
24027,development,641864
24028,final_holdout,641866
24029,development,641914
24030,development,642029
24031,development,642056
24032,development,642375
24033,development,642448
24034,development,642449
24035,development,642493
24036,development,642496
24037,final_holdout,642498
24038,development,642536
24039,development,642551
24040,development,642626
24041,development,642730
24042,development,642740
24043,development,642750
24044,development,642840
24045,development,642843
24046,development,642872
24047,development,642909
24048,development,642939
24049,development,643024
24050,development,643069
24051,final_holdout,643202
24052,development,643220
24053,development,643273
24054,development,643326
24055,development,643372
24056,development,643466
24057,development,643477
24058,development,643496
24059,final_holdout,643502
24060,development,643591
24061,development,643653
24062,final_holdout,643690
24063,final_holdout,643696
24064,development,643751
24065,development,643754
24066,development,643757
24067,development,644025
24068,development,644210
24069,development,644303
24070,development,644343
24071,development,644361
24072,final_holdout,644369
24073,final_holdout,644430
24074,development,644450
24075,development,644508
24076,development,644761
24077,development,644784
24078,development,644791
24079,development,644818
24080,development,644847
24081,final_holdout,644936
24082,development,644967
24083,development,644974
24084,development,645003
24085,development,645020
24086,development,645078
24087,final_holdout,645145
24088,development,645366
24089,development,645405
24090,development,645433
24091,development,645496
24092,development,645518
24093,development,645586
24094,development,645705
24095,development,645732
24096,development,645784
24097,development,645790
24098,development,645800
24099,development,645840
24100,development,645880
24101,final_holdout,645948
24102,development,645960
24103,development,645997
24104,final_holdout,646015
24105,development,646017
24106,development,646053
24107,development,646074
24108,development,646085
24109,final_holdout,646138
24110,final_holdout,646313
24111,development,646357
24112,development,646402
24113,development,646460
24114,development,646498
24115,development,646539
24116,development,646540
24117,development,646551
24118,development,646638
24119,development,646670
24120,development,646734
24121,development,646742
24122,final_holdout,646750
24123,development,646778
24124,development,646807
24125,development,646990
24126,development,647040
24127,development,647045
24128,development,647111
24129,development,647154
24130,development,647169
24131,development,647171
24132,final_holdout,647194
24133,development,647210
24134,development,647320
24135,final_holdout,647324
24136,development,647339
24137,final_holdout,647391
24138,development,647398
24139,development,647399
24140,development,647425
24141,final_holdout,647485
24142,final_holdout,647496
24143,development,647525
24144,final_holdout,647598
24145,development,647765
24146,development,647841
24147,development,647898
24148,development,647910
24149,development,647915
24150,final_holdout,647945
24151,development,647987
24152,development,648027
24153,final_holdout,648037
24154,development,648038
24155,development,648040
24156,development,648086
24157,development,648105
24158,development,648114
24159,final_holdout,648116
24160,development,648140
24161,development,648190
24162,development,648244
24163,development,648254
24164,final_holdout,648287
24165,development,648353
24166,development,648365
24167,final_holdout,648366
24168,final_holdout,648455
24169,development,648457
24170,development,648470
24171,final_holdout,648508
24172,development,648515
24173,development,648531
24174,development,648536
24175,development,648564
24176,final_holdout,648571
24177,development,648576
24178,development,648590
24179,final_holdout,648611
24180,development,648613
24181,final_holdout,648661
24182,development,648685
24183,development,648804
24184,final_holdout,648815
24185,development,648867
24186,development,648872
24187,development,648903
24188,development,648927
24189,development,648930
24190,development,648972
24191,development,648995
24192,development,649004
24193,final_holdout,649009
24194,final_holdout,649020
24195,development,649028
24196,development,649036
24197,development,649079
24198,development,649084
24199,development,649093
24200,development,649118
24201,final_holdout,649141
24202,development,649159
24203,final_holdout,649165
24204,final_holdout,649207
24205,development,649212
24206,development,649230
24207,development,649258
24208,development,649284
24209,development,649325
24210,development,649336
24211,final_holdout,649379
24212,development,649385
24213,development,649400
24214,development,649434
24215,development,649435
24216,development,649457
24217,development,649469
24218,final_holdout,649547
24219,development,649566
24220,development,649619
24221,development,649735
24222,final_holdout,649806
24223,development,649891
24224,final_holdout,649952
24225,development,649954
24226,final_holdout,649979
24227,development,650031
24228,final_holdout,650048
24229,development,650054
24230,development,650108
24231,development,650123
24232,development,650160
24233,development,650170
24234,development,650251
24235,development,650287
24236,development,650363
24237,final_holdout,650370
24238,development,650424
24239,development,650461
24240,development,650469
24241,development,650473
24242,final_holdout,650543
24243,development,650570
24244,final_holdout,650682
24245,final_holdout,650716
24246,development,650758
24247,development,650861
24248,development,650866
24249,development,650923
24250,development,650960
24251,final_holdout,651040
24252,development,651121
24253,development,651126
24254,development,651182
24255,development,651200
24256,development,651238
24257,development,651253
24258,development,651255
24259,development,651330
24260,final_holdout,651334
24261,final_holdout,651354
24262,final_holdout,651381
24263,development,651419
24264,development,651473
24265,development,651478
24266,development,651498
24267,development,651555
24268,final_holdout,651598
24269,development,651693
24270,development,651881
24271,development,651886
24272,development,651927
24273,development,651972
24274,development,651990
24275,development,652008
24276,development,652064
24277,final_holdout,652087
24278,development,652333
24279,final_holdout,652335
24280,final_holdout,652336
24281,development,652438
24282,development,652576
24283,development,652593
24284,final_holdout,652625
24285,development,652647
24286,final_holdout,652659
24287,final_holdout,652664
24288,development,652672
24289,development,652684
24290,final_holdout,652711
24291,development,652752
24292,final_holdout,652753
24293,development,652769
24294,development,652788
24295,development,652801
24296,development,652824
24297,final_holdout,652832
24298,development,652887
24299,final_holdout,652890
24300,development,652898
24301,development,652994
24302,development,652998
24303,development,653045
24304,development,653115
24305,final_holdout,653144
24306,development,653183
24307,development,653206
24308,development,653297
24309,development,653301
24310,development,653356
24311,development,653372
24312,development,653381
24313,final_holdout,653417
24314,development,653536
24315,final_holdout,653558
24316,development,653567
24317,development,653595
24318,development,653653
24319,final_holdout,653659
24320,final_holdout,653773
24321,development,653797
24322,development,653841
24323,development,653846
24324,development,653857
24325,final_holdout,653988
24326,development,654045
24327,development,654094
24328,final_holdout,654112
24329,development,654114
24330,development,654169
24331,development,654217
24332,development,654228
24333,development,654236
24334,development,654260
24335,development,654339
24336,final_holdout,654351
24337,development,654432
24338,development,654441
24339,development,654563
24340,final_holdout,654565
24341,final_holdout,654578
24342,final_holdout,654597
24343,development,654677
24344,final_holdout,654684
24345,development,654692
24346,development,654819
24347,development,654824
24348,development,654834
24349,development,654852
24350,development,654867
24351,development,654947
24352,final_holdout,655028
24353,development,655088
24354,development,655115
24355,development,655124
24356,development,655127
24357,final_holdout,655353
24358,development,655386
24359,final_holdout,655412
24360,development,655416
24361,development,655445
24362,development,655569
24363,development,655720
24364,development,655796
24365,development,655852
24366,development,655927
24367,development,655981
24368,development,656029
24369,development,656065
24370,development,656086
24371,development,656092
24372,final_holdout,656107
24373,development,656131
24374,development,656145
24375,development,656158
24376,development,656159
24377,development,656165
24378,final_holdout,656234
24379,final_holdout,656323
24380,development,656353
24381,final_holdout,656414
24382,development,656436
24383,final_holdout,656510
24384,final_holdout,656529
24385,development,656579
24386,final_holdout,656607
24387,development,656622
24388,development,656651
24389,final_holdout,656677
24390,development,656734
24391,final_holdout,656791
24392,development,656882
24393,development,656988
24394,development,656996
24395,development,657048
24396,final_holdout,657181
24397,development,657184
24398,development,657220
24399,final_holdout,657330
24400,development,657344
24401,development,674222
24402,development,674226
24403,final_holdout,674236
24404,development,674260
24405,development,674262
24406,development,674320
24407,development,674387
24408,final_holdout,674406
24409,development,674451
24410,final_holdout,674478
24411,final_holdout,674484
24412,development,674497
24413,development,674509
24414,development,674584
24415,final_holdout,674594
24416,development,674644
24417,development,674657
24418,development,674671
24419,development,674691
24420,final_holdout,674694
24421,development,674699
24422,development,674751
24423,final_holdout,674831
24424,development,674870
24425,development,674921
24426,development,674935
24427,final_holdout,675021
24428,development,675054
24429,development,675193
24430,development,675225
24431,final_holdout,675233
24432,development,675261
24433,development,675273
24434,development,675279
24435,development,675315
24436,development,675328
24437,final_holdout,675474
24438,development,675486
24439,development,675514
24440,final_holdout,675566
24441,development,675577
24442,development,675613
24443,development,675636
24444,development,675710
24445,development,675843
24446,final_holdout,675947
24447,development,675989
24448,final_holdout,676007
24449,development,676040
24450,development,676064
24451,development,676103
24452,development,676139
24453,final_holdout,676190
24454,development,676265
24455,final_holdout,676272
24456,development,676303
24457,development,676378
24458,development,676444
24459,development,676458
24460,development,676459
24461,final_holdout,676478
24462,development,676492
24463,final_holdout,676610
24464,final_holdout,676626
24465,development,676627
24466,final_holdout,676866
24467,development,676882
24468,final_holdout,677085
24469,development,677111
24470,development,677138
24471,final_holdout,677155
24472,development,677167
24473,development,677206
24474,development,677221
24475,development,677235
24476,development,677327
24477,development,677382
24478,development,677400
24479,development,677436
24480,development,677456
24481,development,677486
24482,development,677546
24483,development,677582
24484,final_holdout,677608
24485,final_holdout,677643
24486,development,677655
24487,development,677687
24488,development,677701
24489,development,677748
24490,final_holdout,677767
24491,development,677833
24492,final_holdout,677867
24493,final_holdout,677869
24494,development,678005
24495,development,678088
24496,final_holdout,678203
24497,development,678235
24498,development,678270
24499,development,678346
24500,development,678381
24501,final_holdout,678407
24502,final_holdout,678452
24503,development,678474
24504,final_holdout,678528
24505,development,678619
24506,development,678628
24507,development,678639
24508,final_holdout,678659
24509,final_holdout,678819
24510,development,678831
24511,development,678859
24512,development,678877
24513,development,678946
24514,final_holdout,678954
24515,development,679019
24516,development,679036
24517,final_holdout,679111
24518,final_holdout,679189
24519,development,679227
24520,development,679237
24521,final_holdout,679251
24522,final_holdout,679262
24523,development,679269
24524,development,679278
24525,final_holdout,679342
24526,development,679384
24527,development,679386
24528,development,679402
24529,final_holdout,679445
24530,development,679448
24531,development,679498
24532,final_holdout,679502
24533,final_holdout,679509
24534,development,679594
24535,development,679676
24536,development,679688
24537,development,679749
24538,development,679788
24539,development,679790
24540,development,679938
24541,final_holdout,679939
24542,final_holdout,679949
24543,final_holdout,680014
24544,development,680018
24545,final_holdout,680027
24546,development,680080
24547,development,680145
24548,final_holdout,680212
24549,development,680255
24550,development,680266
24551,development,680270
24552,development,680322
24553,development,680343
24554,development,680348
24555,development,680349
24556,final_holdout,680410
24557,final_holdout,680443
24558,final_holdout,680464
24559,final_holdout,680506
24560,development,680517
24561,development,680572
24562,development,680708
24563,development,680713
24564,development,680747
24565,final_holdout,680775
24566,development,680810
24567,development,680855
24568,development,680872
24569,final_holdout,680912
24570,final_holdout,680955
24571,development,680974
24572,final_holdout,681004
24573,development,681152
24574,development,681235
24575,development,681277
24576,development,681298
24577,development,681328
24578,development,681341
24579,development,681352
24580,development,681354
24581,development,681452
24582,final_holdout,681490
24583,final_holdout,681608
24584,development,681633
24585,development,681652
24586,final_holdout,681655
24587,development,681658
24588,development,681735
24589,development,681755
24590,development,681763
24591,development,681938
24592,development,681973
24593,development,682015
24594,development,682019
24595,development,682050
24596,development,682070
24597,development,682276
24598,final_holdout,682298
24599,development,682358
24600,final_holdout,682390
24601,development,682391
24602,development,682436
24603,development,682437
24604,final_holdout,682511
24605,development,682539
24606,development,682569
24607,development,682578
24608,final_holdout,682588
24609,development,682613
24610,final_holdout,682632
24611,development,682671
24612,development,682695
24613,development,682753
24614,development,682839
24615,development,682863
24616,final_holdout,682894
24617,final_holdout,682946
24618,development,682963
24619,development,682981
24620,development,682982
24621,development,682983
24622,development,682985
24623,development,682990
24624,development,683033
24625,development,683094
24626,final_holdout,683177
24627,development,683178
24628,development,683243
24629,development,683273
24630,development,683305
24631,final_holdout,683323
24632,development,683346
24633,development,683352
24634,development,683353
24635,development,683375
24636,development,683403
24637,development,683446
24638,development,683467
24639,development,683508
24640,development,683530
24641,development,683550
24642,development,683555
24643,development,683576
24644,development,683604
24645,development,683624
24646,development,683699
24647,development,683745
24648,final_holdout,683764
24649,development,683820
24650,development,683832
24651,development,683902
24652,final_holdout,683934
24653,development,684013
24654,development,684040
24655,development,684075
24656,development,684183
24657,development,684311
24658,development,684383
24659,development,684386
24660,development,684526
24661,final_holdout,684572
24662,final_holdout,684579
24663,final_holdout,684592
24664,development,684594
24665,development,684671
24666,development,684675
24667,development,684676
24668,development,684882
24669,development,684981
24670,final_holdout,685004
24671,final_holdout,685105
24672,development,685128
24673,development,685140
24674,development,685155
24675,development,685212
24676,development,685276
24677,development,685283
24678,development,685330
24679,development,685339
24680,development,685367
24681,development,685373
24682,development,685378
24683,development,685410
24684,development,685619
24685,development,685657
24686,final_holdout,685663
24687,final_holdout,685705
24688,final_holdout,685708
24689,development,685772
24690,development,685831
24691,development,685860
24692,development,685928
24693,final_holdout,685952
24694,final_holdout,685998
24695,final_holdout,686065
24696,development,686164
24697,development,686314
24698,development,686317
24699,development,686344
24700,development,686348
24701,development,686358
24702,development,686498
24703,development,686522
24704,final_holdout,686558
24705,development,686700
24706,development,686705
24707,development,686786
24708,development,686946
24709,development,687007
24710,development,687033
24711,final_holdout,687073
24712,final_holdout,687112
24713,development,687115
24714,development,687288
24715,development,687304
24716,development,687331
24717,development,687341
24718,development,687345
24719,development,687351
24720,final_holdout,687410
24721,development,687434
24722,development,687468
24723,development,687485
24724,development,687503
24725,development,687511
24726,development,687525
24727,development,687686
24728,development,687828
24729,development,687846
24730,development,687910
24731,development,687930
24732,development,687931
24733,final_holdout,687988
24734,development,688008
24735,development,688071
24736,development,688097
24737,development,688127
24738,development,688136
24739,development,688159
24740,development,688192
24741,final_holdout,688203
24742,development,688225
24743,development,688250
24744,development,688265
24745,development,688326
24746,development,688337
24747,development,688453
24748,final_holdout,688470
24749,development,688543
24750,development,688667
24751,development,688685
24752,development,688727
24753,development,688891
24754,development,688895
24755,development,688904
24756,development,688976
24757,development,689005
24758,final_holdout,689052
24759,development,689056
24760,development,689225
24761,development,689260
24762,final_holdout,689280
24763,development,689347
24764,development,689444
24765,development,689626
24766,development,689796
24767,development,689827
24768,development,689832
24769,final_holdout,689855
24770,development,689924
24771,development,690075
24772,development,690137
24773,development,690198
24774,development,690382
24775,development,690585
24776,development,690628
24777,development,690635
24778,development,690746
24779,development,690832
24780,development,690872
24781,development,690962
24782,development,691177
24783,final_holdout,691269
24784,development,691280
24785,development,691288
24786,development,691326
24787,development,691375
24788,development,691465
24789,development,691699
24790,development,691722
24791,development,691805
24792,development,691873
24793,development,691932
24794,development,692010
24795,development,692097
24796,development,692220
24797,development,692297
24798,development,692301
24799,development,692334
24800,development,692454
24801,development,692612
24802,development,692632
24803,final_holdout,692893
24804,development,692946
24805,development,692962
24806,development,692968
24807,development,693160
24808,development,693162
24809,development,693197
24810,development,693236
24811,development,693345
24812,development,693373
24813,final_holdout,693497
24814,development,693519
24815,development,693628
24816,development,693629
24817,final_holdout,693764
24818,development,693806
24819,development,693873
24820,development,693903
24821,development,693906
24822,final_holdout,693907
24823,development,694059
24824,development,694128
24825,development,694144
24826,development,694221
24827,development,694284
24828,development,694376
24829,development,694428
24830,development,694456
24831,development,694622
24832,development,694715
24833,development,694716
24834,development,694827
24835,final_holdout,694836
24836,development,694848
24837,development,695090
24838,development,695169
24839,development,695220
24840,development,695250
24841,development,695251
24842,development,695369
24843,final_holdout,695471
24844,development,695485
24845,development,695550
24846,development,695637
24847,development,695676
24848,development,695700
24849,final_holdout,695729
24850,final_holdout,695803
24851,development,695825
24852,development,695869
24853,development,695926
24854,development,696039
24855,development,696043
24856,development,696071
24857,development,696082
24858,final_holdout,696188
24859,development,696275
24860,development,696318
24861,development,696329
24862,development,696347
24863,development,696364
24864,development,696456
24865,final_holdout,696583
24866,final_holdout,696615
24867,development,696653
24868,development,696659
24869,development,696662
24870,development,696666
24871,final_holdout,696671
24872,development,696672
24873,development,696674
24874,final_holdout,696678
24875,development,696729
24876,development,697027
24877,final_holdout,697042
24878,development,697114
24879,development,697160
24880,development,697215
24881,final_holdout,697255
24882,development,697438
24883,development,697478
24884,development,697665
24885,development,697878
24886,development,697998
24887,final_holdout,698015
24888,development,698020
24889,development,698157
24890,development,698193
24891,development,698384
24892,final_holdout,698407
24893,development,698485
24894,development,698656
24895,development,698762
24896,development,699126
24897,development,699127
24898,final_holdout,699128
24899,development,836614
24900,development,884652
24901,final_holdout,895524
24902,development,900936
24903,development,1021350
24904,development,1042726
24905,development,1318759
24906,development,1348205
24907,final_holdout,1391717
24908,development,1409532
24909,final_holdout,1413902
24910,development,1424608
24911,development,1448966
24912,development,1449171
24913,development,1450604
24914,development,1473878
24915,development,1477284
24916,final_holdout,1501577
24917,development,1514245
24918,final_holdout,1532711
24919,development,1585671
24920,development,1588621
24921,development,1603549
24922,development,1631797
24923,final_holdout,1639699
24924,development,1640680
24925,development,1658963
24926,development,1677677
24927,final_holdout,1683192
24928,development,1722493
24929,development,1733664
24930,development,1745145
24931,development,1752994
24932,final_holdout,1755594
24933,development,1765045
24934,development,1766102
24935,development,1771775
24936,development,1796402
24937,final_holdout,1810759
24938,final_holdout,1816458
24939,development,1817710
24940,development,1818385
24941,final_holdout,1836241
24942,development,1837138
24943,development,1856869
24944,development,1866233
24945,development,1871598
24946,development,1871684
24947,final_holdout,1877902
24948,development,1879321
24949,development,1881231
24950,development,1887108
24951,development,1889752
24952,development,1944167
24953,development,1948159
24954,development,1961652
24955,development,1962049
24956,development,1962062
24957,final_holdout,1972092
24958,development,1995177
24959,development,1998834
24960,final_holdout,2017487
24961,development,2020628
24962,development,2026075
24963,development,2028523
24964,development,2029571
24965,development,2035700
24966,development,2036893
24967,development,2047575
24968,final_holdout,2065972
24969,development,2067799
24970,development,2081123
24971,development,2088982
24972,development,2096251
24973,development,2103552
24974,development,2104819
24975,development,2106955
24976,development,2107747
24977,development,2128283
24978,development,2138970
24979,development,2140300
24980,development,2143312
24981,development,2143440
24982,development,2154361
24983,development,2160316
24984,development,2161710
24985,development,2178837
24986,development,2180090
24987,development,2182293
24988,development,2185729
24989,development,2195853
24990,development,2197766
24991,final_holdout,2198970
24992,development,2223401
24993,development,2254637
24994,final_holdout,2256134
24995,final_holdout,2272023
24996,final_holdout,2274542
24997,development,2278101
24998,development,2282620
24999,development,2283708
25000,development,2293511
25001,development,2298106
25002,final_holdout,2298895
25003,development,2301830
25004,development,2306410
25005,development,2316717
25006,development,2332934
25007,development,2339267
25008,development,2341420
25009,development,2342045
25010,development,2343785
25011,development,2351969
25012,development,2360559
25013,development,2366656
25014,final_holdout,2378208
25015,development,2386732
25016,development,2395016
25017,final_holdout,2398260
25018,development,2399758
25019,development,2403701
25020,development,2417433
25021,final_holdout,2417975
25022,development,2424257
25023,development,2427845
25024,development,2438784
25025,development,2449490
25026,final_holdout,2457440
25027,development,2459292
25028,development,2470326
25029,development,2480886
25030,development,2482710
25031,development,2486930
25032,development,2499307
25033,development,2504129
25034,final_holdout,2505058
25035,development,2519138
25036,development,2529052
25037,development,2529419
25038,development,2530976
25039,final_holdout,2535160
25040,final_holdout,2537777
25041,final_holdout,2540871
25042,final_holdout,2542209
25043,final_holdout,2544643
25044,development,2544766
25045,development,2546315
25046,development,2550534
25047,development,2557008
25048,development,2558365
25049,development,2559144
25050,development,2563095
25051,final_holdout,2579891
25052,development,2584244
25053,development,2597117
25054,development,2599883
25055,development,2602542
25056,final_holdout,2603027
25057,development,2612102
25058,final_holdout,2622634
25059,final_holdout,2624028
25060,development,2630284
25061,development,2641156
25062,development,2642532
25063,development,2643472
25064,final_holdout,2643829
25065,final_holdout,2649948
25066,final_holdout,2657913
25067,development,2658856
25068,development,2667478
25069,final_holdout,2678580
25070,development,2681198
25071,development,2682682
25072,development,2682745
25073,development,2683857
25074,development,2686035
25075,development,2693932
25076,development,2694139
25077,development,2697921
25078,final_holdout,24391
25079,final_holdout,26023
25080,final_holdout,32239
25081,development,35001
25082,final_holdout,60405
25083,development,62975
25084,development,67182
25085,final_holdout,75442
25086,development,80448
25087,final_holdout,82341
25088,development,87929
25089,development,96117
25090,final_holdout,122459
25091,development,122636
25092,final_holdout,122846
25093,final_holdout,122928
25094,final_holdout,129212
25095,development,135331
25096,development,138710
25097,final_holdout,142990
25098,development,155256
25099,final_holdout,156127
25100,development,159484
25101,final_holdout,164922
25102,development,166183
25103,development,189664
25104,development,204745
25105,development,233153
25106,final_holdout,236848
25107,development,239095
25108,development,249965
25109,development,253208
25110,development,253567
25111,development,261718
25112,final_holdout,266626
25113,development,268391
25114,development,276830
25115,development,279747
25116,development,281619
25117,final_holdout,285705
25118,development,286160
25119,development,286762
25120,development,290658
25121,development,292136
25122,development,296993
25123,development,297990
25124,development,298186
25125,development,300508
25126,final_holdout,303165
25127,development,306610
25128,development,308634
25129,final_holdout,311158
25130,development,319331
25131,development,324095
25132,development,325909
25133,development,330177
25134,final_holdout,332715
25135,final_holdout,338446
25136,development,339727
25137,development,339853
25138,development,340486
25139,development,348579
25140,development,349360
25141,development,352382
25142,development,360683
25143,development,365192
25144,development,368245
25145,development,368969
25146,development,369378
25147,development,372691
25148,development,375600
25149,final_holdout,375882
25150,development,379113
25151,development,379844
25152,development,387550
25153,development,392215
25154,development,393451
25155,development,395954
25156,development,396145
25157,development,401139
25158,development,404325
25159,development,410573
25160,development,411105
25161,development,416355
25162,development,417220
25163,development,418032
25164,development,421999
25165,development,426736
25166,development,427321
25167,development,428301
25168,development,433165
25169,development,434478
25170,development,439677
25171,final_holdout,444943
25172,development,445086
25173,development,465724
25174,final_holdout,466900
25175,final_holdout,470340
25176,final_holdout,472911
25177,development,473271
25178,development,473924
25179,development,474067
25180,development,474272
25181,development,476921
25182,final_holdout,477165
25183,final_holdout,477468
25184,development,477650
25185,development,478556
25186,development,478784
25187,development,479442
25188,final_holdout,480959
25189,development,481404
25190,development,481772
25191,development,483123
25192,development,483158
25193,development,483959
25194,development,488853
25195,final_holdout,489222
25196,development,489624
25197,development,493763
25198,development,494212
25199,development,494291
25200,development,495276
25201,development,496224
25202,final_holdout,497074
25203,development,497190
25204,development,497278
25205,final_holdout,498702
25206,development,499006
25207,development,499446
25208,development,500112
25209,development,500720
25210,final_holdout,503663
25211,development,505503
25212,development,505754
25213,development,506679
25214,final_holdout,509034
25215,final_holdout,509277
25216,development,510533
25217,development,510737
25218,development,511571
25219,development,512258
25220,development,514699
25221,development,515496
25222,final_holdout,516434
25223,development,519091
25224,development,519185
25225,development,521164
25226,development,522561
25227,final_holdout,522731
25228,development,523419
25229,development,523803
25230,development,527742
25231,development,528515
25232,final_holdout,530826
25233,development,531224
25234,final_holdout,534251
25235,development,534647
25236,final_holdout,536647
25237,final_holdout,537181
25238,development,537662
25239,development,537670
25240,development,539436
25241,development,541252
25242,development,544615
25243,development,544898
25244,development,545313
25245,final_holdout,545785
25246,development,546097
25247,development,546192
25248,final_holdout,546457
25249,development,546754
25250,final_holdout,548190
25251,development,548388
25252,development,549887
25253,development,549909
25254,development,549973
25255,development,551389
25256,development,551545
25257,development,552750
25258,development,553643
25259,development,554967
25260,development,556509
25261,final_holdout,556520
25262,final_holdout,556523
25263,final_holdout,557031
25264,development,557085
25265,development,559919
25266,development,560328
25267,development,560374
25268,development,560653
25269,development,561148
25270,development,561163
25271,development,561884
25272,final_holdout,562696
25273,development,562913
25274,final_holdout,563612
25275,development,564609
25276,development,565002
25277,development,565222
25278,development,565525
25279,development,565640
25280,development,565892
25281,development,565993
25282,development,566183
25283,final_holdout,566923
25284,development,566963
25285,development,567009
25286,final_holdout,567211
25287,development,567325
25288,final_holdout,567831
25289,development,567987
25290,development,568118
25291,development,568288
25292,final_holdout,568539
25293,development,568973
25294,development,569253
25295,final_holdout,569490
25296,development,569511
25297,development,569595
25298,development,569679
25299,development,569974
25300,development,569984
25301,development,570141
25302,development,570529
25303,development,570801
25304,development,571334
25305,development,571359
25306,development,571380
25307,development,571458
25308,development,571577
25309,development,571696
25310,development,571768
25311,development,571787
25312,development,571883
25313,final_holdout,571896
25314,development,571952
25315,development,572335
25316,final_holdout,572388
25317,development,572663
25318,development,572714
25319,development,573134
25320,development,573294
25321,development,573331
25322,development,573460
25323,development,573464
25324,development,573510
25325,development,573554
25326,development,573666
25327,development,574238
25328,development,574351
25329,development,574504
25330,development,574512
25331,development,574606
25332,development,574642
25333,development,574857
25334,development,574948
25335,development,574957
25336,development,574960
25337,final_holdout,574988
25338,development,575000
25339,development,575061
25340,development,575080
25341,development,575136
25342,final_holdout,575214
25343,development,575355
25344,development,575454
25345,development,575488
25346,development,575554
25347,development,575559
25348,development,575691
25349,development,575720
25350,development,575984
25351,development,576141
25352,final_holdout,576143
25353,final_holdout,576371
25354,final_holdout,576425
25355,development,576445
25356,development,576447
25357,development,576455
25358,final_holdout,576488
25359,development,576593
25360,development,576654
25361,development,576761
25362,final_holdout,576948
25363,development,577439
25364,development,577456
25365,development,577471
25366,development,577780
25367,final_holdout,577820
25368,development,577827
25369,development,577888
25370,development,578140
25371,development,578207
25372,final_holdout,578375
25373,development,578378
25374,development,578555
25375,development,578666
25376,final_holdout,578781
25377,development,578940
25378,development,578941
25379,final_holdout,578977
25380,development,579015
25381,development,579020
25382,development,579086
25383,development,579164
25384,development,579201
25385,development,579203
25386,development,579309
25387,development,579381
25388,final_holdout,579528
25389,development,579572
25390,development,579661
25391,development,580095
25392,development,580469
25393,final_holdout,580669
25394,development,580860
25395,development,580870
25396,final_holdout,580925
25397,development,581003
25398,development,581062
25399,development,581063
25400,final_holdout,581118
25401,development,581178
25402,development,581200
25403,development,581239
25404,development,581414
25405,development,581485
25406,development,581510
25407,development,581652
25408,development,581806
25409,development,581889
25410,final_holdout,581956
25411,development,581965
25412,development,582005
25413,development,582039
25414,development,582226
25415,final_holdout,582250
25416,development,582309
25417,development,582420
25418,development,582460
25419,development,582486
25420,development,582536
25421,final_holdout,582568
25422,final_holdout,582649
25423,final_holdout,582697
25424,final_holdout,582709
25425,development,582710
25426,final_holdout,583031
25427,development,583146
25428,development,583423
25429,development,583502
25430,development,583532
25431,development,583607
25432,development,583623
25433,development,583625
25434,development,583664
25435,development,583721
25436,development,583730
25437,final_holdout,583827
25438,development,583973
25439,development,584143
25440,development,584195
25441,development,584299
25442,development,584442
25443,development,584448
25444,final_holdout,584500
25445,development,584509
25446,development,584512
25447,final_holdout,584710
25448,final_holdout,584712
25449,development,584733
25450,development,584827
25451,development,584836
25452,development,584844
25453,development,584850
25454,development,584908
25455,development,584942
25456,development,584969
25457,development,585025
25458,development,585041
25459,final_holdout,585058
25460,development,585114
25461,development,585141
25462,development,585145
25463,development,585147
25464,development,585156
25465,development,585199
25466,development,585201
25467,development,585236
25468,development,585297
25469,final_holdout,585445
25470,development,585457
25471,development,585518
25472,development,585577
25473,final_holdout,585608
25474,final_holdout,585613
25475,development,585668
25476,development,585702
25477,development,585768
25478,development,585801
25479,development,585841
25480,final_holdout,585847
25481,development,586083
25482,development,586120
25483,development,586158
25484,final_holdout,586196
25485,development,586287
25486,development,586324
25487,development,586337
25488,development,586367
25489,final_holdout,586370
25490,development,586423
25491,development,586493
25492,development,586502
25493,development,586524
25494,development,586563
25495,development,586598
25496,final_holdout,586639
25497,development,586660
25498,development,586689
25499,development,586787
25500,final_holdout,586814
25501,development,586818
25502,development,586914
25503,development,586981
25504,development,587004
25505,development,587150
25506,development,587161
25507,development,587183
25508,development,587275
25509,final_holdout,587283
25510,final_holdout,587330
25511,development,587362
25512,development,587374
25513,development,587478
25514,final_holdout,587506
25515,development,587509
25516,final_holdout,587523
25517,development,587529
25518,final_holdout,587555
25519,development,587852
25520,development,587975
25521,development,587997
25522,development,588008
25523,development,588014
25524,development,588078
25525,development,588105
25526,development,588106
25527,development,588133
25528,final_holdout,588138
25529,final_holdout,588233
25530,development,588289
25531,final_holdout,588314
25532,development,588363
25533,final_holdout,588367
25534,development,588382
25535,development,588391
25536,development,588411
25537,development,588469
25538,final_holdout,588505
25539,development,588522
25540,development,588528
25541,development,588781
25542,final_holdout,588944
25543,final_holdout,588963
25544,development,589048
25545,development,589126
25546,development,589147
25547,development,589198
25548,development,589377
25549,development,589395
25550,development,589493
25551,development,589507
25552,development,589558
25553,final_holdout,589690
25554,development,589691
25555,development,589702
25556,development,589734
25557,final_holdout,589744
25558,development,589748
25559,development,589845
25560,development,589914
25561,development,589919
25562,development,589927
25563,development,589990
25564,development,590028
25565,development,590034
25566,development,590046
25567,development,590147
25568,final_holdout,590213
25569,development,590215
25570,development,590248
25571,development,590251
25572,development,590353
25573,development,590540
25574,development,590590
25575,final_holdout,590593
25576,final_holdout,590662
25577,development,590711
25578,development,590764
25579,final_holdout,590835
25580,development,590836
25581,final_holdout,590864
25582,development,591179
25583,development,591198
25584,development,591216
25585,final_holdout,591225
25586,final_holdout,591243
25587,development,591255
25588,development,591321
25589,final_holdout,591409
25590,development,591549
25591,development,591588
25592,development,591602
25593,final_holdout,591671
25594,development,591804
25595,final_holdout,591814
25596,development,591819
25597,development,591837
25598,development,591849
25599,development,591859
25600,development,591873
25601,development,592043
25602,development,592056
25603,final_holdout,592059
25604,development,592127
25605,development,592245
25606,development,592248
25607,final_holdout,592272
25608,development,592287
25609,development,592361
25610,development,592444
25611,development,592448
25612,development,592451
25613,development,592660
25614,development,592737
25615,development,592880
25616,final_holdout,592882
25617,development,593010
25618,development,593013
25619,development,593017
25620,final_holdout,593127
25621,development,593246
25622,development,593431
25623,final_holdout,593438
25624,development,593540
25625,development,593546
25626,development,593569
25627,development,593734
25628,development,593793
25629,final_holdout,593819
25630,development,593840
25631,development,593842
25632,development,593858
25633,development,593954
25634,development,594185
25635,final_holdout,594188
25636,development,594196
25637,development,594450
25638,development,594554
25639,development,594625
25640,development,594727
25641,development,594745
25642,development,594771
25643,development,594816
25644,development,594834
25645,development,594901
25646,development,594910
25647,development,594943
25648,development,595185
25649,development,595256
25650,development,595305
25651,development,595335
25652,development,595365
25653,development,595434
25654,development,595440
25655,final_holdout,595474
25656,development,595496
25657,development,595501
25658,development,595535
25659,development,595686
25660,final_holdout,595908
25661,development,595927
25662,final_holdout,595977
25663,development,596071
25664,development,596075
25665,development,596089
25666,final_holdout,596091
25667,development,596143
25668,development,596208
25669,development,596214
25670,development,596221
25671,final_holdout,596255
25672,development,596301
25673,development,596358
25674,development,596376
25675,development,596527
25676,final_holdout,596618
25677,development,596636
25678,final_holdout,596694
25679,development,596697
25680,development,596801
25681,development,596819
25682,development,596824
25683,development,596943
25684,final_holdout,597045
25685,development,597058
25686,development,597060
25687,final_holdout,597097
25688,final_holdout,597114
25689,development,597152
25690,development,597212
25691,development,597253
25692,development,597289
25693,development,597299
25694,development,597333
25695,development,597360
25696,final_holdout,597515
25697,development,597597
25698,development,597617
25699,development,597669
25700,development,597936
25701,development,597941
25702,development,597971
25703,development,598107
25704,development,598139
25705,development,598176
25706,development,598178
25707,development,598226
25708,development,598327
25709,development,598406
25710,final_holdout,598420
25711,development,598421
25712,final_holdout,598546
25713,development,598667
25714,development,598717
25715,development,598731
25716,final_holdout,598762
25717,development,598788
25718,development,598824
25719,development,598840
25720,development,598921
25721,development,598923
25722,development,599000
25723,development,599009
25724,final_holdout,599080
25725,final_holdout,599267
25726,development,599278
25727,final_holdout,599306
25728,development,599385
25729,development,599410
25730,final_holdout,599448
25731,development,599499
25732,development,599503
25733,development,599529
25734,development,599553
25735,final_holdout,599804
25736,development,599815
25737,development,599853
25738,development,599963
25739,development,600032
25740,development,600081
25741,final_holdout,600097
25742,final_holdout,600202
25743,development,600266
25744,final_holdout,600277
25745,development,600305
25746,development,600315
25747,development,600320
25748,development,600325
25749,final_holdout,600461
25750,development,600471
25751,development,600514
25752,final_holdout,600566
25753,development,600606
25754,final_holdout,600645
25755,development,600733
25756,development,600895
25757,development,600906
25758,final_holdout,600908
25759,development,601123
25760,development,601125
25761,development,601126
25762,development,601132
25763,development,601199
25764,development,601239
25765,development,601275
25766,development,601276
25767,development,601319
25768,final_holdout,601360
25769,final_holdout,601414
25770,development,601464
25771,development,601465
25772,development,601511
25773,development,601529
25774,development,601534
25775,final_holdout,601546
25776,development,601576
25777,development,601581
25778,development,601605
25779,development,601645
25780,development,601854
25781,development,601892
25782,final_holdout,601914
25783,final_holdout,601939
25784,development,601963
25785,development,601983
25786,development,601997
25787,development,602023
25788,development,602026
25789,development,602072
25790,development,602168
25791,development,602175
25792,development,602401
25793,development,602470
25794,final_holdout,602531
25795,development,602573
25796,development,602604
25797,development,602607
25798,development,602711
25799,development,602768
25800,development,602780
25801,development,602820
25802,final_holdout,602997
25803,development,603044
25804,development,603058
25805,development,603164
25806,final_holdout,603230
25807,development,603328
25808,development,603365
25809,development,603573
25810,final_holdout,603579
25811,final_holdout,603585
25812,final_holdout,603685
25813,development,603740
25814,final_holdout,603763
25815,development,603827
25816,development,603913
25817,development,603918
25818,development,604064
25819,development,604096
25820,final_holdout,604110
25821,development,604153
25822,development,604213
25823,development,604336
25824,development,604423
25825,development,604471
25826,development,604498
25827,development,604534
25828,development,604536
25829,development,604539
25830,final_holdout,604588
25831,development,604721
25832,development,604930
25833,development,604980
25834,development,605027
25835,development,605072
25836,development,605156
25837,development,605225
25838,final_holdout,605301
25839,development,605306
25840,development,605325
25841,development,605521
25842,final_holdout,605692
25843,development,605733
25844,development,605861
25845,development,605901
25846,final_holdout,605920
25847,final_holdout,605977
25848,development,606028
25849,final_holdout,606052
25850,development,606233
25851,development,606245
25852,development,606391
25853,development,606409
25854,development,606418
25855,final_holdout,606435
25856,final_holdout,606463
25857,development,606471
25858,final_holdout,606497
25859,development,606570
25860,development,606574
25861,development,606815
25862,development,606864
25863,development,606869
25864,development,606895
25865,development,607018
25866,development,607163
25867,development,607256
25868,development,607293
25869,final_holdout,607337
25870,development,607443
25871,final_holdout,607483
25872,final_holdout,607507
25873,development,607510
25874,final_holdout,607514
25875,development,607548
25876,final_holdout,607754
25877,development,607797
25878,development,607798
25879,development,607827
25880,final_holdout,607849
25881,development,607912
25882,development,607957
25883,development,608114
25884,development,608115
25885,development,608195
25886,development,608306
25887,development,608318
25888,development,608672
25889,development,608693
25890,final_holdout,608714
25891,final_holdout,609330
25892,development,609399
25893,development,609403
25894,final_holdout,609535
25895,development,609538
25896,development,609557
25897,development,609761
25898,final_holdout,609837
25899,development,609900
25900,development,609912
25901,development,609979
25902,development,610012
25903,development,610016
25904,final_holdout,610057
25905,development,610347
25906,development,610380
25907,development,610405
25908,development,610530
25909,final_holdout,610557
25910,final_holdout,610569
25911,development,610573
25912,development,610597
25913,development,610738
25914,development,610739
25915,development,610749
25916,final_holdout,611058
25917,development,611138
25918,development,611177
25919,development,611215
25920,development,611218
25921,development,611241
25922,development,611331
25923,final_holdout,611580
25924,development,612986
25925,development,1319732
25926,development,1341096
25927,development,1347253
25928,development,1470552
25929,development,1498979
25930,development,1516666
25931,development,1537673
25932,development,1674804
25933,development,1678445
25934,development,1699264
25935,final_holdout,1720448
25936,development,1729833
25937,final_holdout,1756915
25938,development,1813731
25939,final_holdout,1828078
25940,development,1830666
25941,development,1873505
25942,development,1930019
25943,final_holdout,1932526
25944,final_holdout,1953764
25945,development,1969985
25946,development,1993905
25947,development,2002057
25948,development,2019921
25949,development,2035700
25950,development,2067146
25951,development,2152928
25952,development,2174129
25953,final_holdout,2180994
25954,development,2181700
25955,development,2246073
25956,development,2248072
25957,development,2248779
25958,development,2248789
25959,development,2254271
25960,development,2271264
25961,development,2280643
25962,final_holdout,2285156
25963,development,2312783
25964,development,2343354
25965,development,2349926
25966,development,2365602
25967,final_holdout,2369187
25968,development,2379431
25969,development,2386281
25970,final_holdout,2387566
25971,development,2394352
25972,development,2417702
25973,development,2420364
25974,development,2458203
25975,development,2462584
25976,development,2464917
25977,development,2477040
25978,development,2482885
25979,development,2498139
25980,development,2511859
25981,development,2516931
25982,development,2519972
25983,development,2540288
25984,development,2540450
25985,development,2542291
25986,final_holdout,2542342
25987,final_holdout,2555098
25988,development,2561971
25989,development,2591672
25990,development,2599817
25991,development,2621695
25992,development,2638532
25993,development,2643122
25994,development,2649341
25995,development,2653027
25996,final_holdout,2656100
25997,final_holdout,2670570
25998,development,2673510
25999,development,2674822
26000,development,2679386
26001,development,2679694
26002,development,24186
26003,final_holdout,29985
26004,development,31107
26005,development,41414
26006,development,49123
26007,development,64901
26008,development,81754
26009,final_holdout,96423
26010,final_holdout,109772
26011,development,112441
26012,development,116319
26013,development,118474
26014,development,119444
26015,development,120611
26016,development,122337
26017,development,124944
26018,development,131820
26019,development,133068
26020,development,134123
26021,development,139329
26022,development,145388
26023,development,146192
26024,final_holdout,152671
26025,development,159571
26026,development,160479
26027,final_holdout,160945
26028,final_holdout,164211
26029,final_holdout,164451
26030,development,165898
26031,development,184137
26032,development,198315
26033,development,203963
26034,development,204550
26035,development,204738
26036,development,233461
26037,development,245802
26038,development,254417
26039,development,261342
26040,development,278962
26041,development,279839
26042,development,282388
26043,development,282962
26044,development,283035
26045,development,285193
26046,development,285223
26047,development,285861
26048,final_holdout,299536
26049,development,301498
26050,development,304106
26051,development,305792
26052,development,324773
26053,development,344098
26054,development,345737
26055,development,345881
26056,development,350473
26057,final_holdout,359645
26058,development,365084
26059,development,366371
26060,development,366771
26061,final_holdout,372837
26062,development,374266
26063,development,380238
26064,final_holdout,380894
26065,final_holdout,383420
26066,development,384035
26067,development,385228
26068,development,387294
26069,development,391937
26070,final_holdout,393682
26071,final_holdout,394024
26072,final_holdout,398029
26073,development,406751
26074,development,411546
26075,development,414668
26076,development,414696
26077,development,415399
26078,development,415818
26079,development,417096
26080,final_holdout,425257
26081,final_holdout,426547
26082,development,441791
26083,development,442561
26084,development,442877
26085,development,442949
26086,development,443387
26087,development,447475
26088,development,469284
26089,development,472511
26090,development,480086
26091,development,480590
26092,development,481762
26093,development,482677
26094,development,483582
26095,development,485448
26096,final_holdout,486279
26097,development,487278
26098,final_holdout,488445
26099,development,491474
26100,development,492909
26101,development,495976
26102,development,496978
26103,development,497619
26104,development,501755
26105,development,502182
26106,development,502709
26107,development,502763
26108,development,503201
26109,development,506533
26110,development,507334
26111,final_holdout,508573
26112,development,508924
26113,development,510874
26114,development,511228
26115,development,511492
26116,development,515051
26117,development,518145
26118,development,518661
26119,development,519910
26120,development,521644
26121,development,523427
26122,development,532441
26123,development,532473
26124,development,533054
26125,development,538918
26126,development,541044
26127,development,541890
26128,development,542562
26129,development,543910
26130,development,545665
26131,final_holdout,547155
26132,development,548578
26133,development,549603
26134,development,550515
26135,development,550662
26136,development,550758
26137,development,551562
26138,final_holdout,552486
26139,development,552509
26140,development,556406
26141,development,556463
26142,final_holdout,561441
26143,development,562628
26144,development,563301
26145,development,566818
26146,development,568863
26147,development,569093
26148,development,571089
26149,final_holdout,573834
26150,development,575199
26151,development,575217
26152,final_holdout,575324
26153,development,575693
26154,development,575709
26155,development,576416
26156,development,577000
26157,development,577136
26158,development,577275
26159,development,577792
26160,development,578389
26161,final_holdout,578452
26162,development,578845
26163,development,579692
26164,final_holdout,582033
26165,development,582283
26166,development,583101
26167,development,583148
26168,development,583686
26169,development,583687
26170,development,586054
26171,development,586494
26172,development,587287
26173,development,587613
26174,development,588031
26175,development,588489
26176,development,588940
26177,development,589009
26178,development,589053
26179,development,589973
26180,development,590445
26181,development,590739
26182,development,590758
26183,development,591563
26184,final_holdout,592001
26185,development,592190
26186,development,593121
26187,development,593785
26188,development,593965
26189,final_holdout,594167
26190,development,594723
26191,development,594908
26192,final_holdout,595102
26193,development,595343
26194,development,595572
26195,development,596307
26196,development,596382
26197,development,596513
26198,development,596588
26199,final_holdout,596751
26200,development,597010
26201,development,597037
26202,development,598017
26203,development,598127
26204,final_holdout,598496
26205,development,598564
26206,final_holdout,599144
26207,final_holdout,599276
26208,final_holdout,599277
26209,development,599467
26210,development,599620
26211,final_holdout,600035
26212,development,600390
26213,development,600714
26214,development,601064
26215,development,602045
26216,development,602061
26217,development,602616
26218,development,602655
26219,development,602858
26220,development,603064
26221,development,603612
26222,final_holdout,603921
26223,development,604482
26224,development,604504
26225,development,604901
26226,final_holdout,605176
26227,development,605375
26228,development,605445
26229,development,605556
26230,development,605702
26231,development,605828
26232,development,606101
26233,development,606175
26234,development,606274
26235,development,606296
26236,development,606389
26237,final_holdout,606602
26238,development,606705
26239,development,606707
26240,development,606858
26241,development,607235
26242,development,607530
26243,development,607536
26244,development,607547
26245,development,607762
26246,development,608109
26247,development,608221
26248,development,608263
26249,development,608292
26250,development,608596
26251,final_holdout,608628
26252,final_holdout,608649
26253,development,608907
26254,development,609297
26255,development,609326
26256,development,609365
26257,development,609754
26258,development,610127
26259,development,610336
26260,final_holdout,610398
26261,development,610461
26262,development,610917
26263,development,610967
26264,development,611195
26265,development,611489
26266,development,611496
26267,development,611534
26268,development,611612
26269,development,611629
26270,development,611962
26271,development,612002
26272,development,612039
26273,development,612089
26274,final_holdout,612149
26275,development,612207
26276,development,612319
26277,development,612363
26278,development,612385
26279,development,612459
26280,development,612565
26281,development,612620
26282,final_holdout,612621
26283,development,612690
26284,final_holdout,612711
26285,development,612797
26286,development,612870
26287,final_holdout,612903
26288,development,612929
26289,development,613015
26290,development,613039
26291,development,613131
26292,development,613227
26293,development,613235
26294,development,613300
26295,development,613407
26296,development,613611
26297,development,613616
26298,final_holdout,613639
26299,final_holdout,613646
26300,development,613675
26301,development,613683
26302,development,613691
26303,development,613720
26304,development,613972
26305,final_holdout,613981
26306,development,613988
26307,development,613993
26308,development,614073
26309,development,614129
26310,development,614142
26311,development,614162
26312,development,614204
26313,development,614224
26314,development,614233
26315,development,614249
26316,development,614398
26317,final_holdout,614419
26318,development,614424
26319,final_holdout,614571
26320,development,614582
26321,development,614892
26322,development,614893
26323,development,615001
26324,final_holdout,615078
26325,development,615085
26326,final_holdout,615103
26327,final_holdout,615283
26328,development,615300
26329,development,615327
26330,development,615377
26331,development,615401
26332,final_holdout,615404
26333,development,615425
26334,development,616338
26335,final_holdout,616457
26336,development,616512
26337,development,616595
26338,development,616629
26339,final_holdout,616672
26340,development,616706
26341,development,616727
26342,final_holdout,616728
26343,development,616742
26344,development,616851
26345,development,616866
26346,development,617107
26347,development,617114
26348,development,617133
26349,development,617238
26350,development,617346
26351,development,617347
26352,development,617391
26353,development,617470
26354,final_holdout,617578
26355,development,617611
26356,development,617700
26357,development,617745
26358,development,617883
26359,development,617886
26360,development,617889
26361,development,617909
26362,development,618024
26363,development,618088
26364,development,618119
26365,development,618176
26366,development,618244
26367,final_holdout,618338
26368,final_holdout,618444
26369,development,618579
26370,development,618621
26371,final_holdout,618767
26372,development,618846
26373,final_holdout,618887
26374,development,618893
26375,development,619013
26376,development,619107
26377,final_holdout,619212
26378,final_holdout,619284
26379,development,619363
26380,development,619478
26381,development,619481
26382,final_holdout,619483
26383,development,619520
26384,development,619926
26385,final_holdout,619945
26386,development,619952
26387,development,620179
26388,development,620190
26389,final_holdout,620197
26390,final_holdout,620218
26391,final_holdout,620317
26392,development,620460
26393,development,620490
26394,development,620522
26395,development,620552
26396,development,620561
26397,development,620564
26398,development,620590
26399,development,620629
26400,development,620726
26401,development,620728
26402,development,620808
26403,development,620915
26404,development,620946
26405,development,620982
26406,final_holdout,621017
26407,development,621025
26408,development,621319
26409,final_holdout,621331
26410,development,621342
26411,development,621459
26412,development,621473
26413,development,621478
26414,development,621676
26415,development,621693
26416,development,621716
26417,final_holdout,621755
26418,development,621888
26419,development,621923
26420,development,622074
26421,development,622166
26422,development,622245
26423,development,622352
26424,final_holdout,622356
26425,development,622382
26426,development,622432
26427,final_holdout,622433
26428,development,622480
26429,development,622500
26430,development,622516
26431,development,622570
26432,development,622618
26433,development,622646
26434,development,622886
26435,development,623010
26436,development,623029
26437,development,623072
26438,development,623081
26439,development,623322
26440,development,623335
26441,final_holdout,623416
26442,development,623442
26443,final_holdout,623457
26444,development,623495
26445,development,623575
26446,development,623602
26447,development,623778
26448,final_holdout,623804
26449,development,623831
26450,development,623859
26451,development,623903
26452,development,623909
26453,development,623919
26454,final_holdout,623953
26455,development,623988
26456,development,624099
26457,development,624199
26458,final_holdout,624226
26459,development,624230
26460,development,624321
26461,development,624327
26462,final_holdout,624430
26463,development,624433
26464,development,624455
26465,final_holdout,624522
26466,development,624569
26467,development,624650
26468,final_holdout,624667
26469,development,624679
26470,final_holdout,624706
26471,final_holdout,624714
26472,final_holdout,624727
26473,development,624767
26474,final_holdout,624777
26475,development,624795
26476,development,624828
26477,development,624906
26478,development,624912
26479,final_holdout,624938
26480,development,625033
26481,development,625089
26482,development,625106
26483,development,625376
26484,development,625399
26485,development,625446
26486,development,625494
26487,final_holdout,625540
26488,final_holdout,625544
26489,development,625545
26490,final_holdout,625603
26491,development,625649
26492,development,625651
26493,development,625676
26494,development,625722
26495,final_holdout,625775
26496,development,625875
26497,development,625903
26498,development,625912
26499,development,625930
26500,development,626023
26501,development,626091
26502,development,626092
26503,development,626096
26504,development,626145
26505,development,626159
26506,development,626213
26507,development,626256
26508,development,626282
26509,development,626287
26510,development,626306
26511,final_holdout,626307
26512,development,626317
26513,development,626372
26514,development,626379
26515,development,626585
26516,final_holdout,626589
26517,final_holdout,626618
26518,development,626629
26519,development,626667
26520,development,626675
26521,development,626708
26522,development,626751
26523,development,626927
26524,final_holdout,626940
26525,development,626982
26526,development,627043
26527,development,627050
26528,development,627057
26529,development,627076
26530,development,627217
26531,development,627251
26532,development,627264
26533,development,627327
26534,development,627330
26535,development,627441
26536,development,627530
26537,development,627597
26538,final_holdout,627661
26539,development,627764
26540,development,627773
26541,development,627787
26542,development,627812
26543,development,627821
26544,development,627827
26545,final_holdout,627834
26546,final_holdout,627843
26547,final_holdout,627895
26548,development,627901
26549,development,627973
26550,development,628189
26551,development,628217
26552,development,628227
26553,development,628245
26554,development,628280
26555,final_holdout,628316
26556,development,628365
26557,development,628367
26558,development,628369
26559,development,628455
26560,development,628495
26561,development,628530
26562,development,628538
26563,development,628545
26564,development,628598
26565,development,628630
26566,final_holdout,628653
26567,development,628669
26568,development,628712
26569,development,628715
26570,development,628722
26571,development,628759
26572,development,628849
26573,development,628851
26574,development,628869
26575,development,628870
26576,development,628881
26577,development,628929
26578,development,628931
26579,development,629153
26580,final_holdout,629198
26581,final_holdout,629310
26582,development,629387
26583,development,629514
26584,final_holdout,629537
26585,development,629542
26586,development,629580
26587,development,629633
26588,development,629736
26589,development,629745
26590,development,629772
26591,development,629777
26592,development,629779
26593,development,629813
26594,development,629820
26595,development,629853
26596,final_holdout,629960
26597,development,629961
26598,development,629963
26599,development,629978
26600,final_holdout,629990
26601,development,630008
26602,development,630099
26603,development,630108
26604,development,630133
26605,development,630149
26606,final_holdout,630156
26607,final_holdout,630169
26608,development,630203
26609,final_holdout,630219
26610,development,630221
26611,development,630240
26612,development,630242
26613,development,630446
26614,development,630496
26615,final_holdout,630522
26616,development,630569
26617,development,630762
26618,development,630770
26619,development,630776
26620,development,630787
26621,development,630788
26622,development,630834
26623,development,630841
26624,development,630863
26625,development,630881
26626,development,630946
26627,final_holdout,631033
26628,development,631189
26629,development,631201
26630,development,631212
26631,development,631277
26632,development,631290
26633,development,631392
26634,development,631446
26635,development,631454
26636,development,631542
26637,development,631693
26638,development,631753
26639,development,631756
26640,development,631786
26641,development,631788
26642,development,631935
26643,development,631953
26644,final_holdout,631978
26645,development,631992
26646,final_holdout,632152
26647,development,632153
26648,development,632210
26649,development,632267
26650,development,632475
26651,development,632483
26652,development,632485
26653,development,632512
26654,development,632514
26655,development,632526
26656,development,632543
26657,development,632558
26658,development,632559
26659,development,632569
26660,development,632577
26661,development,632613
26662,development,632619
26663,final_holdout,632631
26664,development,632638
26665,development,632640
26666,development,632667
26667,development,632673
26668,development,632675
26669,development,632687
26670,development,632936
26671,development,632959
26672,final_holdout,632966
26673,development,632989
26674,development,633026
26675,development,633096
26676,development,633098
26677,development,633118
26678,final_holdout,633123
26679,development,633209
26680,development,633285
26681,development,633389
26682,development,633417
26683,development,633429
26684,final_holdout,633435
26685,development,633436
26686,development,633448
26687,development,633453
26688,development,633459
26689,development,633464
26690,final_holdout,633474
26691,development,633498
26692,development,633514
26693,development,633515
26694,development,633569
26695,development,633585
26696,final_holdout,633588
26697,development,633608
26698,development,633609
26699,development,633643
26700,final_holdout,633660
26701,development,633666
26702,final_holdout,633682
26703,development,633683
26704,final_holdout,633685
26705,development,633690
26706,final_holdout,633747
26707,development,633749
26708,development,633923
26709,development,633956
26710,development,633967
26711,development,633979
26712,development,634018
26713,development,634027
26714,development,634054
26715,development,634061
26716,development,634066
26717,development,634076
26718,development,634234
26719,development,634258
26720,development,634273
26721,development,634311
26722,development,634316
26723,development,634320
26724,development,634323
26725,final_holdout,634340
26726,development,634344
26727,development,634345
26728,development,634347
26729,development,634369
26730,development,634404
26731,development,634444
26732,final_holdout,634461
26733,development,634470
26734,development,634494
26735,development,634498
26736,final_holdout,634503
26737,final_holdout,634529
26738,development,634530
26739,development,634547
26740,development,634551
26741,final_holdout,634562
26742,development,634569
26743,final_holdout,634583
26744,development,634746
26745,development,634751
26746,development,634789
26747,development,634822
26748,final_holdout,634848
26749,development,634899
26750,development,634933
26751,development,634968
26752,development,634986
26753,development,635035
26754,development,635052
26755,development,635233
26756,final_holdout,635506
26757,development,635813
26758,development,635885
26759,development,1338955
26760,development,1413027
26761,development,1422737
26762,development,1860171
26763,development,1882021
26764,development,1897611
26765,development,1986312
26766,development,1994632
26767,development,2067555
26768,development,2081937
26769,development,2082945
26770,development,2135315
26771,development,2237813
26772,development,2252963
26773,development,2262510
26774,development,2264282
26775,development,2272474
26776,development,2322120
26777,final_holdout,2351589
26778,development,2392554
26779,development,2410140
26780,development,2445562
26781,final_holdout,2452045
26782,development,2477545
26783,development,2526485
26784,development,2533407
26785,development,2546763
26786,development,2563715
26787,final_holdout,2574822
26788,final_holdout,2574825
26789,development,2577437
26790,development,2619903
26791,development,2649914
26792,development,2658277
26793,final_holdout,2672138
26794,development,2677135
26795,development,2682002
26796,development,2689480
26797,development,2695362
26798,development,31205
26799,development,52702
26800,development,60162
26801,development,63949
26802,development,91041
26803,final_holdout,92103
26804,development,121182
26805,development,125407
26806,final_holdout,131314
26807,development,132932
26808,development,141827
26809,development,181251
26810,final_holdout,198167
26811,development,226879
26812,development,226890
26813,final_holdout,232480
26814,development,237921
26815,development,239751
26816,development,260951
26817,development,263341
26818,development,275136
26819,development,276893
26820,development,290854
26821,development,291937
26822,development,302145
26823,development,302522
26824,final_holdout,308807
26825,development,313925
26826,development,317399
26827,development,323940
26828,development,330682
26829,final_holdout,338113
26830,development,339645
26831,development,340242
26832,development,342466
26833,development,342946
26834,development,343655
26835,development,348837
26836,development,350944
26837,development,358341
26838,final_holdout,358966
26839,development,370129
26840,development,371402
26841,development,372141
26842,development,380599
26843,final_holdout,380668
26844,development,383608
26845,development,386180
26846,final_holdout,387446
26847,development,388259
26848,development,396532
26849,final_holdout,410043
26850,final_holdout,414633
26851,development,415307
26852,development,416700
26853,development,423093
26854,development,429004
26855,development,439170
26856,development,442987
26857,development,443765
26858,development,465567
26859,development,465952
26860,development,470187
26861,development,470900
26862,development,472049
26863,development,478886
26864,development,498564
26865,development,499187
26866,development,500915
26867,development,501888
26868,development,505216
26869,development,505762
26870,final_holdout,506205
26871,development,513166
26872,development,514648
26873,development,515345
26874,development,517263
26875,development,521631
26876,development,527039
26877,development,527538
26878,development,532862
26879,development,534672
26880,development,537115
26881,development,541774
26882,development,546286
26883,development,546724
26884,development,547334
26885,development,554580
26886,final_holdout,558486
26887,final_holdout,559366
26888,development,559766
26889,development,560643
26890,development,561419
26891,development,566512
26892,development,568852
26893,development,569374
26894,development,569672
26895,development,571583
26896,development,572471
26897,development,573054
26898,development,573320
26899,final_holdout,578797
26900,development,579125
26901,development,581957
26902,development,584099
26903,final_holdout,586371
26904,development,587909
26905,development,589562
26906,development,591755
26907,development,593658
26908,development,595041
26909,development,595941
26910,development,599282
26911,development,600320
26912,final_holdout,602360
26913,final_holdout,603585
26914,development,604061
26915,development,606856
26916,development,607342
26917,development,607387
26918,development,608536
26919,development,609257
26920,final_holdout,609427
26921,development,610302
26922,development,611967
26923,development,612235
26924,development,612429
26925,development,613027
26926,development,613059
26927,development,613728
26928,development,614798
26929,development,616704
26930,development,617962
26931,development,618253
26932,final_holdout,620239
26933,development,620826
26934,development,621485
26935,final_holdout,622118
26936,development,623178
26937,development,623475
26938,development,623588
26939,final_holdout,623812
26940,development,624563
26941,development,624767
26942,development,625241
26943,development,625411
26944,development,625530
26945,development,625835
26946,development,626005
26947,development,626384
26948,final_holdout,627481
26949,development,627809
26950,development,627812
26951,final_holdout,628172
26952,development,628299
26953,final_holdout,628569
26954,development,629258
26955,development,631446
26956,development,631723
26957,development,632161
26958,final_holdout,632266
26959,final_holdout,632365
26960,development,632368
26961,development,633060
26962,development,633093
26963,development,633424
26964,development,633561
26965,final_holdout,633818
26966,development,633987
26967,development,634019
26968,development,634785
26969,final_holdout,635279
26970,development,635334
26971,development,635703
26972,development,635719
26973,development,635779
26974,development,635972
26975,development,635988
26976,development,636018
26977,development,636282
26978,final_holdout,636283
26979,development,636323
26980,development,636458
26981,final_holdout,636464
26982,development,636554
26983,development,637067
26984,development,637203
26985,final_holdout,637206
26986,development,637246
26987,development,637280
26988,development,637468
26989,development,637476
26990,final_holdout,637496
26991,development,637621
26992,development,637722
26993,development,637993
26994,development,638007
26995,development,638092
26996,development,638228
26997,development,638503
26998,development,638699
26999,development,639181
27000,development,639251
27001,development,639461
27002,development,639995
27003,development,640505
27004,development,640654
27005,development,640835
27006,development,640995
27007,development,641073
27008,development,641112
27009,development,641134
27010,development,641434
27011,development,641452
27012,development,641504
27013,final_holdout,641535
27014,development,641766
27015,development,641940
27016,development,642181
27017,final_holdout,642196
27018,development,642528
27019,development,642561
27020,development,642590
27021,final_holdout,642694
27022,development,642821
27023,development,642851
27024,development,642879
27025,development,642883
27026,development,642900
27027,development,642905
27028,development,642949
27029,development,642953
27030,final_holdout,642968
27031,final_holdout,642989
27032,final_holdout,643191
27033,development,643206
27034,development,643323
27035,development,643406
27036,development,643525
27037,development,643529
27038,development,643619
27039,development,643659
27040,development,643672
27041,development,643712
27042,final_holdout,643970
27043,development,644061
27044,development,644105
27045,development,644144
27046,final_holdout,644160
27047,final_holdout,644188
27048,development,644191
27049,development,644226
27050,development,644252
27051,development,644301
27052,development,644384
27053,development,644441
27054,development,644470
27055,development,644743
27056,final_holdout,644904
27057,development,644990
27058,development,645157
27059,development,645231
27060,development,645232
27061,development,645326
27062,development,645377
27063,development,645598
27064,development,645607
27065,development,645730
27066,final_holdout,645801
27067,final_holdout,645876
27068,development,645928
27069,final_holdout,645969
27070,development,646131
27071,development,646152
27072,development,646169
27073,development,646342
27074,final_holdout,646367
27075,development,646401
27076,final_holdout,646430
27077,development,646432
27078,development,646470
27079,final_holdout,646508
27080,final_holdout,646572
27081,development,646576
27082,development,646685
27083,final_holdout,646729
27084,development,646801
27085,final_holdout,646821
27086,development,646857
27087,development,646881
27088,development,646891
27089,final_holdout,646905
27090,development,646953
27091,development,647054
27092,development,647067
27093,final_holdout,647102
27094,development,647345
27095,development,647442
27096,development,647654
27097,development,647758
27098,development,647761
27099,development,647850
27100,development,647893
27101,development,647986
27102,development,648023
27103,development,648049
27104,development,648083
27105,development,648100
27106,development,648110
27107,development,648115
27108,development,648117
27109,development,648158
27110,development,648178
27111,development,648207
27112,development,648257
27113,development,648274
27114,development,648279
27115,development,648380
27116,development,648445
27117,development,648498
27118,final_holdout,648522
27119,development,648528
27120,final_holdout,648750
27121,development,648983
27122,development,649095
27123,development,649113
27124,development,649153
27125,development,649194
27126,final_holdout,649206
27127,final_holdout,649300
27128,development,649867
27129,development,649909
27130,development,650023
27131,development,650263
27132,development,650268
27133,development,650316
27134,development,650388
27135,final_holdout,650503
27136,final_holdout,650630
27137,development,650652
27138,development,650656
27139,development,650662
27140,development,650698
27141,development,650751
27142,development,650901
27143,final_holdout,651210
27144,development,651259
27145,final_holdout,651281
27146,development,651319
27147,development,651436
27148,development,651624
27149,final_holdout,651628
27150,development,651660
27151,development,651730
27152,final_holdout,651740
27153,development,651748
27154,development,651943
27155,development,651954
27156,development,652112
27157,final_holdout,652281
27158,development,652414
27159,development,652435
27160,development,652462
27161,development,652539
27162,development,652574
27163,development,652578
27164,final_holdout,652968
27165,development,653157
27166,development,653249
27167,development,653252
27168,final_holdout,653292
27169,development,653374
27170,development,653435
27171,development,653495
27172,development,653561
27173,development,653601
27174,development,653806
27175,final_holdout,653824
27176,development,653867
27177,final_holdout,653943
27178,development,654062
27179,development,654064
27180,development,654237
27181,development,654321
27182,development,654369
27183,development,654681
27184,development,654821
27185,development,654914
27186,development,654916
27187,final_holdout,654945
27188,final_holdout,654965
27189,final_holdout,655065
27190,development,655201
27191,final_holdout,655376
27192,development,655556
27193,development,655625
27194,development,655954
27195,development,656014
27196,development,656053
27197,final_holdout,656111
27198,development,656438
27199,development,656506
27200,development,656543
27201,final_holdout,656637
27202,development,656756
27203,development,656936
27204,development,657045
27205,development,657093
27206,development,657231
27207,development,657327
27208,development,657351
27209,development,674340
27210,development,674359
27211,development,674467
27212,development,674471
27213,development,674481
27214,development,674563
27215,development,674568
27216,development,674640
27217,development,674660
27218,final_holdout,674710
27219,final_holdout,674766
27220,development,674890
27221,development,674927
27222,development,674939
27223,development,674983
27224,development,675242
27225,development,675247
27226,final_holdout,675264
27227,development,675578
27228,development,675629
27229,development,675811
27230,final_holdout,675848
27231,final_holdout,675879
27232,final_holdout,675880
27233,development,675888
27234,final_holdout,675891
27235,development,675924
27236,final_holdout,675949
27237,development,675996
27238,development,676034
27239,development,676071
27240,development,676387
27241,development,676690
27242,development,676739
27243,final_holdout,677022
27244,final_holdout,677025
27245,development,677066
27246,development,677150
27247,development,677184
27248,development,677216
27249,development,677278
27250,development,677356
27251,development,677433
27252,development,677463
27253,final_holdout,677491
27254,development,677551
27255,development,677928
27256,development,678004
27257,development,678009
27258,development,678241
27259,final_holdout,678255
27260,final_holdout,678261
27261,development,678313
27262,final_holdout,678432
27263,development,678612
27264,development,678618
27265,development,678714
27266,development,678762
27267,final_holdout,678774
27268,final_holdout,679127
27269,development,679258
27270,final_holdout,679275
27271,development,679327
27272,development,679332
27273,development,679373
27274,development,679409
27275,development,679769
27276,development,679840
27277,development,679921
27278,development,680063
27279,development,680176
27280,development,680261
27281,final_holdout,680340
27282,development,680345
27283,development,680354
27284,development,680427
27285,final_holdout,680484
27286,development,680569
27287,development,680850
27288,development,680966
27289,development,680988
27290,development,680992
27291,development,681065
27292,development,681107
27293,development,681154
27294,development,681168
27295,final_holdout,681195
27296,development,681268
27297,final_holdout,681383
27298,development,681421
27299,development,681447
27300,development,681532
27301,development,681696
27302,development,681751
27303,development,681791
27304,development,681876
27305,final_holdout,682001
27306,development,682100
27307,development,682123
27308,final_holdout,682307
27309,development,682321
27310,development,682413
27311,development,682440
27312,development,682481
27313,development,682543
27314,development,682625
27315,development,682891
27316,development,683005
27317,development,683188
27318,development,683256
27319,development,683299
27320,development,683336
27321,development,683423
27322,final_holdout,683633
27323,development,683696
27324,development,683841
27325,development,683974
27326,development,684116
27327,development,684146
27328,development,684169
27329,final_holdout,684341
27330,development,684393
27331,development,684427
27332,development,684456
27333,final_holdout,684733
27334,development,684802
27335,development,684811
27336,development,684903
27337,development,684987
27338,development,684995
27339,development,685028
27340,final_holdout,685272
27341,development,685282
27342,development,685285
27343,development,685338
27344,development,685436
27345,development,685447
27346,development,685535
27347,development,685545
27348,final_holdout,685575
27349,development,685627
27350,final_holdout,685676
27351,development,685923
27352,development,686028
27353,development,686112
27354,development,686194
27355,development,686207
27356,development,686267
27357,development,686309
27358,final_holdout,686373
27359,development,686598
27360,development,686650
27361,final_holdout,686668
27362,development,686918
27363,development,686921
27364,development,687028
27365,development,687082
27366,final_holdout,687302
27367,development,687523
27368,development,687534
27369,final_holdout,687586
27370,development,687620
27371,development,687626
27372,development,687653
27373,development,687722
27374,development,687780
27375,development,687821
27376,development,688038
27377,development,688050
27378,development,688199
27379,development,688379
27380,final_holdout,688388
27381,final_holdout,688401
27382,development,688658
27383,final_holdout,688663
27384,development,688811
27385,development,688819
27386,development,688822
27387,final_holdout,688856
27388,final_holdout,689065
27389,development,689335
27390,development,689371
27391,development,689433
27392,development,689485
27393,development,689503
27394,development,689554
27395,development,689594
27396,final_holdout,689636
27397,development,689711
27398,development,689754
27399,development,689838
27400,final_holdout,689839
27401,development,689878
27402,development,690029
27403,development,690038
27404,development,690044
27405,development,690057
27406,development,690065
27407,development,690471
27408,development,690556
27409,development,690579
27410,development,690895
27411,development,691127
27412,development,691229
27413,development,691281
27414,development,691371
27415,development,691501
27416,development,691519
27417,final_holdout,691556
27418,development,691577
27419,development,691787
27420,development,692018
27421,final_holdout,692171
27422,final_holdout,692206
27423,development,692256
27424,development,692320
27425,development,692828
27426,development,692972
27427,development,693046
27428,final_holdout,693053
27429,development,693273
27430,development,693364
27431,final_holdout,693387
27432,development,693421
27433,development,693616
27434,development,693763
27435,development,693788
27436,development,693843
27437,development,694009
27438,development,694070
27439,development,694082
27440,development,694292
27441,development,694359
27442,development,694416
27443,final_holdout,694470
27444,development,694723
27445,development,694729
27446,development,694782
27447,development,695143
27448,development,695509
27449,development,695655
27450,final_holdout,695877
27451,development,695913
27452,development,695951
27453,final_holdout,696157
27454,development,696514
27455,final_holdout,696706
27456,development,696708
27457,development,696710
27458,development,696711
27459,development,696712
27460,development,696713
27461,development,696876
27462,development,697314
27463,development,697325
27464,development,697328
27465,final_holdout,697456
27466,development,697492
27467,final_holdout,698019
27468,development,698065
27469,development,698163
27470,development,698460
27471,development,698548
27472,final_holdout,699461
27473,development,699628
27474,development,1405453
27475,development,1420575
27476,development,1689081
27477,development,1734156
27478,development,1777563
27479,development,1782236
27480,final_holdout,1827650
27481,development,1841303
27482,development,1890660
27483,final_holdout,1915795
27484,development,1917808
27485,development,1931810
27486,final_holdout,1950911
27487,development,1977701
27488,development,2004143
27489,final_holdout,2052942
27490,development,2053521
27491,development,2203216
27492,development,2214722
27493,development,2268380
27494,development,2270562
27495,development,2271766
27496,development,2282141
27497,development,2311714
27498,development,2338614
27499,development,2342238
27500,development,2357806
27501,development,2373245
27502,development,2378591
27503,final_holdout,2456431
27504,development,2475886
27505,development,2508153
27506,development,2533195
27507,final_holdout,2606765
27508,development,2608143
27509,development,2620947
27510,development,2640965
27511,development,2645731
27512,development,2648187
27513,development,2679821
27514,development,2684003
